regiao,faixa_etaria,taxa,RMSE_LC,RMSE_LM,MAE_LC,MAE_LM,MAPE_LC,MAPE_LM
Brasil,0,Homens,0.0039699565083280396,0.0022470797735955413,0.0019905159710643856,0.0011962310359466596,13.932124277795962,8.081628948155608
Brasil,1-4,Homens,1.5927229202130152e-4,1.016183839954758e-4,7.860839137564891e-5,5.4128222372556994e-5,14.585868658749446,9.731569024878064
Brasil,5-9,Homens,6.0115741946189135e-5,3.9878785457893395e-5,3.5039767722087963e-5,2.3064851681819726e-5,14.11357111425246,9.041729744142902
Brasil,10-14,Homens,6.282521394123597e-5,4.3466719286818035e-5,4.0257745217655316e-5,2.842617093820396e-5,11.248676845488502,7.769100253785643
Brasil,15-19,Homens,2.2373895939651285e-4,2.0893886833830215e-4,1.6367520942585866e-4,0.00015387684725123301,9.08401912162532,8.546248577862231
Brasil,20-24,Homens,1.5902321562565099e-4,1.3290778342987987e-4,1.2730082714989066e-4,1.0989825814528387e-4,4.668533934690784,4.041150287620704
Brasil,25-29,Homens,1.4059061322945073e-4,7.89454058507642e-5,9.98849858872941e-5,6.110240173517345e-5,3.707008032737903,2.2575311221888956
Brasil,30-34,Homens,1.506640170390426e-4,5.810356147599845e-5,1.0249472746533702e-4,4.729152581272024e-5,3.531362133965458,1.6206355305224234
Brasil,35-39,Homens,1.6253933477443323e-4,5.929555270849857e-5,1.1185878146042062e-4,4.832557417619647e-5,3.3306295103224017,1.42017902269086
Brasil,40-44,Homens,1.8248608085449865e-4,1.0459512156690366e-4,1.376441900901508e-4,8.553598884517211e-5,3.10980230110189,1.882883636104968
Brasil,45-49,Homens,1.9768118992783158e-4,1.79902538907978e-4,1.4896904783082216e-4,1.0328138858418192e-4,2.499094939330533,1.5860349084380478
Brasil,50-54,Homens,2.2147766327742006e-4,2.9149001373783323e-4,1.738658670871282e-4,1.7793315911161976e-4,2.0181165342528202,1.934047524004091
Brasil,55-59,Homens,2.5657505923640093e-4,4.6307632264508094e-4,1.646370339395528e-4,2.0891166992972844e-4,1.2888925185883786,1.5735949321422078
Brasil,60-64,Homens,3.4183375564564566e-4,6.123615078568853e-4,2.833606606056015e-4,3.88557973558683e-4,1.5782952556216034,2.062505909690941
Brasil,65-69,Homens,4.016098026971339e-4,9.00165242877674e-4,3.172604302332526e-4,5.391014855299667e-4,1.230315179656659,2.012147040874104
Brasil,70-74,Homens,2.4168541293925042e-4,0.0010160045556410013,1.7219712295209102e-4,6.082073003992154e-4,0.4499315403562175,1.6025951246888117
Brasil,75-79,Homens,5.551212449311409e-4,0.0011332992925414407,4.39120505765651e-4,8.605219241593614e-4,0.7313037028276438,1.4729258258267537
Brasil,80-84,Homens,0.0011282980220326923,0.001830885150682197,9.189567266704451e-4,0.0015414898444801647,1.001614279606784,1.7161024141220158
Brasil,85-89,Homens,0.0031471636032442112,0.003942362578441215,0.0023023342192383714,0.002777421400158802,1.6167735585067324,1.949742819632265
Brasil,90+,Homens,0.017513824704774313,0.015170015982349927,0.011761857554529154,0.010139744645919253,5.189476254115562,4.475884832660383
Norte,0,Homens,0.0069355279182815276,0.0034570823323426653,0.003823473560618485,0.001859479252223347,20.369039339453668,9.618790111068423
Norte,1-4,Homens,2.6879908073712116e-4,1.5340138498232115e-4,1.4870974160139446e-4,8.412760539133182e-5,17.339863553524104,9.588846132028541
Norte,5-9,Homens,1.1380922276556609e-4,6.647881845621953e-5,6.827556306510281e-5,3.943410850877116e-5,19.160819308888893,10.888990926586164
Norte,10-14,Homens,8.218629751413972e-5,4.834754329345855e-5,4.847362984043945e-5,2.750921440151854e-5,10.636005295345715,5.95887148184965
Norte,15-19,Homens,1.7257488017923087e-4,1.8263209590959614e-4,1.2069568714442583e-4,1.3107293330904594e-4,6.11671905331802,6.617610658256143
Norte,20-24,Homens,1.7156088974154784e-4,1.7857411890880606e-4,1.324026753878365e-4,1.4243838607754346e-4,4.1517418849305745,4.450898852976859
Norte,25-29,Homens,1.1745617378036382e-4,1.126878694002646e-4,8.596614719911826e-5,8.306733899252063e-5,2.6730109655119056,2.582202531031437
Norte,30-34,Homens,1.5456127274817626e-4,9.886825748363516e-5,1.1889714119809606e-4,8.074422318819035e-5,3.5601743991640107,2.415570199018937
Norte,35-39,Homens,2.4977670787904667e-4,9.825983440877976e-5,1.6605482799215667e-4,7.432673667734027e-5,4.556044840109988,2.02365082785369
Norte,40-44,Homens,3.682053399526618e-4,1.1443779689226127e-4,2.349721071006485e-4,8.796968699322978e-5,5.28731078374706,1.9734682286794105
Norte,45-49,Homens,4.2945662146723037e-4,1.4036556212503086e-4,2.8471253614175497e-4,1.158676657029095e-4,4.965903163677853,2.0325691906115653
Norte,50-54,Homens,4.0258502797919926e-4,2.6998280666276744e-4,2.494253030370051e-4,1.2406607169703493e-4,3.245875076728957,1.4016503010435004
Norte,55-59,Homens,3.7278885392602796e-4,3.65408033084999e-4,2.9547909720480575e-4,1.91143898254952e-4,2.619207175977607,1.534620427018478
Norte,60-64,Homens,4.5289231835568056e-4,6.849675451077243e-4,4.12579430313548e-4,4.0938067469666934e-4,2.49081692583185,2.2716240922718787
Norte,65-69,Homens,4.6943689142647864e-4,0.001366394109923588,3.659745089166381e-4,7.453445911691356e-4,1.4597308681151284,2.7056475527446535
Norte,70-74,Homens,4.46226042304403e-4,0.001753479166046808,3.1808541657916907e-4,0.0010153188963829502,0.8936689653001586,2.682735208641319
Norte,75-79,Homens,8.127588729352483e-4,0.0025800802769060005,6.145196486836698e-4,0.0017468996034178084,1.0365042026180689,2.96697737271003
Norte,80-84,Homens,0.0024325825387181035,0.004368063974040019,0.0016406495117263949,0.002885097683722729,1.7769121855905539,3.159875419626384
Norte,85-89,Homens,0.0073323461535405475,0.008065449807213998,0.004431888148815469,0.00484144072714723,3.1027225430951852,3.387711347505891
Norte,90+,Homens,0.027529739375978593,0.02336510159939381,0.016208286873409607,0.01305666412035371,7.007528001987941,5.605793839046952
Nordeste,0,Homens,0.008380567557981453,0.003408975716704215,0.005792031592688341,0.0022114396207554747,30.902493823006346,12.316035476876467
Nordeste,1-4,Homens,3.1578699906518434e-4,1.4833801754544524e-4,2.0545959187014942e-4,9.673686585407792e-5,32.35473887699876,15.50324074866861
Nordeste,5-9,Homens,9.592394479876094e-5,5.286268437440633e-5,7.139223217564385e-5,3.750187070092007e-5,22.956578599236252,11.933460533556186
Nordeste,10-14,Homens,7.998248673513369e-5,4.809570386663508e-5,6.104281683892217e-5,3.565955379188825e-5,14.046491624255095,8.20980689091089
Nordeste,15-19,Homens,3.090617303215219e-4,3.2424640154628416e-4,2.2566976413789766e-4,2.2111343963401698e-4,10.209234166290376,9.705141387970517
Nordeste,20-24,Homens,2.999127277747717e-4,2.8325990299726524e-4,2.2145780997300356e-4,2.168824990855251e-4,6.670202950078659,6.439592356268994
Nordeste,25-29,Homens,1.5010181472442318e-4,1.5074466378840057e-4,1.0635780999086156e-4,1.0668576382969272e-4,3.1879208685606746,3.1966100533609167
Nordeste,30-34,Homens,1.674805159967331e-4,9.853521525251627e-5,1.3904645943336853e-4,8.185927273648572e-5,3.9230937312574268,2.340078579485471
Nordeste,35-39,Homens,2.500229014677304e-4,1.115837342512395e-4,2.0234765531367685e-4,9.09366012766183e-5,5.028417264120414,2.302507962012462
Nordeste,40-44,Homens,2.734924825251788e-4,1.1715735494438198e-4,2.2078847755385462e-4,9.37004903745563e-5,4.3997327306305705,1.8883311492609238
Nordeste,45-49,Homens,3.093879560834234e-4,1.3691497199105107e-4,2.4221913847045248e-4,8.25637272111406e-5,3.708912679263144,1.2691328425136235
Nordeste,50-54,Homens,3.349333957310355e-4,2.5154123730288766e-4,2.7551200089289535e-4,1.6198401465165923e-4,3.1181248271165463,1.8196746638330905
Nordeste,55-59,Homens,3.1689360457238e-4,3.5162313282882185e-4,2.614925241130955e-4,2.052441224203459e-4,2.184650156890611,1.6796728913912682
Nordeste,60-64,Homens,2.9130859081183256e-4,5.650298779117335e-4,2.111019540688271e-4,4.1759416696172746e-4,1.2665540647420255,2.366386758783826
Nordeste,65-69,Homens,4.645685819647701e-4,9.01813872663567e-4,3.743021144853598e-4,6.355968364810614e-4,1.5588953519808704,2.5783737605411865
Nordeste,70-74,Homens,3.3776267093334027e-4,0.001190839387452254,2.3616143534124388e-4,8.596208909239068e-4,0.6747768553187715,2.448939224218523
Nordeste,75-79,Homens,7.186089100518996e-4,0.0013414253526450404,6.062704255514221e-4,0.0011037546213333532,1.0989394710767602,1.9982795150659567
Nordeste,80-84,Homens,0.0014703023311650526,0.0021870353126900543,0.0012339853290181748,0.0016053790895110085,1.4536820840111095,1.8940311184655254
Nordeste,85-89,Homens,0.006013009299189806,0.006333871511719057,0.005068153890254008,0.00525726480645424,3.784383793546569,3.923406694242568
Nordeste,90+,Homens,0.022764745222195484,0.019544384448353904,0.016929994968116903,0.014195177372898127,7.980427397193786,6.682252323152685
Sudeste,0,Homens,0.0019548603279764543,0.0013095008549810158,0.0010422501750067474,6.662949590356928e-4,8.021519059570108,5.123939418616006
Sudeste,1-4,Homens,8.631403838897833e-5,6.591207474640773e-5,4.633797072778324e-5,3.680767855716503e-5,9.977936838018236,7.860238034306984
Sudeste,5-9,Homens,4.190966280243305e-5,3.226603715366474e-5,2.3757766682862856e-5,2.0290321359283826e-5,11.779046983599152,9.608505905428308
Sudeste,10-14,Homens,5.4678677209045765e-5,4.099491024903696e-5,3.210805550660937e-5,2.5035263234641722e-5,10.859896981479807,8.254367360406441
Sudeste,15-19,Homens,2.938222484661327e-4,2.3220897073527406e-4,2.023132245026421e-4,1.645731122653145e-4,13.772318644303732,11.191815629010414
Sudeste,20-24,Homens,2.684202030361818e-4,1.7676303612884484e-4,1.8480813080760296e-4,1.2474189824634248e-4,8.037386692935474,5.351443582487776
Sudeste,25-29,Homens,2.2844798957397152e-4,1.2814598511460363e-4,1.5127967086493417e-4,9.055867545516669e-5,6.426213024606319,3.7851878022428225
Sudeste,30-34,Homens,2.1265353994370301e-4,1.0067781979818379e-4,1.3764792482334824e-4,6.697911995464963e-5,5.199445512678427,2.4805723665938144
Sudeste,35-39,Homens,1.8165383116925982e-4,5.3288867145424e-5,1.1923620678012084e-4,3.428256015404617e-5,3.8028281661790966,1.1430177528268148
Sudeste,40-44,Homens,1.9074515616532048e-4,9.546124836915261e-5,1.2432487997483785e-4,8.906870959746723e-5,2.9658445080362124,2.034146160686828
Sudeste,45-49,Homens,1.8102814788898552e-4,1.7684426394642857e-4,1.29938770329715e-4,1.1029966090362433e-4,2.2548344119943318,1.6709689456602783
Sudeste,50-54,Homens,2.196172718074764e-4,2.9878575407259054e-4,1.6554434802231043e-4,2.1195140138583022e-4,1.895046817080304,2.258375680911102
Sudeste,55-59,Homens,3.428787318965307e-4,5.31184919673955e-4,2.23767958051095e-4,2.5845335696425537e-4,1.6487814791548303,1.8675039367522528
Sudeste,60-64,Homens,4.8724436926007e-4,6.89113834915658e-4,3.9793814827178837e-4,4.101703591526365e-4,2.07494676023375,2.0930779804721347
Sudeste,65-69,Homens,5.693736285218213e-4,9.926576259458948e-4,4.1245004422500573e-4,5.623559436338999e-4,1.490794929685986,2.0114452335477653
Sudeste,70-74,Homens,5.435316877599887e-4,0.0010995376537697196,3.488588693821692e-4,6.203269542511625e-4,0.8511764127059099,1.554892258574792
Sudeste,75-79,Homens,4.646838971697771e-4,0.0011426930225361999,3.990915578146277e-4,9.307945322500769e-4,0.6542252227231539,1.5473893604407105
Sudeste,80-84,Homens,0.001262846103323037,0.001660224488210714,9.753106634892902e-4,0.001417727154896669,1.0223041544121747,1.5404682688847606
Sudeste,85-89,Homens,0.002667397735070225,0.0036854252046636896,0.002211364625792861,0.0029987320791709433,1.537294644843817,2.0865914438631337
Sudeste,90+,Homens,0.014697017386065407,0.013069370226083586,0.01007786651901704,0.00884242048858374,4.39107921059109,3.8487355805169923
Sul,0,Homens,0.0016513657042015464,0.0014195218438308533,9.907663825400412e-4,8.893669147938291e-4,8.158429891848966,7.171397895755473
Sul,1-4,Homens,7.831982832681684e-5,6.792274375337442e-5,4.7994013259417044e-5,4.478870531578102e-5,10.062236893084933,9.233943984442346
Sul,5-9,Homens,3.9619043801396505e-5,3.384267356589037e-5,1.9310213898438834e-5,1.6790906259997148e-5,9.247517595960227,8.01729849530769
Sul,10-14,Homens,5.945355153142799e-5,5.1517783641033535e-5,3.8851339414835265e-5,3.345085964866525e-5,12.6652202453997,10.760634053844614
Sul,15-19,Homens,2.2002935121810037e-4,2.11578107799667e-4,1.9749612271048665e-4,1.909256165545266e-4,13.352488094207118,12.911921671040046
Sul,20-24,Homens,1.6635958749496369e-4,1.6169799847139837e-4,1.4815101532575725e-4,1.426186618940616e-4,6.564873926216469,6.32856308010047
Sul,25-29,Homens,1.0366598731498585e-4,9.379674787075393e-5,8.98728494378894e-5,8.012791829117545e-5,3.9065039161020514,3.467616661192139
Sul,30-34,Homens,9.00115083490419e-5,8.647695363696336e-5,7.896293121385784e-5,7.244957971852359e-5,3.175873329445219,2.867930254648056
Sul,35-39,Homens,8.979607743271514e-5,9.298600238081878e-5,7.744915133523996e-5,7.14391261520157e-5,2.54682011538657,2.2894597847981104
Sul,40-44,Homens,1.3636857716924119e-4,1.5398008361169123e-4,9.329136911103487e-5,8.538873020089036e-5,2.3044293190192264,2.034653763572759
Sul,45-49,Homens,2.3578440435273633e-4,2.739578023114191e-4,1.3375073658919594e-4,1.335170225190584e-4,2.2513391952872355,2.1792101453014823
Sul,50-54,Homens,2.7572344627002583e-4,3.3465222758442104e-4,1.5503793224340445e-4,1.7920350003297007e-4,1.7805465962074132,2.0238775578422796
Sul,55-59,Homens,4.1686283174049564e-4,5.122642212101799e-4,2.658524211241592e-4,3.005653507228957e-4,2.059420595947863,2.292102329370451
Sul,60-64,Homens,6.379317426138009e-4,6.818494035620555e-4,5.479694155218722e-4,5.702479982593544e-4,3.0248853194724656,3.076410619467963
Sul,65-69,Homens,6.74164234372063e-4,6.573437544387764e-4,5.692413358357762e-4,5.577160116935816e-4,2.131072526786223,2.072554326890511
Sul,70-74,Homens,5.698689987646994e-4,4.3851449232277227e-4,4.051185704042404e-4,3.5684983637192914e-4,0.9882352409273456,0.8862219077126374
Sul,75-79,Homens,8.036710233330273e-4,6.256843945812815e-4,4.2958119715019293e-4,4.7705555589206295e-4,0.682189114342096,0.8013167343530254
Sul,80-84,Homens,0.0014517794489025018,0.0013176943403556997,9.275510753801123e-4,8.809330107351215e-4,0.9367366351812746,0.9025759741080103
Sul,85-89,Homens,0.0026801678098768763,0.0031268669810701677,0.0021363211350704306,0.0023628768485551856,1.4159857398871893,1.564925039175757
Sul,90+,Homens,0.013239806971558176,0.012414078783078318,0.008174766410461774,0.007695991051860913,3.4225862322395066,3.225449519450549
Centro-Oeste,0,Homens,0.00455129947510481,0.0025981733612224487,0.0024384980588942145,0.0015559583110610108,16.541610353190354,10.24940415494072
Centro-Oeste,1-4,Homens,1.5883507408381812e-4,1.0456228622319125e-4,8.656666013206424e-5,5.9270646731974574e-5,14.604411242540458,9.725400559595997
Centro-Oeste,5-9,Homens,7.696513953591675e-5,4.784885548581725e-5,4.0093505156274365e-5,2.4126346259021515e-5,14.75322627761261,8.765905804480857
Centro-Oeste,10-14,Homens,8.250145686233896e-5,5.412885460066873e-5,4.804749850177192e-5,3.069721229771837e-5,12.771260529950068,8.052455626374849
Centro-Oeste,15-19,Homens,2.953500969980861e-4,2.6983012301325755e-4,2.2860032095575148e-4,2.1353679416610165e-4,12.530084607435626,11.708003234924004
Centro-Oeste,20-24,Homens,2.868286431866769e-4,2.4324633311804717e-4,2.2600359432480992e-4,2.0120305207191644e-4,8.263915432262872,7.34960156548683
Centro-Oeste,25-29,Homens,2.2264521858029446e-4,1.4893309071255673e-4,1.410669503444103e-4,1.0289380054892527e-4,5.195705440212772,3.7530872478999298
Centro-Oeste,30-34,Homens,2.501511052261412e-4,1.220488888145609e-4,1.7166196970196668e-4,9.957301925064377e-5,5.702257443872356,3.3015637340582646
Centro-Oeste,35-39,Homens,2.1552695161822358e-4,8.482555270727084e-5,1.2983091105070148e-4,5.0063933633091104e-5,3.8620951027658417,1.4137295813925477
Centro-Oeste,40-44,Homens,2.322725942694233e-4,1.2435374373264714e-4,1.6404607311228594e-4,8.04363386320064e-5,3.7381960869779816,1.7054923480611761
Centro-Oeste,45-49,Homens,2.819363737793238e-4,1.9864043411832975e-4,1.9566047376777334e-4,8.80439005581754e-5,3.2871468920942086,1.2766951936683557
Centro-Oeste,50-54,Homens,2.987025571647888e-4,3.9816614087573104e-4,2.1804217772427616e-4,1.8490730907561533e-4,2.6387447728948863,1.9250435968030246
Centro-Oeste,55-59,Homens,3.0091545918968835e-4,5.234531733673496e-4,2.263698436761882e-4,2.3992128304343974e-4,1.9461669452478274,1.7896273916729075
Centro-Oeste,60-64,Homens,4.24297098344999e-4,6.622708563364974e-4,3.56131554686285e-4,4.209930990927993e-4,2.091865051898206,2.3166581332238785
Centro-Oeste,65-69,Homens,4.321455619757533e-4,9.038614258965337e-4,3.611627525178602e-4,5.505061827820317e-4,1.4285269266350533,2.0240162092259704
Centro-Oeste,70-74,Homens,2.4260727732992017e-4,0.00119080484521022,1.9638007275112288e-4,6.776136291481286e-4,0.5631545084153187,1.8140022903773831
Centro-Oeste,75-79,Homens,6.529801253739017e-4,0.0015275451701574293,5.399810252208473e-4,0.001030004459191384,0.9466135115292021,1.790316261283716
Centro-Oeste,80-84,Homens,0.002007419525913547,0.0030503003805114884,0.0015930802039012808,0.002212284790907447,1.7848248012059833,2.4806559710467306
Centro-Oeste,85-89,Homens,0.007336266372977735,0.007351436049061447,0.005096649129409388,0.005104803235480715,3.6396161190593634,3.6453405078655967
Centro-Oeste,90+,Homens,0.022519575036130134,0.018239825375069414,0.013781809572836182,0.01061010925548412,6.212333943490506,4.778368595569896
Rondônia,0,Homens,0.006330115141928494,0.003697941373682604,0.0033847383668897287,0.002131070087009136,18.75433331586084,11.387633539296568
Rondônia,1-4,Homens,2.1529235806977393e-4,1.4350555833740814e-4,1.1726029920707468e-4,8.641131824977566e-5,17.31261752209175,12.229348969263064
Rondônia,5-9,Homens,1.1359307756666573e-4,9.001539884083532e-5,7.084887373003035e-5,5.824337618662409e-5,28.63998973962109,23.083634789587386
Rondônia,10-14,Homens,1.1074168450035805e-4,7.668522137150917e-5,5.926052371159316e-5,4.861220999841814e-5,13.681543156053507,10.663924073381356
Rondônia,15-19,Homens,2.2360874165372116e-4,1.849417799208268e-4,1.5603388120864886e-4,1.348281824779891e-4,8.851011915269149,7.498356387770645
Rondônia,20-24,Homens,3.45087113908587e-4,2.0697963009581993e-4,2.273579625406985e-4,1.4615192070822563e-4,7.954434298320131,4.991057579995753
Rondônia,25-29,Homens,3.575112986789595e-4,2.1753574967256587e-4,2.393003790756785e-4,1.7710359294575653e-4,7.5230176596016465,5.631271626004422
Rondônia,30-34,Homens,3.6084369551525223e-4,1.9725755901918934e-4,2.4703178829284033e-4,1.4774832398770633e-4,7.064869112587637,4.190612882265783
Rondônia,35-39,Homens,2.937816140368796e-4,0.00019561742971044266,2.3968312342801792e-4,1.6096704589799404e-4,5.9581731590876,3.970883939216188
Rondônia,40-44,Homens,2.7651840742079714e-4,2.125759397372965e-4,2.159459046199936e-4,1.59009514388092e-4,4.332477857255695,3.088575176917826
Rondônia,45-49,Homens,3.295854313664041e-4,3.671389980699667e-4,2.6026993674296763e-4,2.5417972362638824e-4,4.273938111772675,3.7992719678337887
Rondônia,50-54,Homens,4.8701191781316843e-4,7.21418352406892e-4,3.0575109725866975e-4,3.8807664242167126e-4,3.3019309198373743,4.067513777656256
Rondônia,55-59,Homens,6.171178606836175e-4,8.592457700261076e-4,4.4324724099575706e-4,4.4295020966082376e-4,3.5105517147456284,3.3570832296103346
Rondônia,60-64,Homens,7.316123613349437e-4,0.0010401258387742129,6.431937865532976e-4,5.820135828693446e-4,3.569173817253611,3.0538970139284816
Rondônia,65-69,Homens,0.0011161042866344483,0.0016949606640713545,7.940594208223571e-4,9.327306609256514e-4,2.9313590217532135,3.2285413321204546
Rondônia,70-74,Homens,6.531235335141711e-4,0.0017020941062264403,5.862127417076874e-4,0.001253295207834975,1.558975747821599,3.2141133095660948
Rondônia,75-79,Homens,9.978218947700817e-4,0.0022394183779364937,8.176903424249744e-4,0.0017868258415355822,1.3987637914409374,2.9974177309205423
Rondônia,80-84,Homens,0.0019070547791018569,0.0033399056309088232,0.0015550704532257924,0.0026791988863675963,1.670455000814342,2.8940370895823557
Rondônia,85-89,Homens,0.0054779733426667645,0.006283916507563272,0.004488590957279246,0.004931114824921301,3.177836993285582,3.4843086199048696
Rondônia,90+,Homens,0.018023588704902522,0.01617527442197167,0.011843865506377982,0.010429224703374552,5.5962401238025965,4.928871723748906
Acre,0,Homens,0.007550272543807292,0.003963221659322886,0.00413171177713208,0.0027614154015754753,18.18122291201668,11.977006099664084
Acre,1-4,Homens,2.0059037973313779e-4,1.4033352965219575e-4,1.380780691223718e-4,1.099553483394975e-4,15.235980353343864,11.981845982845025
Acre,5-9,Homens,1.654914786057455e-4,1.0318944198419083e-4,1.1383332410809715e-4,7.908475944565159e-5,34.409112256095945,23.627132195463528
Acre,10-14,Homens,1.560666036649332e-4,8.98308170233982e-5,1.0926552973937646e-4,6.658985377880557e-5,23.04385678367439,14.586122185463827
Acre,15-19,Homens,3.1338648781460135e-4,3.102242718837096e-4,2.565669771262045e-4,2.5476979204327863e-4,12.771763482330162,12.699497002601909
Acre,20-24,Homens,4.819734659488535e-4,3.563444231707649e-4,4.027926908629331e-4,2.8820677302131693e-4,15.51821965637041,11.066405108456795
Acre,25-29,Homens,4.103875254940896e-4,3.199463640047463e-4,3.184541612873574e-4,2.4406285183488783e-4,11.314440679926777,8.695226071169571
Acre,30-34,Homens,3.95383962946081e-4,2.3302503269332975e-4,3.0664515553677495e-4,1.9156845989824045e-4,9.689302313320963,6.1406937046456624
Acre,35-39,Homens,6.630918714601942e-4,3.4760324158673633e-4,5.061672021819649e-4,2.491872586781747e-4,13.310501009920412,6.50219156703792
Acre,40-44,Homens,7.238313209113216e-4,3.469274259963497e-4,5.341884220188873e-4,2.822977824862162e-4,12.307926464785865,6.549164337663016
Acre,45-49,Homens,5.986150057508358e-4,3.078297414129322e-4,4.2411173757894423e-4,2.6219590079999303e-4,6.668676104241015,4.357312617019525
Acre,50-54,Homens,5.65936957038845e-4,6.487215197627471e-4,4.2362447266368374e-4,3.964967527592026e-4,5.237836351199952,4.771561583739426
Acre,55-59,Homens,8.360112489549459e-4,9.355207757461875e-4,7.048179391755424e-4,7.188986040879154e-4,5.968114349404747,6.107923040800821
Acre,60-64,Homens,8.994059899860509e-4,9.92337944036284e-4,7.605309202873856e-4,6.970308611411718e-4,4.315793050895348,3.9780464677479617
Acre,65-69,Homens,0.0019287793581084644,0.002372756840725925,0.0013906072246027432,0.0017257954323511848,5.358797307222894,6.646783867601955
Acre,70-74,Homens,9.085910338044755e-4,0.0018846052219071722,6.599871539972563e-4,0.001470593600700946,1.8743838411771543,3.9145072352468127
Acre,75-79,Homens,0.0018732681133368744,0.003560609617726425,0.001553720313245001,0.003032791248483168,2.709147028287437,5.199568930764821
Acre,80-84,Homens,0.003602109287545234,0.005185892479178668,0.0029909321280654024,0.0043123364409626014,3.277852215472108,4.745778563334684
Acre,85-89,Homens,0.01036917248452241,0.009691361138786603,0.007143170873376202,0.00656444467967269,4.865299049261724,4.466471314673815
Acre,90+,Homens,0.02004598545010107,0.017550350067521345,0.015102560931289451,0.013462394789723725,7.207049464620266,6.400599643006935
Amazonas,0,Homens,0.010500038572411212,0.005800702061464267,0.005696264408301944,0.0031471212663930328,28.09971192826115,15.310284074354716
Amazonas,1-4,Homens,4.017711092976532e-4,2.393697196877379e-4,2.2249354529298192e-4,1.3352868580777025e-4,22.814686988743087,13.563753201557684
Amazonas,5-9,Homens,1.6318193096670987e-4,1.025293360808441e-4,9.4655159467329e-5,6.142164565338746e-5,26.019728904782767,16.92222615943454
Amazonas,10-14,Homens,9.859268482608232e-5,6.414968087635927e-5,5.768413177048347e-5,3.973989190178478e-5,12.383788619373922,8.506310968741762
Amazonas,15-19,Homens,1.886499118866019e-4,1.8930000903873107e-4,1.6186493399520833e-4,1.6554315138270117e-4,8.721343001778967,8.904289232438236
Amazonas,20-24,Homens,2.898652751507842e-4,2.5832931427485675e-4,2.052848097821465e-4,1.8100005706025564e-4,6.666923672047799,5.876059073856195
Amazonas,25-29,Homens,2.689051840468435e-4,2.468649174628092e-4,1.5653207249656113e-4,1.4778823324991338e-4,4.813304173336194,4.55427788009153
Amazonas,30-34,Homens,1.922320591276374e-4,1.9538246520353611e-4,1.456461499845439e-4,1.417870992342529e-4,4.444624813822746,4.302273088291946
Amazonas,35-39,Homens,2.2223496144323958e-4,1.722476251139144e-4,1.508198236012827e-4,1.1201190194377765e-4,4.30048453950689,3.0643486000359856
Amazonas,40-44,Homens,4.8442200234110374e-4,1.9702697394449137e-4,2.762884461696546e-4,1.6415152854689616e-4,6.060777555683707,3.904908974416435
Amazonas,45-49,Homens,7.52197400494021e-4,3.1374098493137806e-4,4.756849021279473e-4,2.630290324273813e-4,8.12567987913924,4.4693014821888
Amazonas,50-54,Homens,6.253542420714527e-4,3.343396547411653e-4,4.0301948089767873e-4,2.3521660863767195e-4,4.925187609687481,2.711006539774273
Amazonas,55-59,Homens,6.86155429218053e-4,5.637089828045522e-4,4.870505700305014e-4,4.4334856524907567e-4,3.9650755065029153,3.4406745631171085
Amazonas,60-64,Homens,7.914647415570268e-4,9.200892092129851e-4,6.027775762664369e-4,5.23626054830105e-4,3.4430156065471507,2.6559369750507384
Amazonas,65-69,Homens,6.127594166321708e-4,0.001904457540121917,5.017692095890355e-4,0.0010748818202684022,1.9251827940751203,3.547746284784417
Amazonas,70-74,Homens,0.0013526816123940342,0.0034879370916441606,6.249473852571836e-4,0.0019493151137552147,1.3785674806001842,4.464643804433432
Amazonas,75-79,Homens,0.0020011137374872628,0.004657231593422152,0.0010865490642146735,0.002654576723771009,1.5605440584042043,3.931604441189376
Amazonas,80-84,Homens,0.004217983367945046,0.0069712057846509825,0.0017385101811743461,0.0034813407225436615,1.5878670887880932,3.3249196773802865
Amazonas,85-89,Homens,0.007507535018257846,0.009185214439210587,0.004386017928338902,0.005193897845888051,2.875571351559423,3.393444876143301
Amazonas,90+,Homens,0.04353678813963485,0.039970368597665486,0.02573560078255076,0.0230155253091679,10.072387218485751,8.93239976779323
Roraima,0,Homens,0.003163099730037764,0.003063042867272497,0.002696773709113194,0.002572822263544907,13.625186285136232,13.072666455930678
Roraima,1-4,Homens,2.285941566199239e-4,2.3272615205134647e-4,1.8210152803003902e-4,1.8704857367832727e-4,15.019343945506646,15.434576985661359
Roraima,5-9,Homens,1.3313974553684786e-4,9.937772249101535e-5,9.92983327513122e-5,7.524922240916685e-5,20.90926173801422,16.165303370710063
Roraima,10-14,Homens,8.326619299228358e-5,8.180168859206702e-5,5.3601624900459975e-5,5.442990463826851e-5,9.767693211653258,9.77377434129199
Roraima,15-19,Homens,3.546466001084022e-4,2.643146190982149e-4,2.4412100619519922e-4,1.7637723492254756e-4,11.459027750734412,8.306323875102898
Roraima,20-24,Homens,6.695440665239508e-4,4.2009755501923833e-4,4.7035271550602476e-4,3.1155548531880466e-4,14.138309384539657,9.58954104620892
Roraima,25-29,Homens,4.7947197501300434e-4,3.17496855812888e-4,3.4256790429150805e-4,2.444248442883951e-4,9.647458770679075,6.967221550947469
Roraima,30-34,Homens,7.237062879089865e-4,5.201086525259192e-4,5.466789533150217e-4,4.0645718138639103e-4,14.824671202991063,10.959429094306849
Roraima,35-39,Homens,5.68459405319989e-4,3.947260131179809e-4,4.093814270839173e-4,3.1184892003370193e-4,9.998426120205297,7.8216683892193535
Roraima,40-44,Homens,6.670936486684696e-4,3.7661624832348154e-4,4.883640073522506e-4,3.303265726434764e-4,9.545394769381753,7.128882665965623
Roraima,45-49,Homens,7.517934770620566e-4,6.276917789055069e-4,6.264315534291234e-4,5.492205269067593e-4,10.027424850026534,8.749099070727318
Roraima,50-54,Homens,9.357685978158494e-4,7.159551847492968e-4,6.65939108093272e-4,5.53180527475133e-4,7.544478362371852,6.048676468541165
Roraima,55-59,Homens,9.828401108998106e-4,7.357486114900023e-4,8.06344583890079e-4,5.870486100471684e-4,6.630422765053296,4.822295019835632
Roraima,60-64,Homens,0.0013415948517765672,0.0014254759348195126,0.0011637695514615848,0.0011724086507365595,6.71941134402679,6.90984848065778
Roraima,65-69,Homens,0.0017699132752607338,0.0022342459834820186,0.001390145055783884,0.001625792033297713,5.392094353200746,6.180708596159288
Roraima,70-74,Homens,0.0010117135377881534,0.0017066164983219544,8.427190809537998e-4,0.001359715296008422,2.3273732328209453,3.612576197094147
Roraima,75-79,Homens,0.0016195768332634137,0.002814422152014407,0.0013344967887735156,0.0021147351646100504,2.2701994506616625,3.5378220259805055
Roraima,80-84,Homens,0.005118956561310891,0.006363141602648669,0.003788203357179656,0.004660821822398325,4.2076847257270655,5.181087036280102
Roraima,85-89,Homens,0.01260109158526918,0.01240997034658353,0.008392969067030659,0.008256812476421994,5.925774382504474,5.827090750153767
Roraima,90+,Homens,0.029267593075978236,0.028419663033085917,0.022288145833900364,0.021658217951428034,10.198938959460731,9.902282475955596
Pará,0,Homens,0.0060220906354312,0.0025808296429548584,0.003530352595037889,0.0015827759046958207,19.014422026976693,8.357757325194418
Pará,1-4,Homens,2.853124759393382e-4,1.4596308664411266e-4,1.585508399331452e-4,9.172926585996867e-5,20.463269773291216,11.136836037670554
Pará,5-9,Homens,1.0702606950609649e-4,5.886803338713061e-5,6.415327069141235e-5,3.940565679425962e-5,17.94438532469705,10.296211925726183
Pará,10-14,Homens,8.001668722788806e-5,4.811330133514378e-5,5.106545234939723e-5,3.165578507411164e-5,11.26728750793298,6.867158668938339
Pará,15-19,Homens,3.0939146217916935e-4,3.4001853714774445e-4,2.52697355922125e-4,2.8736648776015605e-4,12.822937556818587,14.473354443255271
Pará,20-24,Homens,3.5287565862743975e-4,3.9293130105434e-4,2.3336361455662908e-4,2.975163092753207e-4,7.335003335319555,9.143981567846842
Pará,25-29,Homens,2.3385387363271642e-4,2.5769422343234857e-4,1.9712881706709974e-4,2.243120120478757e-4,5.948792733051665,6.762312772771442
Pará,30-34,Homens,1.8621669050836444e-4,1.5964825888947597e-4,1.539387066044423e-4,1.3395793078865574e-4,4.574079421068614,3.9805717333176074
Pará,35-39,Homens,2.9421656340268933e-4,1.2929574668996767e-4,1.958852166637335e-4,8.721500341193196e-5,5.487695031057088,2.4156486837731572
Pará,40-44,Homens,4.1066340522692425e-4,1.3794433247135544e-4,2.716535952538686e-4,9.523544664514507e-5,6.359207326257053,2.1862874368903893
Pará,45-49,Homens,4.774516304536306e-4,1.393432546498038e-4,3.348567401829463e-4,1.0689731683148325e-4,6.026478106322462,1.9697872109996621
Pará,50-54,Homens,4.866330187270166e-4,2.3698756514186725e-4,3.3396250653401047e-4,1.5788334313950256e-4,4.371284039889893,2.00594622457026
Pará,55-59,Homens,4.7516505384584976e-4,4.230805139847469e-4,4.032548194946421e-4,3.634853524897808e-4,3.6105374946804853,3.130082549953924
Pará,60-64,Homens,5.379182312322445e-4,7.114697490815113e-4,4.951044700037688e-4,5.62971128083419e-4,3.0258246807437974,3.296845288295808
Pará,65-69,Homens,6.134216286740736e-4,0.0014970421798035569,4.7417017557449103e-4,0.001067403896701594,1.9015312114439242,4.06339519881466
Pará,70-74,Homens,7.760293950888959e-4,0.0017871634817517737,5.895938218716877e-4,0.0013493092759630345,1.6862824095024918,3.7127134043101604
Pará,75-79,Homens,8.854764801314765e-4,0.0026403555225597377,6.588951178330837e-4,0.0017727624850766878,1.174889261065068,3.1410652557951364
Pará,80-84,Homens,0.0026344608016275932,0.004485452993853277,0.0017500796575499345,0.002962635502943458,1.9156655420970583,3.2950878812252706
Pará,85-89,Homens,0.008981446319085233,0.009208317088899347,0.005743066264306202,0.0059112608557322565,4.069770700501911,4.190381088734223
Pará,90+,Homens,0.029554304556325076,0.022657466718831978,0.01807248695267344,0.012295576247303713,7.917138885008301,5.3084363520784335
Amapá,0,Homens,0.005671433803526477,0.0040501688028307965,0.00416614278539167,0.0030945713782849268,17.34792301089032,12.899556147012342
Amapá,1-4,Homens,1.6432156836802117e-4,1.5289391303529247e-4,1.193553919071597e-4,1.1854503321057825e-4,11.884025320680793,11.872381414151159
Amapá,5-9,Homens,1.360470674010239e-4,1.1054066056705035e-4,1.0381140412669561e-4,8.724536980633141e-5,25.78383624954565,21.34626692917659
Amapá,10-14,Homens,1.3020359581663156e-4,8.996457981830457e-5,6.790662839925509e-5,5.843822326901713e-5,13.129719787644381,10.84473004382655
Amapá,15-19,Homens,4.4711602645773504e-4,3.8807512470975146e-4,3.08355835988428e-4,2.989903205383059e-4,10.705635634798478,10.53807936373565
Amapá,20-24,Homens,5.582657762575192e-4,5.115994953557464e-4,3.8379492228673414e-4,3.498789713908661e-4,9.327680714667148,8.643074615584721
Amapá,25-29,Homens,3.1099335907966105e-4,2.761223983434612e-4,2.3259080112520697e-4,1.8686531618144909e-4,6.542355358401586,5.391722069157444
Amapá,30-34,Homens,2.8845120599528925e-4,2.1500940553003807e-4,2.2705401960530067e-4,1.6808522399446775e-4,6.602667174188921,5.144274800881314
Amapá,35-39,Homens,5.393912541179142e-4,3.715563100875013e-4,3.634600899503821e-4,3.0268988248484174e-4,10.020975230572406,8.476067328814525
Amapá,40-44,Homens,6.373236643464183e-4,4.0366206177568624e-4,5.051366440132583e-4,3.353529123687105e-4,11.318544562458191,7.7442832710147975
Amapá,45-49,Homens,6.939251151990938e-4,4.344383412670962e-4,5.390227226921301e-4,3.7520847875109094e-4,8.935367075930353,6.217027629349525
Amapá,50-54,Homens,0.001010853336039571,6.531755138760733e-4,7.839727467339815e-4,4.4420652920648955e-4,9.30442829619004,5.822199132935441
Amapá,55-59,Homens,6.170260009976287e-4,9.630290311813706e-4,5.004115212769487e-4,6.963098807594364e-4,4.137213785889686,5.631193351717453
Amapá,60-64,Homens,9.807534146086046e-4,0.0011041578026268928,7.576227665145719e-4,9.116699577708603e-4,4.476958135030406,5.283971957589556
Amapá,65-69,Homens,0.0012748505423787126,0.0014630779150599964,0.0010171584587897466,9.54441145194079e-4,3.8857226663265956,3.481891560587527
Amapá,70-74,Homens,0.0011791156742833897,0.0019791147052120287,9.901361212361311e-4,0.0010768421240932387,2.726169923699907,2.617162664178679
Amapá,75-79,Homens,0.0016482895538280679,0.0032625686285341687,0.0011843556338613026,0.0018152016875790128,2.019405625032231,2.892000284109541
Amapá,80-84,Homens,0.004730442903424097,0.006690263073262134,0.0029537923269375046,0.004276744267817156,3.10885320367639,4.528630723442992
Amapá,85-89,Homens,0.009466268564936138,0.010752859155630554,0.005830827594715065,0.006815052446811392,3.9387030024337597,4.622903542130518
Amapá,90+,Homens,0.04203449349325511,0.04137999186598638,0.030239965398830497,0.029778519658357774,11.95821582201346,11.764980035379873
Tocantins,0,Homens,0.010347793237875156,0.004907218083542709,0.005474623716188536,0.00290817066574917,34.43850015781438,17.149104647863354
Tocantins,1-4,Homens,3.387694967845527e-4,1.9633026533069102e-4,2.1679460646436085e-4,1.5577379590520676e-4,26.590123448474994,18.554950827665902
Tocantins,5-9,Homens,1.3081458781572495e-4,8.055952706564139e-5,7.836021901665898e-5,5.3020517992181284e-5,22.411680033492352,14.306662576298725
Tocantins,10-14,Homens,1.4445392740223214e-4,1.0842345985882374e-4,1.0692251728599269e-4,8.207292153905612e-5,23.41682874076812,17.983914699445368
Tocantins,15-19,Homens,1.7594782489609357e-4,1.8486305794333972e-4,1.5330440500508453e-4,1.6379356743673133e-4,8.376794878730976,8.865415842043387
Tocantins,20-24,Homens,2.500983570412809e-4,2.2478045597553982e-4,1.8873243948854394e-4,1.7376834004366188e-4,6.487287117663124,5.968610310680008
Tocantins,25-29,Homens,1.9704346572858045e-4,1.951579236513979e-4,1.5852432560571842e-4,1.5655815234486608e-4,5.196007804916713,5.13386903806061
Tocantins,30-34,Homens,2.4755431390883917e-4,2.4354078910831468e-4,2.0322235278506088e-4,2.0630549761455503e-4,6.107863606775766,6.1703272649306316
Tocantins,35-39,Homens,2.503758084211297e-4,2.1848586374762413e-4,1.9853732707547831e-4,1.683200427429994e-4,5.217907231993821,4.486537622762116
Tocantins,40-44,Homens,2.1651019728327565e-4,2.6433493952230443e-4,1.990734171474527e-4,2.1426684851017733e-4,4.406632119614267,4.701562645474998
Tocantins,45-49,Homens,3.853601657816398e-4,4.687567899304052e-4,2.794211958469762e-4,3.1893419093293807e-4,4.509992781578119,5.12664788189028
Tocantins,50-54,Homens,3.9113442317369266e-4,5.039875651437201e-4,3.509815555607899e-4,3.818184037520052e-4,4.450366658503353,4.753541530582289
Tocantins,55-59,Homens,3.854940016602181e-4,4.306174372306677e-4,3.065515706432271e-4,3.154980646233792e-4,2.843406095382194,2.8218623696294336
Tocantins,60-64,Homens,5.385157502660427e-4,8.13995203473565e-4,4.075841963467561e-4,5.948129390582698e-4,2.6837995729934048,3.8841843802941782
Tocantins,65-69,Homens,7.551757658289505e-4,0.0011851129274161125,5.597803766808836e-4,7.693528788294447e-4,2.483299589189818,3.2074618316311594
Tocantins,70-74,Homens,3.2236388837248836e-4,0.0011851652738635735,2.752728193288448e-4,7.14605882851549e-4,0.8801525911525134,2.161624263500115
Tocantins,75-79,Homens,4.023189270756621e-4,0.001669959458811487,3.449847823779742e-4,0.0010472045936224398,0.6840610020803739,1.9954872497648393
Tocantins,80-84,Homens,0.0016649422437156416,0.0030867312368863154,0.0012977909594829174,0.0022497691840049207,1.549658636285864,2.729229403110663
Tocantins,85-89,Homens,0.0046752658231560265,0.0057839849569110815,0.0030362587942066106,0.0036691116652553357,2.2970206878013837,2.7735540049204124
Tocantins,90+,Homens,0.013056426858195391,0.012806124969236152,0.00838094272312883,0.00820405512275345,4.023091065093179,3.9373403676881122
Maranhão,0,Homens,0.014075971320259312,0.003928928377143807,0.01218465553614857,0.003068716683397218,56.94089371610692,13.942583461295142
Maranhão,1-4,Homens,5.388669720617439e-4,1.6948849599265575e-4,4.631890524073567e-4,1.3359399887241514e-4,51.34548002246208,14.526548084038401
Maranhão,5-9,Homens,1.5651739383966155e-4,6.0933435089920487e-5,1.3911295925269889e-4,4.805318337622132e-5,37.055177156801726,12.604231395592077
Maranhão,10-14,Homens,1.0949125889149816e-4,2.565505587444242e-5,9.729158225981583e-5,1.9522758629013806e-5,20.54699338855755,4.097981990919057
Maranhão,15-19,Homens,1.7961572658209198e-4,1.9415733120257224e-4,1.419187735119904e-4,1.4797728296072604e-4,8.022252053361095,8.257752615188233
Maranhão,20-24,Homens,2.5069776930337304e-4,2.5119893833202466e-4,1.9203821941969572e-4,1.9230504529834763e-4,6.61919762357556,6.626534767313744
Maranhão,25-29,Homens,3.675606722147376e-4,2.942983035562653e-4,2.952155490894018e-4,2.307202193171246e-4,8.87310562443553,6.987750219974223
Maranhão,30-34,Homens,3.831277927913247e-4,1.6888813565487938e-4,3.3248274409859377e-4,1.2348819321051616e-4,9.340124795961465,3.5370658415433263
Maranhão,35-39,Homens,5.219295312514115e-4,1.6321525173773667e-4,4.4787620287763824e-4,1.390332276028736e-4,10.910296821737159,3.4075154311794256
Maranhão,40-44,Homens,6.537134163724486e-4,1.44733603377169e-4,5.778034788984802e-4,1.115258301119384e-4,11.949705532707428,2.2167709078783964
Maranhão,45-49,Homens,9.683215091213823e-4,1.9527815902998217e-4,8.658126750259827e-4,1.529946038983889e-4,14.190065320562523,2.4192649423897743
Maranhão,50-54,Homens,0.0013339965917094326,2.415518131747855e-4,0.001217175949205121,1.80088126788847e-4,14.962831756707775,2.184005079416989
Maranhão,55-59,Homens,0.001886668865033551,3.61808161198866e-4,0.0017269168650424053,3.0802361616978174e-4,15.626195626248302,2.7003371492764097
Maranhão,60-64,Homens,0.0023709221660956135,4.7581254726752583e-4,0.0021409349383791523,3.116446903276175e-4,13.71244340256087,1.828438496731153
Maranhão,65-69,Homens,0.00293894173322012,0.0010186575389189913,0.0025983312375476054,7.348619680422963e-4,11.173171665493124,3.0666125235104658
Maranhão,70-74,Homens,0.003943691014878641,9.221214411682512e-4,0.0035669597626546974,6.480010228861592e-4,11.028372271033618,1.8925796678890587
Maranhão,75-79,Homens,0.004027455238153595,0.0016173099689874638,0.003491811251737381,0.00117587658317724,6.855699733481463,2.194581194600988
Maranhão,80-84,Homens,0.0029953509279284506,0.0035824951150460423,0.0024911995485556704,0.0027802389618843304,3.0362265595997293,3.319544135519899
Maranhão,85-89,Homens,0.01749112103898119,0.012152110950599527,0.01534090451393949,0.009716432220738973,11.621274773475756,7.2569610651082295
Maranhão,90+,Homens,0.13513231908145576,0.07998466451588977,0.11892572808599616,0.06128100316183557,52.54882185057589,24.759452017036736
Piauí,0,Homens,0.005277017189573003,0.0034916961681365735,0.0037152224333212003,0.002595733680795562,17.627097563173812,12.40628292143733
Piauí,1-4,Homens,1.779836183585879e-4,1.2778619229302494e-4,9.7869336207015e-5,7.326272320226173e-5,16.259349716549337,12.182138039040096
Piauí,5-9,Homens,6.116901172478162e-5,4.780823569728246e-5,4.202520508873738e-5,3.504885518545959e-5,12.049137385751015,10.091518594595303
Piauí,10-14,Homens,7.267137879324548e-5,5.820149167443194e-5,4.570640040076479e-5,3.686470583851421e-5,11.27105337485606,9.059649212836556
Piauí,15-19,Homens,1.5668421536267654e-4,1.5868138396150125e-4,1.271763340904252e-4,1.2861276263276952e-4,7.967354024426873,8.057499038857536
Piauí,20-24,Homens,2.0359002796038072e-4,1.8751433478707784e-4,1.4951165227447446e-4,1.4088029784587589e-4,5.786720702321068,5.454080067735015
Piauí,25-29,Homens,2.019874711422481e-4,2.033542827507508e-4,1.6377576698882058e-4,1.631960528328466e-4,5.7451008444432095,5.7199032559563205
Piauí,30-34,Homens,1.2136495906230841e-4,1.207667816658637e-4,1.0031552006143735e-4,1.0016546529870877e-4,3.1343763000665583,3.130365371434936
Piauí,35-39,Homens,2.160071817282095e-4,2.1705297528509362e-4,1.742425354800229e-4,1.7070208323400569e-4,4.638754564705465,4.524240786278672
Piauí,40-44,Homens,2.034299112494249e-4,2.0690181621796185e-4,1.8157818682563293e-4,1.803652527269609e-4,3.8650485430499564,3.824117339586972
Piauí,45-49,Homens,2.4294383316632526e-4,2.6626277064350644e-4,1.8089084037163218e-4,2.1983964265744472e-4,3.0624127534163277,3.651051027453168
Piauí,50-54,Homens,2.0844923643468111e-4,2.7627821616359513e-4,1.8719875302287013e-4,2.1635825566655988e-4,2.3505524941613514,2.702877818689251
Piauí,55-59,Homens,3.2372540856711e-4,4.055799750364352e-4,2.569232972206502e-4,2.9989331340446267e-4,2.3470107323154488,2.6819107571612326
Piauí,60-64,Homens,6.149463059493336e-4,7.848513062294602e-4,5.269706715529232e-4,6.015940814324361e-4,3.3430250618695867,3.7012494673898484
Piauí,65-69,Homens,6.957374144471131e-4,7.567951730697816e-4,5.863233384304625e-4,6.17334420894614e-4,2.5542815195799697,2.712679027425995
Piauí,70-74,Homens,1.7317970612918345e-4,7.433879565537449e-4,1.482914761420357e-4,5.6801481682705e-4,0.4590267962498874,1.7364340591312928
Piauí,75-79,Homens,6.087971656089923e-4,0.0010735133869508738,4.57271335893082e-4,8.063963955045158e-4,0.8328991480474779,1.5182558484953514
Piauí,80-84,Homens,0.001811654496119532,0.002373676755164209,0.0015658677632767644,0.0019407285521062638,1.8696436632506026,2.347898923522184
Piauí,85-89,Homens,0.004934706911542108,0.005332528632648296,0.004096141359189937,0.004362017053772981,3.0573222900900774,3.241976792526928
Piauí,90+,Homens,0.0078094708285715575,0.008639383982753086,0.005613458212724277,0.006422340480766922,2.9693752760515912,3.3831237698931114
Ceará,0,Homens,0.009416230875360839,0.005099207567027647,0.005746112411339332,0.0036508141035053216,36.65048898438823,22.868702866235946
Ceará,1-4,Homens,3.5038163371972267e-4,2.10540166259836e-4,2.2706848533319193e-4,1.574526009622443e-4,37.798198526248356,25.364338871349933
Ceará,5-9,Homens,1.2636876716890218e-4,8.405697304421332e-5,8.112137420519966e-5,5.679486762502263e-5,28.546934126973657,19.49036800092821
Ceará,10-14,Homens,6.743673848999459e-5,4.336887258980314e-5,4.835457331478087e-5,3.194618851009603e-5,10.536238660461581,7.0124417075793115
Ceará,15-19,Homens,7.351957096561129e-4,7.885485324873939e-4,5.285443457754898e-4,5.802477534565817e-4,24.70372858514519,26.271195963668774
Ceará,20-24,Homens,6.005510777754509e-4,6.282505202296519e-4,4.6585110737102254e-4,5.004637300292518e-4,14.532637766946877,15.446872824275104
Ceará,25-29,Homens,3.130010403909043e-4,3.1569596618248e-4,2.4582962478690573e-4,2.4717009295288753e-4,7.719583182686825,7.761632766187778
Ceará,30-34,Homens,2.44310734776267e-4,1.655282583352306e-4,1.8495726004593227e-4,1.278116531358048e-4,5.209456993900595,3.586994441416611
Ceará,35-39,Homens,3.146092691154965e-4,1.5509315193293097e-4,2.318911171285368e-4,1.1828153867184198e-4,5.76724396156324,2.9606946439727078
Ceará,40-44,Homens,1.9336108569825984e-4,1.396821306410607e-4,1.5702591843073973e-4,1.1278543343719065e-4,3.2108432324632528,2.258083865349756
Ceará,45-49,Homens,3.3364343923277087e-4,2.894528614078247e-4,2.035868477364625e-4,2.1419564047337088e-4,3.313035394539109,3.425675085153771
Ceará,50-54,Homens,2.8964250141132414e-4,3.967061745336525e-4,1.7363714297835467e-4,2.727551572306575e-4,2.0828129691261443,3.2580186845325683
Ceará,55-59,Homens,3.580447802307739e-4,5.756636320085676e-4,2.4954840517793893e-4,3.919423384934286e-4,2.1821391828170964,3.4187383963445264
Ceará,60-64,Homens,5.363925771041942e-4,8.245204380884295e-4,4.197761650430519e-4,6.414664253714833e-4,2.664236399733563,3.995366006083377
Ceará,65-69,Homens,7.893624254464683e-4,0.0012576945036379293,6.046542141990053e-4,9.421675833352004e-4,2.7019172941331795,4.153029104936352
Ceará,70-74,Homens,0.0013330592099050228,0.001961566518894461,8.601106052039603e-4,0.0013363269545437907,2.459931075486356,3.868662928660169
Ceará,75-79,Homens,0.0014817803649459288,0.0016923264775465302,0.0010426094147963796,0.0013005558364080523,2.0200389837836017,2.5007135523992825
Ceará,80-84,Homens,0.002566368410890422,0.003150702077831132,0.0020856642058425345,0.0026236307247447265,2.487015044509174,3.1481313638227806
Ceará,85-89,Homens,0.00528769027654255,0.0055124155312830875,0.004323992126919339,0.004722796858584036,3.2827857358786217,3.5738600142645778
Ceará,90+,Homens,0.017504688670485047,0.01977360223045717,0.01100543294084444,0.012637711669220463,5.31447983046959,6.091208756375749
Rio Grande do Norte,0,Homens,0.006746387770873416,0.004987490459910187,0.004804511452441896,0.0038966832184198818,25.43760037150572,22.32907988325106
Rio Grande do Norte,1-4,Homens,2.4690031817630126e-4,1.991847656430658e-4,1.610207489623711e-4,1.3708154168828412e-4,31.78133261425019,26.222655521367344
Rio Grande do Norte,5-9,Homens,8.518138429994597e-5,7.457192734100034e-5,6.666475911899447e-5,5.779850472322698e-5,24.19289156083756,21.555410095106765
Rio Grande do Norte,10-14,Homens,8.126337154458699e-5,6.963464563201933e-5,6.656348310402404e-5,5.426449830751797e-5,16.695591959093505,13.667950040383973
Rio Grande do Norte,15-19,Homens,7.099893639004493e-4,0.0012361832745489782,4.6867860649157727e-4,6.538019108960928e-4,22.685877204955705,33.7368655724277
Rio Grande do Norte,20-24,Homens,7.866765655553883e-4,0.0012648450549234231,5.487787006118781e-4,7.018095137780748e-4,18.54634138488843,24.623895132154715
Rio Grande do Norte,25-29,Homens,3.7751024138400367e-4,4.99019867400124e-4,3.0849227800958313e-4,3.6018502632753147e-4,9.99549413907332,11.715174934868996
Rio Grande do Norte,30-34,Homens,1.855515300578042e-4,1.5216957320136058e-4,1.3675219235922539e-4,1.2082414159972707e-4,4.514101210653037,3.9238514945263447
Rio Grande do Norte,35-39,Homens,1.8810172648578823e-4,1.9252535443348409e-4,1.5071386181662776e-4,1.4276758333531836e-4,4.1024064174940085,3.9658181306315488
Rio Grande do Norte,40-44,Homens,2.0826629831034127e-4,2.4193622679640067e-4,1.6002461247625413e-4,1.5937106655734118e-4,3.53992448409617,3.622936294692324
Rio Grande do Norte,45-49,Homens,2.7659711482015925e-4,2.892434537601565e-4,2.0158230819098617e-4,1.891739131131506e-4,3.3755757241661524,3.118913121329977
Rio Grande do Norte,50-54,Homens,3.508821011569197e-4,5.213595436308243e-4,2.790795757078011e-4,3.8612336623887114e-4,3.2500498893797594,4.612513824888556
Rio Grande do Norte,55-59,Homens,5.500482576446209e-4,7.4785276620666e-4,3.0048235198357334e-4,4.5263177050739524e-4,2.5283248102762137,3.9086974826863554
Rio Grande do Norte,60-64,Homens,4.810262423129362e-4,8.724247952440736e-4,3.806344156794881e-4,6.154381504058473e-4,2.3720681317222847,3.906517552775456
Rio Grande do Norte,65-69,Homens,8.886619633348353e-4,0.001268915153795899,7.385532748221758e-4,9.941165619504378e-4,3.194208055828744,4.340547316773792
Rio Grande do Norte,70-74,Homens,6.920921441228526e-4,0.001389087470416099,5.635626201247437e-4,0.0011439046345594571,1.6798040137665975,3.5337492164801936
Rio Grande do Norte,75-79,Homens,0.0014167141470694078,0.002929822488576832,0.0011148408159999867,0.002227616484256145,2.097378193189138,4.3187821200410825
Rio Grande do Norte,80-84,Homens,0.0022569192174343084,0.003113204926853126,0.0018728357876035759,0.0027079974013882687,2.2183537891930003,3.27865488017322
Rio Grande do Norte,85-89,Homens,0.006973500889788954,0.00814390490169764,0.005956806602118668,0.007009254900530208,4.3889281092165655,5.173985982786848
Rio Grande do Norte,90+,Homens,0.01088494028986248,0.011301995152049856,0.009152493163985026,0.008790408941353705,4.733686431043048,4.719283890839689
Paraíba,0,Homens,0.01164737120585402,0.005901974395418966,0.006789835441387371,0.00432648226356024,40.215487201542295,26.039391248551507
Paraíba,1-4,Homens,4.0638884531863284e-4,2.3596586189240807e-4,2.343381019711881e-4,1.7845213499737922e-4,45.01382309576843,31.635489545850167
Paraíba,5-9,Homens,1.1132543506145413e-4,7.464860608444861e-5,7.840676633205228e-5,5.8003245773398215e-5,28.986591455183735,20.888767080344845
Paraíba,10-14,Homens,8.43093623686647e-5,6.123871283570017e-5,5.887121476838955e-5,4.372682466045887e-5,16.498253583356515,12.134600296435604
Paraíba,15-19,Homens,5.227364104284293e-4,5.252188193745013e-4,3.71310582479256e-4,4.020878706976166e-4,19.129813776861244,20.818091133354798
Paraíba,20-24,Homens,5.256545776916497e-4,5.254447771945027e-4,3.8985234470081097e-4,4.0330168508573516e-4,13.668355219457043,14.086334341413359
Paraíba,25-29,Homens,3.3308682757435677e-4,3.3461553603501647e-4,2.6474507367896125e-4,2.635998352683545e-4,8.74829853488559,8.716138112095853
Paraíba,30-34,Homens,2.638844243279732e-4,2.601217286226103e-4,2.1491134275760724e-4,2.1128137106980676e-4,6.438959867396759,6.342261996165593
Paraíba,35-39,Homens,2.255723621366776e-4,2.2361515978040907e-4,1.986416316643579e-4,1.8734778292119354e-4,5.18305212018641,4.893016701797633
Paraíba,40-44,Homens,2.591276321259648e-4,2.743039308314493e-4,1.5422568975241447e-4,1.575572394790736e-4,3.05921591853149,3.113582798933054
Paraíba,45-49,Homens,2.893382937974738e-4,3.382968331993429e-4,1.712860261365778e-4,1.9238012298734006e-4,2.5118213200292354,2.8187536253675316
Paraíba,50-54,Homens,4.6924095299375867e-4,5.235049043873029e-4,3.1761167625583717e-4,3.186603302372099e-4,3.4931394385328294,3.441362942282929
Paraíba,55-59,Homens,4.7763375686108486e-4,6.089085081113617e-4,3.4938980045804324e-4,4.1229961220261784e-4,2.869256043327477,3.3353157576190435
Paraíba,60-64,Homens,6.257753848714907e-4,7.128978721707987e-4,3.2065070486132205e-4,3.643104711731593e-4,1.8221100970759112,2.0679214530830525
Paraíba,65-69,Homens,6.374303212397756e-4,8.769624108922578e-4,4.5877908482916803e-4,5.824440884261594e-4,1.870313969244343,2.361781023139873
Paraíba,70-74,Homens,5.445227043011868e-4,9.990758709331313e-4,3.555701583876165e-4,6.701734971111701e-4,1.0236378468628462,1.9317777797518556
Paraíba,75-79,Homens,0.001423244570733094,0.001834607527432483,0.0010686072030223377,0.001554223865489265,2.0261350512258627,2.871299502460672
Paraíba,80-84,Homens,0.0019747621929708243,0.0024246912471469323,0.0016301891849865337,0.001971187485612763,1.8889397121349703,2.2935212942622267
Paraíba,85-89,Homens,0.006736232047809827,0.006985003697358939,0.005662618433096434,0.0058516075022064,4.146960359678441,4.282046094213242
Paraíba,90+,Homens,0.008444253582103977,0.009006229741626988,0.006623967143286404,0.0071110461999546355,3.3763705717435184,3.6265135789536456
Pernambuco,0,Homens,0.005788152827328192,0.0023315402115611597,0.0034916732106887415,0.0014361293669262105,22.338967612238765,9.668249453584908
Pernambuco,1-4,Homens,2.1797293629099917e-4,1.0797817459728914e-4,1.2969230620584672e-4,6.290405450350344e-5,22.07213321807889,10.823368478568135
Pernambuco,5-9,Homens,7.097556360808427e-5,4.3335870412814433e-5,4.8895142795045975e-5,3.056484092961185e-5,17.60266305564893,10.883295556474023
Pernambuco,10-14,Homens,9.151864082141432e-5,6.488778204948027e-5,6.928403064960904e-5,4.989421577848118e-5,17.814428138651092,12.457717469479688
Pernambuco,15-19,Homens,3.0812371760866524e-4,2.5187820219020217e-4,2.425903005057926e-4,2.0621834214475365e-4,9.888860658216426,8.421534104451807
Pernambuco,20-24,Homens,3.714222314445036e-4,2.608072540172643e-4,2.4497358746497787e-4,1.7615105862971866e-4,6.66641646865547,4.768355660508304
Pernambuco,25-29,Homens,3.671685452630077e-4,2.0681396344795873e-4,2.4632863509951115e-4,1.5381643045948442e-4,6.795425721435816,4.22188807557104
Pernambuco,30-34,Homens,3.505323405967635e-4,1.4726994546895443e-4,2.4240700212422016e-4,1.1445508484718078e-4,6.343270094811852,2.9807400534794617
Pernambuco,35-39,Homens,3.8684332517689105e-4,1.5940808949697292e-4,2.9418055832506013e-4,1.3440726785896628e-4,6.903019189568046,3.1490806926085413
Pernambuco,40-44,Homens,3.6493227973090114e-4,1.9391939349046701e-4,2.8483536715036273e-4,1.7030822620686846e-4,5.186177163157113,3.103470549496379
Pernambuco,45-49,Homens,3.3416316653262466e-4,2.0881525214264934e-4,2.553019314367656e-4,1.7810672566886216e-4,3.61359611155768,2.5627692355110634
Pernambuco,50-54,Homens,3.062322865762845e-4,4.056452875808969e-4,2.38014928560908e-4,2.6724010926712245e-4,2.3708049525936175,2.6079306188176465
Pernambuco,55-59,Homens,3.7509217856744826e-4,5.414418426846903e-4,2.4843014724922925e-4,3.2935741364344926e-4,1.8031762708003303,2.341397678513277
Pernambuco,60-64,Homens,5.343936935214346e-4,8.824743897932646e-4,3.80456151995292e-4,5.945340870175741e-4,1.915691403520273,2.9836244535629626
Pernambuco,65-69,Homens,6.933137674598648e-4,0.0012264490844871082,5.132853145016444e-4,8.051476430180732e-4,1.8096147769096276,2.8075172080285467
Pernambuco,70-74,Homens,0.0016228389051640261,0.002368489649756716,0.0010528761398533257,0.0015917959171129223,2.6142448931401177,3.9915403298912273
Pernambuco,75-79,Homens,0.001163065457830844,0.0022200937266730818,7.275446451346718e-4,0.0014340961398591123,1.1679030541579687,2.352841263507446
Pernambuco,80-84,Homens,0.0018773016821894554,0.002545596005795545,0.0014601133580344709,0.0017309774276818516,1.5790939874140288,1.882885946741119
Pernambuco,85-89,Homens,0.005739740179609868,0.006169070438214402,0.004641330401669235,0.005055857976571432,3.299566267568603,3.603975271825809
Pernambuco,90+,Homens,0.019306359892132224,0.018526590427806508,0.013048118086600374,0.012465914721327883,5.954767767571631,5.688875657309931
Alagoas,0,Homens,0.01082643928621857,0.005409548788628878,0.007512593140028955,0.0047510499075680435,42.816562963769215,25.269032405726545
Alagoas,1-4,Homens,3.804487606359106e-4,2.1544679253516054e-4,2.636800455037609e-4,1.8034700046667718e-4,39.79024847483286,25.385031826989163
Alagoas,5-9,Homens,1.27724231082059e-4,5.737047565281616e-5,9.629182879579853e-5,4.463948508271675e-5,28.59155790296734,12.650187174904149
Alagoas,10-14,Homens,1.2907674095122778e-4,7.423628633579509e-5,1.083268752772041e-4,6.402480041832597e-5,22.728260164988082,13.158574567550744
Alagoas,15-19,Homens,8.264513194167454e-4,7.515920234030918e-4,6.398885042962559e-4,6.512521915857962e-4,23.957972998185994,23.733607495309485
Alagoas,20-24,Homens,7.430566458527416e-4,7.358891125037508e-4,6.32804668738419e-4,6.451125522495678e-4,15.278246143644896,15.469890281223847
Alagoas,25-29,Homens,5.500385883274672e-4,5.461115813837628e-4,4.8589064080135767e-4,4.818596815363905e-4,12.239057613656035,12.171871040158006
Alagoas,30-34,Homens,0.00050954233909694625,3.593973650441955e-4,4.519271886128837e-4,3.201742558916946e-4,11.097046077518783,7.710489046289226
Alagoas,35-39,Homens,5.590129363716937e-4,1.7908514071369764e-4,4.685973342831474e-4,1.4883724198583827e-4,10.875216217298,3.270142466921095
Alagoas,40-44,Homens,5.688275022056775e-4,2.201845036824674e-4,4.5481560299485914e-4,1.691276839361635e-4,8.652249007894868,3.054047451974358
Alagoas,45-49,Homens,5.49233150511146e-4,2.692941434219995e-4,3.818458110701491e-4,1.9279033588890334e-4,5.517252639543524,2.5874435561753315
Alagoas,50-54,Homens,7.232042649097971e-4,4.424511831809014e-4,5.452485712211139e-4,3.3879997898603756e-4,5.623865760461647,3.265611245855623
Alagoas,55-59,Homens,8.066542274979314e-4,5.371567411252924e-4,4.7564342334685886e-4,4.1676066724184415e-4,3.675249474070473,2.9923292223402784
Alagoas,60-64,Homens,8.527370683227264e-4,8.923106050827417e-4,5.94334144053994e-4,6.352341942466206e-4,3.149199422333546,3.182269872414372
Alagoas,65-69,Homens,0.0012191966209348763,0.0017225970898295832,9.024571010907385e-4,0.0012945484032325326,3.1640474603093374,4.392543980473634
Alagoas,70-74,Homens,0.0013868657091690082,0.0015232761637597055,7.978354295633379e-4,0.0012288158869498227,2.184208173646861,3.1067008278234134
Alagoas,75-79,Homens,0.0019112666077242086,0.002205141771632928,0.0011602579442655384,0.0017706910914292648,2.020785116049816,2.9168627502433533
Alagoas,80-84,Homens,0.0025780895647503172,0.0033622265445503916,0.0019134318964468655,0.0024260503700617576,2.061203838223833,2.6124781411642104
Alagoas,85-89,Homens,0.010195622213721958,0.007881748784742494,0.008016930233515367,0.006464888141914587,5.7107626686894015,4.606914810345596
Alagoas,90+,Homens,0.04476004910993835,0.019939198893511294,0.03092022756840038,0.014344910572750518,13.451375662937886,6.2793580289189
Sergipe,0,Homens,0.01073543288725532,0.005516223026875199,0.0076822772758188326,0.004493299314289454,36.76636588727151,22.11985838280653
Sergipe,1-4,Homens,5.055065043513422e-4,2.480314572810129e-4,3.431822726801435e-4,1.9620870047729535e-4,48.505563304935976,26.87677936353485
Sergipe,5-9,Homens,1.4898308608373315e-4,9.559425874430304e-5,1.0829208971646904e-4,7.561601778103446e-5,35.81331117973295,23.5504375995851
Sergipe,10-14,Homens,8.467468601371954e-5,5.441803231976293e-5,6.312864925944765e-5,4.249726141398203e-5,16.13225705006758,10.64648511062106
Sergipe,15-19,Homens,7.347898526873955e-4,6.160878209562177e-4,5.421900331329363e-4,5.001701401280345e-4,28.163906624056263,25.057840518265266
Sergipe,20-24,Homens,7.349030242764194e-4,5.953197173587505e-4,5.882782985267123e-4,5.143009947753557e-4,18.087079768786364,15.461504341409867
Sergipe,25-29,Homens,4.281754368769985e-4,4.0855467748690674e-4,3.4241313560494553e-4,3.357077230399391e-4,9.768696226804073,9.482352560306479
Sergipe,30-34,Homens,2.1179798648816492e-4,0.00021084763137873001,1.74591135118181e-4,1.803081372321255e-4,4.809015300659715,5.053870896341873
Sergipe,35-39,Homens,3.214202546248873e-4,2.7431227387168084e-4,2.536018005849025e-4,2.2739744066304003e-4,6.252657865111699,5.577590896158237
Sergipe,40-44,Homens,3.3236851122956827e-4,2.808883372221707e-4,2.491329038242048e-4,2.292445689004349e-4,5.197846684498109,4.614177221083598
Sergipe,45-49,Homens,4.4768932665190705e-4,3.3231065932933716e-4,3.558165726251695e-4,2.7830080149053647e-4,5.5071379412861,4.274538712550298
Sergipe,50-54,Homens,6.894933770779047e-4,4.567152558925685e-4,5.32866609280471e-4,3.7842383348972685e-4,5.7183414097002405,4.064700683794461
Sergipe,55-59,Homens,6.37308628364649e-4,4.404323873358884e-4,4.995047737273063e-4,3.6478088829142386e-4,4.10981989042295,2.8870194022364206
Sergipe,60-64,Homens,7.986437101282803e-4,9.233985197694508e-4,6.417790193459082e-4,7.204800780742288e-4,3.6506161241985238,4.000874987871997
Sergipe,65-69,Homens,9.847884732499318e-4,0.0011775622217353335,7.279247779785992e-4,8.594330948623285e-4,2.855662891440725,3.272160447667443
Sergipe,70-74,Homens,8.770432373058487e-4,0.0016132111758469117,5.674771768823995e-4,0.0011678367324235025,1.5418522546050157,3.2194894643868106
Sergipe,75-79,Homens,9.510892014648075e-4,0.0016582700200110522,6.587894777107892e-4,0.001305415554586765,1.1960928796476151,2.305950326066493
Sergipe,80-84,Homens,0.003213708853193403,0.0038402320575777926,0.0019873916398393415,0.0025133399102974306,2.2472091480021312,2.8405892857709913
Sergipe,85-89,Homens,0.0042393564817060905,0.004371210468236842,0.0032666601101341425,0.003515259997645214,2.406976649705897,2.5862150060374716
Sergipe,90+,Homens,0.027592775329404663,0.022979548138033015,0.01876306677709026,0.015326175427765883,8.411568374197568,6.806969050961419
Bahia,0,Homens,0.009846495389252722,0.004091244040959004,0.007732439363167573,0.002940372988823205,36.73950073530415,14.36559080329252
Bahia,1-4,Homens,3.984327583642688e-4,1.751516930066321e-4,2.9717112833370346e-4,1.0636981802557543e-4,46.17221419244918,18.18109515269441
Bahia,5-9,Homens,1.0619694656901139e-4,5.7208937355199534e-5,8.58428584933446e-5,4.1016462100972005e-5,27.14166641890002,13.150575646892221
Bahia,10-14,Homens,9.732002009902517e-5,6.493624867227747e-5,7.766023475844882e-5,5.0831893198785654e-5,17.083653238617853,11.26873690204638
Bahia,15-19,Homens,5.834370143186625e-4,4.975199448084143e-4,4.815314428138739e-4,3.331222292486013e-4,19.687049552414837,13.645409113803355
Bahia,20-24,Homens,8.480539566927003e-4,5.644389823812734e-4,7.029928320197219e-4,3.888370935974638e-4,18.717348658349593,10.410401503628698
Bahia,25-29,Homens,3.8965243759427943e-4,2.656568441991876e-4,3.0868933772907974e-4,1.90763524093619e-4,8.744215062555453,5.414358446047684
Bahia,30-34,Homens,1.396399303721682e-4,1.3986714404429066e-4,1.1825050804091526e-4,1.2023410707362883e-4,3.415113239000564,3.472946796622757
Bahia,35-39,Homens,2.1494957212295495e-4,1.0032156837196629e-4,1.7471384703620786e-4,7.898086483060011e-5,4.5365712358241845,2.0676019158402403
Bahia,40-44,Homens,4.3697624541461197e-4,1.3676345782802734e-4,3.5701943064154443e-4,1.1159679610041213e-4,7.202226920365582,2.2916697804747193
Bahia,45-49,Homens,6.095193535032142e-4,1.8156909216466123e-4,5.031833073488857e-4,1.5530825463515446e-4,7.736716369831019,2.4668375568349727
Bahia,50-54,Homens,7.5871057521522e-4,2.3395494520489027e-4,6.359433950995691e-4,1.7501288951591142e-4,7.113421680773567,2.013395264978523
Bahia,55-59,Homens,8.248544764942163e-4,2.8123086081905676e-4,6.962591927738802e-4,2.2109995965813992e-4,5.717023158588449,1.8324147764357228
Bahia,60-64,Homens,8.208634588307799e-4,4.8373972453586724e-4,6.359159993337458e-4,3.8784248993778224e-4,3.8588879579049893,2.310920667590919
Bahia,65-69,Homens,0.0012064465360021306,7.510657220447805e-4,0.0010160782909777997,5.963883549001853e-4,4.339704804085134,2.5647641183025276
Bahia,70-74,Homens,0.0013084423744106248,5.126705403379968e-4,0.0011333373964292673,4.241900039260351e-4,3.456663683694422,1.2698347702477832
Bahia,75-79,Homens,0.001558644720369474,9.032177786748057e-4,0.0013858806017729007,7.518867294312682e-4,2.6512376522372545,1.414963607598027
Bahia,80-84,Homens,0.0013139849936223875,0.0019301883339414038,0.0010470615597983172,0.0014360280105732103,1.2662207872399456,1.737081635623639
Bahia,85-89,Homens,0.008485853693944773,0.007554360898164993,0.006779400041584094,0.005928195754888733,5.183483892873302,4.533608353056778
Bahia,90+,Homens,0.034647370494972234,0.02336066324581623,0.027586257009934802,0.017521835389272402,13.53939852646934,8.492774424676588
Minas Gerais,0,Homens,0.0023952534661784235,0.0017872796089439748,0.0013723346553468363,0.0012010650549220089,8.909332128379619,7.720625284200423
Minas Gerais,1-4,Homens,1.0904105550846267e-4,9.42387494139419e-5,7.335787053174677e-5,6.608663661307278e-5,12.893474767351346,11.331338430379047
Minas Gerais,5-9,Homens,3.3266753995135116e-5,2.696337764227871e-5,2.1567701635381243e-5,1.744369812443342e-5,9.18129329882599,7.454811351989816
Minas Gerais,10-14,Homens,4.9080009782173e-5,4.1385393096116636e-5,3.591734070736558e-5,3.171544752616865e-5,10.309813601481675,8.991916234782362
Minas Gerais,15-19,Homens,2.6414441046582876e-4,2.5551138431858416e-4,2.221227094056075e-4,2.1718763135668715e-4,14.992933863398234,14.639984614362902
Minas Gerais,20-24,Homens,2.5591114533849975e-4,2.3839432170647044e-4,2.106842182955391e-4,2.0160111749284953e-4,9.618147475852489,9.185811948770388
Minas Gerais,25-29,Homens,1.614297693980412e-4,1.3280995174487972e-4,1.2363425614591922e-4,1.0730381478137507e-4,5.411937323233467,4.634984402322234
Minas Gerais,30-34,Homens,1.5497452406027594e-4,1.0987053605293386e-4,1.1337574220990316e-4,8.999394748184831e-5,4.235680324322179,3.283805787356248
Minas Gerais,35-39,Homens,1.1359640717517785e-4,7.712961619886397e-5,8.651269737433246e-5,5.917715945077383e-5,2.5523948733988653,1.6937657486181616
Minas Gerais,40-44,Homens,1.44671483835026e-4,1.3136478772289665e-4,1.2336145077956998e-4,1.1649429874664821e-4,2.681973482001843,2.478831453913491
Minas Gerais,45-49,Homens,1.1831004413169272e-4,1.7932373743753777e-4,8.874111079090488e-5,9.871038080357282e-5,1.4026015122213968,1.5122605431116873
Minas Gerais,50-54,Homens,0.00022103104794822537,3.247396531934695e-4,1.370925026459001e-4,1.788143448147563e-4,1.5327026020235675,2.0035447780527127
Minas Gerais,55-59,Homens,3.99663224858926e-4,5.217233314259929e-4,2.45352070974504e-4,3.0270862997923095e-4,1.8924858715877388,2.3591338181334858
Minas Gerais,60-64,Homens,6.093132600715199e-4,7.557567227251515e-4,4.934355017642293e-4,5.615885862322937e-4,2.750370855515823,3.1339754792848313
Minas Gerais,65-69,Homens,0.00067336003992954775,9.232995767046413e-4,5.713334760294059e-4,7.211477775071652e-4,2.3355814589211694,2.9512365799250437
Minas Gerais,70-74,Homens,2.7614087217502835e-4,5.751407892365996e-4,2.3248625973958104e-4,4.153848599626896e-4,0.6741350348433053,1.2292827429301898
Minas Gerais,75-79,Homens,4.7517870930072377e-4,7.925187614899695e-4,3.322681264064815e-4,6.251984306452322e-4,0.6180538484679825,1.161809514680438
Minas Gerais,80-84,Homens,7.392793937932512e-4,0.0012610998238444116,6.406245466900572e-4,0.0010567808061191619,0.7351980599577234,1.2379103335598347
Minas Gerais,85-89,Homens,0.001691342832598757,0.002246115668560335,0.0013456814607484522,0.0017133769864699961,0.9755205127204224,1.2409186303922737
Minas Gerais,90+,Homens,0.005947922613633756,0.00616546423102438,0.004245516480437913,0.00442061466049488,2.102562358921639,2.1882772390615393
Espírito Santo,0,Homens,0.0016495710312159969,0.0013148815490274606,0.0012137023481378815,0.0010177711112025164,8.922277999302343,7.404136801366549
Espírito Santo,1-4,Homens,7.726253984857832e-5,6.774886659081491e-5,5.44316448245327e-5,4.809323189632978e-5,9.600884984092374,8.375473303546636
Espírito Santo,5-9,Homens,3.915240681335043e-5,2.934833441505599e-5,2.8967414007258054e-5,2.2920284877415844e-5,10.86814631205225,8.674546939328529
Espírito Santo,10-14,Homens,4.9755546844957284e-5,4.242846194546805e-5,3.9570259161334824e-5,3.4161710182981684e-5,8.871824170175593,7.616752372928836
Espírito Santo,15-19,Homens,4.0396808452266853e-4,3.900974310383935e-4,3.428102578548398e-4,3.3132073731480103e-4,13.292651129960175,12.84058433822489
Espírito Santo,20-24,Homens,3.6857094841111806e-4,3.095381569433521e-4,2.504309318099091e-4,2.127318934174527e-4,7.791912841738741,6.602717007061745
Espírito Santo,25-29,Homens,3.166858894506792e-4,2.263689086091354e-4,2.365110162888302e-4,1.7688186011863334e-4,7.879667399569219,5.7926457562649345
Espírito Santo,30-34,Homens,2.4729057656839177e-4,1.3599682012407463e-4,1.724713957415781e-4,1.0060313124110757e-4,5.836473813065467,3.4161519390101183
Espírito Santo,35-39,Homens,3.0830419410304627e-4,1.6140665106431488e-4,2.1583004639692024e-4,1.146669805116379e-4,6.340016135532324,3.3329233725518015
Espírito Santo,40-44,Homens,3.4693903122785385e-4,1.6231706536113554e-4,2.2625172932092365e-4,1.1036230630240117e-4,5.083933096057913,2.4764003880653966
Espírito Santo,45-49,Homens,1.7802590046303357e-4,2.3520871911392367e-4,1.2881302990158002e-4,1.3250705040943e-4,2.1253741097420296,2.0602338401553606
Espírito Santo,50-54,Homens,1.964956196562265e-4,2.848917837030688e-4,1.5741135429423727e-4,2.2142459204116567e-4,1.854173571946544,2.6389522624283304
Espírito Santo,55-59,Homens,3.675876868860473e-4,4.596739715744923e-4,2.678351987118082e-4,3.437147496151793e-4,2.1507508690108557,2.7596796210127046
Espírito Santo,60-64,Homens,7.210207683364998e-4,9.529654200829254e-4,6.353983978878952e-4,8.254530849755407e-4,3.7355899106990194,4.82074554727872
Espírito Santo,65-69,Homens,8.601977634073823e-4,0.0013448301963944003,6.851409190316393e-4,0.0010127188773396468,2.8237491141239266,4.101022992351826
Espírito Santo,70-74,Homens,2.650771559218079e-4,9.734837800271245e-4,2.2891575870256066e-4,7.455157225182219e-4,0.6558022074022054,2.114997896555548
Espírito Santo,75-79,Homens,4.8217194840172195e-4,0.0013642249600624554,3.806415219824398e-4,0.0010274312088309064,0.6816090778262409,1.8462025028026976
Espírito Santo,80-84,Homens,0.0012025820753533414,0.002137078027232697,8.586307261733214e-4,0.0014548562014813284,0.9582098995557448,1.6487139012323613
Espírito Santo,85-89,Homens,0.0026577813261800852,0.003773742610781528,0.0021072114478395618,0.0027982683504636867,1.512616835599118,2.0042493622245012
Espírito Santo,90+,Homens,0.00819363209990551,0.00850676273959682,0.005659168590279627,0.005832915889088201,2.7349981011493614,2.817077877952719
Rio de Janeiro,0,Homens,0.0018134436844631147,0.0012744186241621688,0.0011146618609686211,7.96304171204078e-4,7.468844732805589,5.274796130532217
Rio de Janeiro,1-4,Homens,8.806499816886076e-5,7.207059216805204e-5,5.362686027333196e-5,4.710067316531199e-5,10.05459259571843,8.721741622990715
Rio de Janeiro,5-9,Homens,5.67051825935836e-5,4.822007952283923e-5,3.3311499737765065e-5,3.121288588756256e-5,15.362729082157585,13.758702748157207
Rio de Janeiro,10-14,Homens,6.314521899563916e-5,5.2018086585245784e-5,3.983694844841551e-5,3.34256986722449e-5,11.2589056161838,9.331129253194655
Rio de Janeiro,15-19,Homens,4.276599743359481e-4,3.6786775144220476e-4,3.4844941625259405e-4,3.103747235826264e-4,14.671423760776262,13.112570841706027
Rio de Janeiro,20-24,Homens,3.51430937456737e-4,2.684162216076792e-4,2.7096582089310964e-4,2.2073513012536955e-4,7.7944675669432915,6.41029333986218
Rio de Janeiro,25-29,Homens,2.762863154694472e-4,1.8886673015062417e-4,2.1358886134451244e-4,1.5410565151615917e-4,6.906620299196615,5.034654107559974
Rio de Janeiro,30-34,Homens,2.2882356287218976e-4,1.1579387815081326e-4,1.578770120322126e-4,8.96323575434539e-5,5.018702452207577,2.8981323406050494
Rio de Janeiro,35-39,Homens,2.3456102044869183e-4,1.0960638884663067e-4,1.5570010851649263e-4,7.700733658266692e-5,4.260551806373826,2.039276482535439
Rio de Janeiro,40-44,Homens,2.951626938816101e-4,1.4992124202129603e-4,1.7872994555405454e-4,1.1306376773296039e-4,3.799897446078091,2.5897056005965076
Rio de Janeiro,45-49,Homens,3.665750119123029e-4,1.4078719456476642e-4,2.0804330449806816e-4,1.1534364136602416e-4,3.2209282551725984,1.841458184696314
Rio de Janeiro,50-54,Homens,4.3191169828078594e-4,3.268285969537036e-4,3.1007118388021784e-4,2.9120133225364495e-4,3.1772949611433647,2.9542046421191537
Rio de Janeiro,55-59,Homens,2.993389493224592e-4,4.839494362459482e-4,2.5532429896839076e-4,3.615109622028381e-4,1.795842982416081,2.492649975528213
Rio de Janeiro,60-64,Homens,4.596489064080961e-4,5.877918073988327e-4,3.9806281103406627e-4,3.8947294357754127e-4,1.904462865749132,1.7634646404568792
Rio de Janeiro,65-69,Homens,6.202525469777246e-4,0.0011019510289148587,4.96515542004607e-4,7.0741950879316e-4,1.6003536118608503,2.2203687314908778
Rio de Janeiro,70-74,Homens,0.0015566790773230224,0.00216406266443721,0.001070713632297943,0.0013597126081378232,2.3575214440325256,2.9847000286066887
Rio de Janeiro,75-79,Homens,0.0013394880037216825,0.0023463631504383963,0.0010462403807782676,0.00172213752839165,1.613194820568513,2.6380336618606957
Rio de Janeiro,80-84,Homens,0.001374143537305099,0.002493432693048774,0.001172842560736933,0.0019380460947970943,1.2017661061888918,1.9916013193581643
Rio de Janeiro,85-89,Homens,0.004695488101549487,0.00603269526693483,0.003978680099274831,0.00447139502862277,2.728045877464098,3.0420743955029086
Rio de Janeiro,90+,Homens,0.01845693751782181,0.01635107365696772,0.012190152485549126,0.010796443644582713,5.170683169829136,4.575805054500575
São Paulo,0,Homens,0.001625940801972685,0.001140556063660344,8.594626960994903e-4,6.332477466562403e-4,7.167976153607087,5.161787681847127
São Paulo,1-4,Homens,8.026889018213254e-5,6.089411879408283e-5,4.264943964152844e-5,3.5575337039780116e-5,10.17208177345981,8.422478682162534
São Paulo,5-9,Homens,4.366876690271402e-5,3.315233452089714e-5,2.462895133501727e-5,2.01151585882556e-5,13.391505144972577,10.30409386620755
São Paulo,10-14,Homens,5.973160878103911e-5,4.027351995844619e-5,3.30443382444341e-5,2.2084025040668755e-5,13.353811783725716,8.787531849794902
São Paulo,15-19,Homens,3.8360324496613114e-4,2.597407783308279e-4,2.5613721091461827e-4,1.789885649184135e-4,22.836323476648584,15.677214816728663
São Paulo,20-24,Homens,3.941194289770383e-4,2.3639936584024694e-4,2.6344438885374136e-4,1.5795284968737167e-4,13.907567423598552,8.06719965405979
São Paulo,25-29,Homens,3.4677444053166036e-4,1.9183520574409684e-4,2.3431136067492158e-4,1.3464424576832413e-4,11.422139722301813,6.324941916689301
São Paulo,30-34,Homens,3.00206778604542e-4,1.4129640643520416e-4,1.972709931836009e-4,9.5071580874648e-5,8.122152586685646,3.779163113953035
São Paulo,35-39,Homens,2.4754585056720467e-4,7.275815501284393e-5,1.5335015917855447e-4,4.5959745504715596e-5,5.19517014902833,1.551349060732468
São Paulo,40-44,Homens,2.4901129122022273e-4,1.119674626614613e-4,1.6607402330483153e-4,1.0084961061291838e-4,4.094045021157674,2.3308186728868123
São Paulo,45-49,Homens,2.5240619111264193e-4,2.2207309060829638e-4,1.8431265143876768e-4,1.5294439909528166e-4,3.2278500367152656,2.34479446174506
São Paulo,50-54,Homens,3.1400668076258273e-4,3.662228709354106e-4,2.3648554437996906e-4,2.503343179697653e-4,2.76812040365258,2.6851512486736566
São Paulo,55-59,Homens,4.83047561408407e-4,6.661778214532808e-4,2.9250323760101536e-4,3.2418042356874527e-4,2.1743152840795186,2.304294414422908
São Paulo,60-64,Homens,6.016571291487018e-4,8.191855997392249e-4,4.230008891151357e-4,4.2951037471094746e-4,2.238657176919573,2.1840194372067847
São Paulo,65-69,Homens,6.506837443054385e-4,0.0011188599267429225,4.0853882359621565e-4,6.07385893244787e-4,1.4400369426541169,2.1117039392921857
São Paulo,70-74,Homens,7.462605809117381e-4,0.0012614343339163881,5.14947416752539e-4,6.640978926525914e-4,1.2557572045411929,1.5988378741397975
São Paulo,75-79,Homens,6.029366837443761e-4,0.001253516524555912,4.939019529003403e-4,0.00106264589546454,0.8113422608622889,1.7384758555693678
São Paulo,80-84,Homens,0.0018019035964331191,0.001982093565774811,0.001387621458086077,0.0016896510685327545,1.4393136667692348,1.8100229894068867
São Paulo,85-89,Homens,0.0030874160455665644,0.0040666166330387285,0.002431793776461636,0.0032731064858877133,1.6667492821501608,2.2414877118196204
São Paulo,90+,Homens,0.024670290872406655,0.021580786489135164,0.015035765812621426,0.013040176617594554,6.029246574109734,5.19949602413684
Paraná,0,Homens,0.0027728296187694993,0.0023984841986886968,0.0016432772914789292,0.001523940930972537,12.735714516157707,11.535779074665511
Paraná,1-4,Homens,1.23123692974894e-4,1.0830307953562377e-4,7.546858546268254e-5,7.226496933946456e-5,15.216815297592465,14.191610060180718
Paraná,5-9,Homens,6.340990135893584e-5,5.32930981536149e-5,3.0436040224506066e-5,2.737519793904988e-5,13.141974341114043,11.5777958404971
Paraná,10-14,Homens,7.993304430172998e-5,6.74536386101841e-5,4.7320333274153217e-5,4.0010830731382486e-5,14.28463767742011,11.95664763737886
Paraná,15-19,Homens,3.6147043957110745e-4,3.402744105890748e-4,3.0591290645370234e-4,2.92752036662632e-4,17.43894402720476,16.740026100359582
Paraná,20-24,Homens,2.861416354874672e-4,2.8025354063447914e-4,2.3562296741460638e-4,2.299015995694787e-4,8.815416861417225,8.636730091138292
Paraná,25-29,Homens,1.713516774529717e-4,1.6780893655409378e-4,1.37223575460039e-4,1.3659796902356315e-4,5.195331876631585,5.16354788095621
Paraná,30-34,Homens,1.3967752945856304e-4,1.4381668767182663e-4,1.1621881555647579e-4,1.1211839788527197e-4,4.152269501529745,3.9729780293707107
Paraná,35-39,Homens,1.6577128628190004e-4,1.9133368980934207e-4,1.1345763177528823e-4,1.1952385031561284e-4,3.251820692705043,3.373208708187763
Paraná,40-44,Homens,2.1514734135573665e-4,2.4761108150762634e-4,1.1721602310372368e-4,1.2478718627392587e-4,2.6028529875791766,2.69734408362321
Paraná,45-49,Homens,3.075512137362991e-4,3.705716505604082e-4,1.533423869908569e-4,1.6276091199856499e-4,2.396324410518002,2.4492401678005775
Paraná,50-54,Homens,4.405088271343774e-4,5.303672240997227e-4,2.2304713017740136e-4,2.422931223106427e-4,2.380710992311868,2.510198179188282
Paraná,55-59,Homens,5.518784410777773e-4,6.990369247120893e-4,3.2382161875642816e-4,3.90764334756669e-4,2.4302891263682995,2.8948366623907194
Paraná,60-64,Homens,7.499479324098604e-4,8.308304496397675e-4,6.390730483785926e-4,6.501438684664733e-4,3.5607419105049076,3.5328213281731977
Paraná,65-69,Homens,7.093931116537508e-4,6.584598488168116e-4,5.562749052759273e-4,5.304784170564016e-4,2.0934181647412697,1.96386251710394
Paraná,70-74,Homens,9.616212554017398e-4,5.821421538051975e-4,4.5145663673428377e-4,4.707647379461356e-4,1.1085645940951785,1.1527659170471611
Paraná,75-79,Homens,0.0013809449084918148,8.361807042289213e-4,6.423398724487078e-4,6.093537260484187e-4,1.0236718737998842,0.9675330278122868
Paraná,80-84,Homens,0.0017240678007428803,0.0014321286611578567,0.00119800229527109,0.0011092920000217003,1.2108531521041983,1.1313177951661657
Paraná,85-89,Homens,0.004245981634594547,0.004653414022121403,0.0036219380435786874,0.003908503087697528,2.3767810781186425,2.566583055223565
Paraná,90+,Homens,0.01654237618687662,0.015142987205906861,0.00886272037523291,0.008213469094560598,3.795735719320052,3.517437699344069
Santa Catarina,0,Homens,0.0011247171095717867,9.49362563163661e-4,7.086065767439904e-4,5.790887837861272e-4,6.312459070620122,5.085484883892496
Santa Catarina,1-4,Homens,6.665108965194357e-5,5.886517284096673e-5,4.2519538413621274e-5,3.933137132672938e-5,9.953887028218594,9.035353879030627
Santa Catarina,5-9,Homens,3.802053556966793e-5,3.518680588270967e-5,2.9755815183577645e-5,2.9123114921154528e-5,13.402949431632925,13.058018699221657
Santa Catarina,10-14,Homens,5.903952682717062e-5,5.2126785750817387e-5,4.061025449020511e-5,3.633152031766821e-5,13.867552546200674,12.419563196634641
Santa Catarina,15-19,Homens,1.512797768404235e-4,1.4156684900725638e-4,1.2594633832137736e-4,1.1879260726865058e-4,10.500085845670347,9.912227532003252
Santa Catarina,20-24,Homens,1.3508364506672013e-4,1.2320200697026295e-4,1.1472167401990955e-4,1.0502459104454253e-4,6.2649618874690365,5.7469804272353455
Santa Catarina,25-29,Homens,1.0629477227361757e-4,8.727049448709336e-5,8.669404269350484e-5,7.194302546845159e-5,4.866759501554454,4.03050987287311
Santa Catarina,30-34,Homens,8.104972864052184e-5,6.221749301279845e-5,6.732357728391106e-5,4.463823806081964e-5,3.301169274388732,2.139356578099452
Santa Catarina,35-39,Homens,1.6367063383403117e-4,1.2126911221097468e-4,1.319979537788957e-4,9.730612491103771e-5,5.100163637159424,3.6904288583726297
Santa Catarina,40-44,Homens,1.7890862836664997e-4,1.5310227144813205e-4,1.4742211926356612e-4,1.2977839452379017e-4,4.241878710998425,3.6434153949140646
Santa Catarina,45-49,Homens,2.3880104621060473e-4,2.5190187123040484e-4,1.6785419351923985e-4,1.5622877565935492e-4,3.219446283828716,2.953784948092564
Santa Catarina,50-54,Homens,1.7995334882097138e-4,2.2652982310679705e-4,1.2994605547080179e-4,1.4022618466027115e-4,1.7352993053755768,1.8086335695220026
Santa Catarina,55-59,Homens,4.2191090621035936e-4,5.102711244774108e-4,2.3451306311533292e-4,2.8123795593319235e-4,1.9635669822267676,2.313929044497413
Santa Catarina,60-64,Homens,5.687374830037825e-4,6.262492597139433e-4,4.7533785927693833e-4,4.986425171695669e-4,2.740839054333901,2.7504162629456745
Santa Catarina,65-69,Homens,9.294593020335868e-4,0.001022925128143157,8.626766200616259e-4,9.394358968998806e-4,3.365640937869103,3.5493470704555072
Santa Catarina,70-74,Homens,5.607299164335312e-4,5.60035495722944e-4,3.506786660710812e-4,4.271170593555423e-4,0.9515891476736619,1.1157186877447638
Santa Catarina,75-79,Homens,7.750815809203273e-4,6.61101672525896e-4,4.389020153857338e-4,4.723487977619899e-4,0.7468624422408994,0.8090642590347816
Santa Catarina,80-84,Homens,0.001105872615903326,0.0012913285776366024,8.311269686398781e-4,9.700238161212011e-4,0.873898635817286,1.0290424053132732
Santa Catarina,85-89,Homens,0.0030630684173720874,0.003554503040483776,0.0024721308522132487,0.0028557860522289064,1.6581661109934198,1.9227281414163258
Santa Catarina,90+,Homens,0.010440465777323046,0.00974443435089879,0.005795975882393445,0.005401634321886961,2.515112626712356,2.346495880577195
Rio Grande do Sul,0,Homens,0.0012563867385547533,0.0010404116694398443,8.232590674381278e-4,6.373254275525803e-4,7.028562473774892,5.365635475042092
Rio Grande do Sul,1-4,Homens,5.9426665681792556e-5,4.9200123779994883e-5,3.8698557058615566e-5,2.891917162749171e-5,8.240793778205443,6.2109101955307615
Rio Grande do Sul,5-9,Homens,3.779538741682071e-5,3.366259575377348e-5,2.0756628477835386e-5,1.901394171679816e-5,10.113480061537821,9.174593907934794
Rio Grande do Sul,10-14,Homens,5.217890708684809e-5,4.527865650186149e-5,3.544865840895407e-5,3.107953705513199e-5,12.268658969868563,10.588823859947315
Rio Grande do Sul,15-19,Homens,1.9176050477801991e-4,1.8823101454077925e-4,1.4566745314146536e-4,1.4336768439855788e-4,10.238705140218322,10.079850143455369
Rio Grande do Sul,20-24,Homens,1.4927756642844184e-4,1.4572764879916604e-4,1.0719392567203108e-4,1.0457372200499082e-4,4.892796590308119,4.77742318563147
Rio Grande do Sul,25-29,Homens,1.118864084708951e-4,9.724491976987037e-5,9.352220733388607e-5,8.309848439461545e-5,4.187024328727,3.7119106372381667
Rio Grande do Sul,30-34,Homens,9.979693671553305e-5,8.57553099368319e-5,8.156766964629615e-5,7.082441604504753e-5,3.3017164261277805,2.83046218508333
Rio Grande do Sul,35-39,Homens,1.0305939743475716e-4,9.827271517093126e-5,8.58975845568707e-5,7.753927917145678e-5,2.8591842537914895,2.520873004185213
Rio Grande do Sul,40-44,Homens,1.372750823075858e-4,1.3795731300925235e-4,9.521191351870908e-5,7.810951071716492e-5,2.3971270406311818,1.9220475286420031
Rio Grande do Sul,45-49,Homens,2.0477334931586277e-4,2.3215744579431884e-4,1.3776291685602812e-4,1.564082139064167e-4,2.381531619342532,2.6843013976013657
Rio Grande do Sul,50-54,Homens,2.4918138706643203e-4,2.6688666303120636e-4,1.9329568631893594e-4,1.8395084132397706e-4,2.2807291602907096,2.1600918914023577
Rio Grande do Sul,55-59,Homens,3.61250812481571e-4,3.993903367210916e-4,2.7498405373981293e-4,2.6692034814819373e-4,2.1240325937911577,2.0551646844144034
Rio Grande do Sul,60-64,Homens,6.495630069808616e-4,6.595242384757433e-4,5.561696341374886e-4,5.785104661032075e-4,2.940809465391315,3.055459303473262
Rio Grande do Sul,65-69,Homens,6.583455464463804e-4,6.237920076127411e-4,5.22752831961857e-4,5.253283297739471e-4,1.8794434239797457,1.935705575101029
Rio Grande do Sul,70-74,Homens,6.930025538603097e-4,6.650222246559256e-4,5.418715854453221e-4,5.322085409878346e-4,1.2747013648851175,1.2899043426494394
Rio Grande do Sul,75-79,Homens,0.0010031159934949891,0.0010558651077641119,7.501012665052032e-4,0.00077324467054794635,1.2298552791244561,1.272425131453422
Rio Grande do Sul,80-84,Homens,0.0016878755076288384,0.00206304213826089,0.0011445822498276734,0.0015160709934715026,1.176084184502134,1.587163624652935
Rio Grande do Sul,85-89,Homens,0.004844185863683402,0.005274747065069002,0.0043547855493416545,0.004630008212024447,2.8958005303168615,3.0656114139057262
Rio Grande do Sul,90+,Homens,0.017181015124694016,0.016430991355149176,0.01131588504906453,0.010771733741538085,4.649541452231631,4.423943744132607
Mato Grosso do Sul,0,Homens,0.013314712775555619,0.004411319487509273,0.0067013891805980585,0.002141320190546748,51.07116340187026,16.138652872132166
Mato Grosso do Sul,1-4,Homens,9.006155365787437e-4,2.791935831049386e-4,4.202828072080458e-4,1.359137240528213e-4,69.37177795770661,21.5915829904916
Mato Grosso do Sul,5-9,Homens,1.454291730138162e-4,5.514200023315055e-5,9.36869673027215e-5,3.7274579083061094e-5,29.86654812299698,11.052714368148484
Mato Grosso do Sul,10-14,Homens,1.5277227682957117e-4,7.269994900901488e-5,9.764487626614897e-5,4.1634382944722314e-5,25.345292685768296,10.60968404701714
Mato Grosso do Sul,15-19,Homens,5.475026840635219e-4,2.7918165485963563e-4,4.179378471987608e-4,2.322211071754022e-4,27.307113276187362,14.86443925535761
Mato Grosso do Sul,20-24,Homens,5.676136465613161e-4,2.5283898216916796e-4,4.23224479470246e-4,1.9019774565155796e-4,18.205393537533606,7.732925678317859
Mato Grosso do Sul,25-29,Homens,3.4730436803706203e-4,1.407559603630049e-4,2.3384072167255656e-4,1.1107974973303772e-4,9.730629003997995,4.500293448072064
Mato Grosso do Sul,30-34,Homens,4.63925362702428e-4,1.1015248832864807e-4,3.4198504291579e-4,8.864255120927113e-5,12.71731204009825,3.126087575729834
Mato Grosso do Sul,35-39,Homens,3.498347139412613e-4,1.7622909043855028e-4,0.00026732251667290115,1.147172541930921e-4,8.194347998534704,3.242113522360025
Mato Grosso do Sul,40-44,Homens,5.326498783581183e-4,2.4115007407561978e-4,4.0976039533642506e-4,1.620394421365901e-4,9.511597131536046,3.4245799614023285
Mato Grosso do Sul,45-49,Homens,4.986003428620671e-4,4.270734448802631e-4,3.860186309847711e-4,2.3049225458046627e-4,6.42804401002114,3.3662244534279835
Mato Grosso do Sul,50-54,Homens,7.172106574559944e-4,7.910587588105082e-4,5.154792656303899e-4,3.304558496106943e-4,5.756873351820047,3.2623650255948635
Mato Grosso do Sul,55-59,Homens,7.891696999519902e-4,9.050141415144916e-4,6.720650964676329e-4,4.981328657404973e-4,5.30362289473409,3.656753242611012
Mato Grosso do Sul,60-64,Homens,0.0010910218792522968,0.001021089522705062,8.329702273182347e-4,5.930420092167804e-4,4.691856715086206,2.996581716029538
Mato Grosso do Sul,65-69,Homens,0.0010605563598904528,0.0014242360282184488,6.932671021812863e-4,8.062841542192355e-4,2.584575445903168,2.8672284447701024
Mato Grosso do Sul,70-74,Homens,0.0013297300918795006,0.0015311506349776414,8.263119905496504e-4,0.00097744887362785789,2.4075897522804874,2.590612844073324
Mato Grosso do Sul,75-79,Homens,0.001833517336974241,0.0018528298104600086,0.001137319916108082,0.001234109047202332,2.1376078143438435,2.118971096492512
Mato Grosso do Sul,80-84,Homens,0.0031442563574346633,0.0038271606909737414,0.001968521399167538,0.00254737782787375,2.1625649933664057,2.828847327713146
Mato Grosso do Sul,85-89,Homens,0.016197274287067208,0.009871718621933739,0.010798544477343262,0.006246058200655442,7.668886105592892,4.37976635242158
Mato Grosso do Sul,90+,Homens,0.05011686563172108,0.021888196574085198,0.034029472009316844,0.013312158690386766,15.421253137995949,5.92390396698113
Mato Grosso,0,Homens,0.0063594469429677615,0.003454493288107876,0.0033894723036745605,0.001949745317873651,20.48799465169409,11.425890102274641
Mato Grosso,1-4,Homens,1.221843035334628e-4,9.29052201894761e-5,8.377120490743578e-5,6.637732758223942e-5,10.245130021382213,8.044827503801425
Mato Grosso,5-9,Homens,1.0318965974186653e-4,7.005096043808773e-5,5.704403137554851e-5,4.2638147458608564e-5,18.905116265237833,14.012907992171456
Mato Grosso,10-14,Homens,6.706162766777209e-5,4.980478293229452e-5,3.9623210634875634e-5,3.1170378748340465e-5,8.804047918208726,6.80114905817292
Mato Grosso,15-19,Homens,1.638680445348368e-4,1.5643595528950783e-4,1.2592116466965468e-4,1.2073274147209189e-4,6.229507470654842,5.994447298286769
Mato Grosso,20-24,Homens,2.9311811277277965e-4,2.568927624696135e-4,2.2951565554361048e-4,2.1064785447051749e-4,7.89692695611246,7.279818872039151
Mato Grosso,25-29,Homens,2.777496966005821e-4,1.774516549387062e-4,1.7455565531129997e-4,1.2773372365859634e-4,5.823235123876728,4.247295708224046
Mato Grosso,30-34,Homens,2.943964421159873e-4,1.632353885546796e-4,2.1100635417883225e-4,1.3060924130877413e-4,6.528370609197556,4.083938530366608
Mato Grosso,35-39,Homens,2.8210781863276447e-4,1.0491936035947616e-4,1.881339968953734e-4,8.525933761262054e-5,4.888779051653092,2.282126993043653
Mato Grosso,40-44,Homens,2.519682041470786e-4,2.1568325649808472e-4,1.8265239797656107e-4,1.5174560339102357e-4,3.816980554899397,3.042123567715125
Mato Grosso,45-49,Homens,3.4354332542388513e-4,3.666066773641902e-4,2.624122337331728e-4,2.336114552449034e-4,3.977429738247721,3.251081385979081
Mato Grosso,50-54,Homens,2.7317288676068866e-4,4.5999951891411177e-4,2.1242307595120493e-4,2.7607686672049853e-4,2.3658177526479016,2.8434316009239744
Mato Grosso,55-59,Homens,4.3945112524867557e-4,6.475898861411844e-4,3.6803066473174435e-4,3.986820609767959e-4,2.9161516243167327,2.931566372221626
Mato Grosso,60-64,Homens,6.409451480466856e-4,6.781078218873521e-4,5.219194308676481e-4,5.339427379856464e-4,2.8837894122442624,2.9215288372069277
Mato Grosso,65-69,Homens,5.779528099659353e-4,0.0012396723533803495,4.7640621250835143e-4,7.493663636961895e-4,1.826173271952156,2.6558182259977583
Mato Grosso,70-74,Homens,4.2434505780984845e-4,0.0011425130357071505,3.1412628741425756e-4,6.59388157235671e-4,0.861536582462215,1.7100902996827236
Mato Grosso,75-79,Homens,5.208596445797906e-4,0.0015608509910710311,4.136114684732608e-4,9.44942151921734e-4,0.7060123771483353,1.5680576657808345
Mato Grosso,80-84,Homens,0.0017274056980245834,0.0030008270585485533,0.001323935106163357,0.0019339380410955075,1.4453235289644688,2.1024965949726586
Mato Grosso,85-89,Homens,0.008534996939913093,0.008321800770477221,0.005877107091459989,0.005782453330852846,4.13462524650521,4.069848379068566
Mato Grosso,90+,Homens,0.026237318549318624,0.02111666078896575,0.015663567060920897,0.011824871510936997,6.904145035539008,5.180452986566541
Goiás,0,Homens,0.004136965103497034,0.002709205460418442,0.002154677839280708,0.0017797466143700087,13.970834755941935,11.294815813330313
Goiás,1-4,Homens,1.439133020708771e-4,1.080193908497949e-4,8.332382980679801e-5,7.317758408374806e-5,14.508176813500812,12.326599991259089
Goiás,5-9,Homens,7.449995691097427e-5,5.2340188035264006e-5,4.015328525614445e-5,2.6751116947044447e-5,15.399860212635256,10.126641407397386
Goiás,10-14,Homens,8.499206631666652e-5,5.961416414905921e-5,5.364008754632539e-5,3.8782227390103934e-5,13.91136835284631,9.839792701597787
Goiás,15-19,Homens,3.7342370279591733e-4,3.715154472802298e-4,2.8780033873806196e-4,2.8605796670420826e-4,15.012582983036516,14.931410464501784
Goiás,20-24,Homens,3.430910857327872e-4,3.426759010034815e-4,2.7433956775616767e-4,2.7391843897213436e-4,9.198084250714036,9.184522700753236
Goiás,25-29,Homens,2.3762398189517426e-4,2.136785031636301e-4,1.8807968213234742e-4,1.7355402851052554e-4,6.355380992460511,5.863690163550701
Goiás,30-34,Homens,2.1238070984890226e-4,1.4586177373014517e-4,1.656327988153807e-4,1.2420716826705097e-4,5.142134636277353,3.8847701809622754
Goiás,35-39,Homens,1.9365945149527202e-4,1.4329962920962716e-4,1.2716478078437325e-4,9.97731515234123e-5,3.6049395556866077,2.679626902054446
Goiás,40-44,Homens,2.1307314258508326e-4,1.5355791802178288e-4,1.5192679346125735e-4,1.194791495015088e-4,3.2832677848563083,2.532866364711946
Goiás,45-49,Homens,2.5054904230312555e-4,2.4333536482318215e-4,1.645828711414778e-4,1.6513004475154997e-4,2.6924512115822896,2.6108532395830486
Goiás,50-54,Homens,3.0971715611854706e-4,4.049962066873808e-4,2.203376540712137e-4,2.458870771193204e-4,2.5466769108124234,2.591371148294329
Goiás,55-59,Homens,2.857360706417627e-4,5.170227933114309e-4,2.0076031666899715e-4,2.9975593635098657e-4,1.673766697406712,2.324034909176562
Goiás,60-64,Homens,3.893311451812352e-4,6.90567714265687e-4,3.4164364410615115e-4,4.8648483909194797e-4,1.9372641671064248,2.6376110217992235
Goiás,65-69,Homens,6.289558501365285e-4,8.911749634675055e-4,4.7870942906691314e-4,7.002840397734656e-4,1.8168053207003698,2.6418376433473805
Goiás,70-74,Homens,4.19587567998107e-4,0.0012535037863446795,3.2048318614541206e-4,8.603044793179835e-4,0.9087556354667063,2.3396981054405535
Goiás,75-79,Homens,8.366460296700064e-4,0.001809222120416505,7.218302921832958e-4,0.0013644586907689724,1.2784780701332255,2.3837353074280587
Goiás,80-84,Homens,0.002165111670168866,0.003172836842584269,0.0017364905465795163,0.0023097074689419524,1.933997353200381,2.5720914919750446
Goiás,85-89,Homens,0.00664721780468231,0.006903828483888811,0.004987496302465563,0.005106617055505499,3.522472468901161,3.603938100156243
Goiás,90+,Homens,0.013883592689153934,0.01275307631477071,0.007912001853162329,0.00750032562794722,3.70411670510788,3.51491871000091
Distrito Federal,0,Homens,0.0025909893940763715,0.0011390964301351972,0.0019247166986697357,8.724341006951771e-4,15.894147927100258,7.029624631530136
Distrito Federal,1-4,Homens,1.6090809738567003e-4,1.013625904735251e-4,1.0686083599046017e-4,6.38929753740054e-5,28.642065324986092,17.18644173381347
Distrito Federal,5-9,Homens,7.807597561696157e-5,3.999890416652537e-5,5.234846735991568e-5,2.6727872327640708e-5,25.623294010701255,12.40190395826695
Distrito Federal,10-14,Homens,1.76276989657708e-4,8.873737175959819e-5,1.3982234039586574e-4,7.00068699928397e-5,47.2644390634217,23.032219094477195
Distrito Federal,15-19,Homens,9.542230702987679e-4,5.131211615344206e-4,7.274900944112812e-4,4.171092837415898e-4,52.35860314479223,29.774586060825364
Distrito Federal,20-24,Homens,8.832484548096452e-4,4.2005096092289105e-4,6.851180653592424e-4,3.0860705940391074e-4,36.227414379708605,16.072613439186423
Distrito Federal,25-29,Homens,5.710443116677364e-4,2.2805603533381018e-4,4.6116397161167865e-4,1.7547220094199902e-4,22.9229829469676,8.25957847969909
Distrito Federal,30-34,Homens,5.876481380439568e-4,1.8609590339037268e-4,4.360190115907149e-4,1.3114900325740227e-4,19.772857514203736,5.671077140823779
Distrito Federal,35-39,Homens,5.110309389251984e-4,1.8018005960761065e-4,3.7713831784167735e-4,1.3677773073361458e-4,14.295507130438553,4.993800222876554
Distrito Federal,40-44,Homens,4.7718137149169664e-4,1.8009618476645128e-4,3.685703629574112e-4,1.4946293034012707e-4,10.572616500486545,4.026990196597136
Distrito Federal,45-49,Homens,8.250770250465527e-4,1.798500316595754e-4,6.411054438796677e-4,1.31887367916847e-4,13.336198285349646,2.467294375206552
Distrito Federal,50-54,Homens,7.471254127712089e-4,3.306832615248647e-4,5.611062322605755e-4,2.2528024997534634e-4,8.681530489010044,3.093313084670967
Distrito Federal,55-59,Homens,7.227996516915632e-4,6.349497495827697e-4,5.78788008722073e-4,4.6191840873959427e-4,6.050040993881018,4.300562815079656
Distrito Federal,60-64,Homens,0.0012793075033192844,9.528034532904627e-4,9.79017623087536e-4,7.556320426358354e-4,7.104198892704757,4.824175215070394
Distrito Federal,65-69,Homens,0.0016555465700722586,0.001085915948284786,0.0013551381030801996,7.612759046457308e-4,6.440098254900435,3.2496338814749754
Distrito Federal,70-74,Homens,0.00263537989506073,0.0019850217482497733,0.002238814096534876,0.001369651075215684,7.023253516893499,4.0824534277241264
Distrito Federal,75-79,Homens,0.0032849577298855338,0.0017363169038870827,0.0026493526196420657,0.0012446991897540804,5.362881538473544,2.3539526149689483
Distrito Federal,80-84,Homens,0.003805278555116073,0.004172854124465634,0.0029034080970261247,0.0031929370516471938,3.4560027352013827,3.8201572980198795
Distrito Federal,85-89,Homens,0.009089717080093781,0.00984330363485743,0.006881931494378732,0.007406156426069996,5.5119440338702415,5.952436298549544
Distrito Federal,90+,Homens,0.08301425149691923,0.042797580688554375,0.06670024964023315,0.030868261596711532,31.051938613786394,14.289032958415405
Brasil,0,Mulheres,0.002764966830485444,0.0018680712390524408,0.0014999546735844664,9.657662860542806e-4,11.974937594431147,7.6482734061898965
Brasil,1-4,Mulheres,1.2726402183264353e-4,9.214083531653143e-5,6.73959643031868e-5,4.7749363609320075e-5,13.84787135105572,9.805026812837845
Brasil,5-9,Mulheres,3.630454763003609e-5,2.8591673857496002e-5,2.1858344624141114e-5,1.7003848373384503e-5,10.757044063516577,8.285978785290608
Brasil,10-14,Mulheres,2.5797367954094847e-5,1.960192715006664e-5,1.4668586181877603e-5,1.058128234086596e-5,5.992218733162404,4.310108727773889
Brasil,15-19,Mulheres,2.9140662755645963e-5,2.179555881444902e-5,1.8369731222969202e-5,1.4688907814414988e-5,3.873705996306239,3.096823664973849
Brasil,20-24,Mulheres,1.3831478974677454e-5,1.545092597523658e-5,1.1128749809436334e-5,1.275857798257217e-5,1.779841741476348,2.0546671713684095
Brasil,25-29,Mulheres,1.9586873876587062e-5,2.605294110069477e-5,1.2114152839200935e-5,1.7352845734712252e-5,1.5845149240932506,2.257606211231515
Brasil,30-34,Mulheres,3.035352388757041e-5,4.069698157692376e-5,2.134948945362519e-5,2.3458734379135263e-5,2.0198055456470922,2.154490595695062
Brasil,35-39,Mulheres,4.7683443806585134e-5,6.690423177383833e-5,2.6380759405322627e-5,3.23421831026362e-5,1.719067082342067,2.030060894332785
Brasil,40-44,Mulheres,6.366319738959035e-5,8.80553204113075e-5,3.939584947536566e-5,4.356356793151417e-5,1.7737941031652094,1.8709640619167218
Brasil,45-49,Mulheres,8.499684580401638e-5,1.1710525748722331e-4,4.938823260348704e-5,5.258296252526972e-5,1.566326382152491,1.502705847869775
Brasil,50-54,Mulheres,1.382888983542467e-4,1.4652580124443148e-4,8.560770094237872e-5,7.753653647685086e-5,1.9307738417415579,1.571382365141371
Brasil,55-59,Mulheres,2.034587680380351e-4,2.3516975067580786e-4,1.1959951858574874e-4,1.1387209197611017e-4,1.818523493934768,1.5611154881072666
Brasil,60-64,Mulheres,0.00026889525036699223,2.590413315712562e-4,1.3062716980970693e-4,1.5058320508688633e-4,1.3605119272261208,1.4460767745724374
Brasil,65-69,Mulheres,3.3859144613399375e-4,3.1877314066500553e-4,2.1673910904557473e-4,2.0515400481682221e-4,1.3691133398544284,1.235874310418249
Brasil,70-74,Mulheres,2.9539129648147597e-4,2.5495389593664094e-4,2.0142953430593566e-4,1.9244949266139958e-4,0.898520960728854,0.8564769458406422
Brasil,75-79,Mulheres,6.452448964658486e-4,3.658025776532468e-4,4.455825924289441e-4,2.649669352426636e-4,1.1032550474888496,0.6667994611081686
Brasil,80-84,Mulheres,8.841279386793754e-4,8.949412095673298e-4,6.674691672865678e-4,7.634656297991144e-4,0.951403137375366,1.1202781033973512
Brasil,85-89,Mulheres,0.0014475566293960485,0.0021853888812386067,0.001132730846584958,0.0015203340011156763,0.9734190593402356,1.2976126844946005
Brasil,90+,Mulheres,0.00826065537135757,0.008035425746782444,0.005173531093366859,0.005023229784192681,2.611186223243891,2.535306059780394
Norte,0,Mulheres,0.0040493098947901535,0.0024168630710978555,0.002444592600161348,0.001409041940414527,15.457120527086587,8.79393429373423
Norte,1-4,Mulheres,1.8809993673250827e-4,1.2057963992147699e-4,1.1324269402018836e-4,6.861267659112132e-5,14.776595672988787,8.850416698284237
Norte,5-9,Mulheres,5.178480789169841e-5,3.464939783469315e-5,3.439803359997319e-5,2.4165852598743434e-5,12.122366185573878,8.39918582075244
Norte,10-14,Mulheres,3.797818868614814e-5,2.5215744360523535e-5,2.193623080420974e-5,1.592614677945699e-5,6.318415890674098,4.412815939616303
Norte,15-19,Mulheres,5.603685863966215e-5,3.513830390975552e-5,4.3116349391847694e-5,2.9751606815215823e-5,7.141345274326165,4.855252911654324
Norte,20-24,Mulheres,5.333059577214872e-5,2.988067384682671e-5,3.6102038698347804e-5,2.4073461093366025e-5,5.011092944952109,3.258131141504016
Norte,25-29,Mulheres,4.114159756659219e-5,1.9310025829307094e-5,2.9429251472252143e-5,1.5144918550227004e-5,3.2450272655933525,1.665609657880247
Norte,30-34,Mulheres,6.815511122114829e-5,3.825600823815263e-5,5.293733844120601e-5,3.304060516980805e-5,4.552859714042837,2.798234079367283
Norte,35-39,Mulheres,6.971107024510121e-5,5.952643987067782e-5,5.207198415494303e-5,3.761111392335875e-5,3.3976161083235548,2.179692009118007
Norte,40-44,Mulheres,9.315417515847999e-5,6.844878441551901e-5,6.662392954060992e-5,4.433643691362742e-5,3.0592014512872274,1.8850490199701353
Norte,45-49,Mulheres,1.9731126581324837e-4,9.44694712965979e-5,1.483031461902363e-4,6.686896154867819e-5,4.641076156786279,1.9603064110515995
Norte,50-54,Mulheres,2.568981954105117e-4,1.399758194250799e-4,1.8958995515760694e-4,9.406874059365228e-5,4.216505266363718,1.9386883623987143
Norte,55-59,Mulheres,4.4677148524655143e-4,2.1779212634852018e-4,3.2910189204653895e-4,1.4149511170858685e-4,4.931393519063466,1.979591844181952
Norte,60-64,Mulheres,5.342926882847236e-4,4.203181825486435e-4,3.7455822266517936e-4,2.562006968640582e-4,3.775638697036301,2.327098848084884
Norte,65-69,Mulheres,6.676128067218106e-4,6.591032986312365e-4,5.286063832950962e-4,4.0124270572481366e-4,3.2559016210278404,2.1992328248172868
Norte,70-74,Mulheres,0.0010047834521620257,1.8782272692102975e-4,6.958662130160811e-4,1.4517329962658877e-4,2.9726492192320384,0.633368211401031
Norte,75-79,Mulheres,0.0012441512622912482,6.85209417715153e-4,9.474896492651423e-4,5.549268202989597e-4,2.2341093422899365,1.331960738981522
Norte,80-84,Mulheres,8.784731241233507e-4,0.0017610821324235732,7.561027388969001e-4,0.0012749410324480127,1.0946142416721736,1.8271337617020555
Norte,85-89,Mulheres,0.004049880076432895,0.005131570502385988,0.002775899982049005,0.003427993445702188,2.3366152388913024,2.8812034898238164
Norte,90+,Mulheres,0.01688230852659505,0.01600348271367468,0.011328962712011451,0.010678839485331444,5.725932107921635,5.394647949510455
Nordeste,0,Mulheres,0.0038734750673130127,0.0018562374344102133,0.0027739170618634856,0.0012001792872729298,18.002690473676164,8.197999146762095
Nordeste,1-4,Mulheres,1.7270337907048904e-4,9.092466045327322e-5,1.1637137627928732e-4,5.317651778591927e-5,20.265269324723388,9.762709959699006
Nordeste,5-9,Mulheres,4.481153775650527e-5,2.891531284913418e-5,3.2502590468656034e-5,2.008642889319344e-5,12.877118914415298,7.902624139241644
Nordeste,10-14,Mulheres,2.9637506609658905e-5,1.8736515317464544e-5,2.02699353985512e-5,1.2215732324376468e-5,7.132172790931941,4.305425057304448
Nordeste,15-19,Mulheres,3.802523263082961e-5,2.50513227768931e-5,2.9994385684229543e-5,1.9391988533008856e-5,5.743157726110691,3.73973738650957
Nordeste,20-24,Mulheres,2.4561729492610288e-5,1.8449711001494472e-5,1.902240337983334e-5,1.5668407999172506e-5,2.8090203747064684,2.291379382794344
Nordeste,25-29,Mulheres,4.875942194796151e-5,2.3318018291757248e-5,3.946153887113082e-5,1.8578870015048998e-5,4.8888903182991506,2.3714357321357142
Nordeste,30-34,Mulheres,4.9463260603036936e-5,3.052125646722661e-5,3.877114242650931e-5,2.3494009527006993e-5,3.6869936434008608,2.185169324954267
Nordeste,35-39,Mulheres,6.256587631817557e-5,3.571430208150026e-5,4.686197314272381e-5,2.461186671225463e-5,3.15020432874858,1.588561520830421
Nordeste,40-44,Mulheres,1.0006950424816026e-4,7.49653830129885e-5,7.40740889437905e-5,4.798974473773716e-5,3.3324607120447935,1.9836213028000576
Nordeste,45-49,Mulheres,1.862207308685459e-4,8.950655781144194e-5,1.5082129778734525e-4,6.663946221456623e-5,4.497939544961595,1.9864201366680732
Nordeste,50-54,Mulheres,2.7448655063139383e-4,1.2372315053939744e-4,2.0200472026860177e-4,7.93660466644427e-5,4.13398143507508,1.6309822506207574
Nordeste,55-59,Mulheres,3.941372211332306e-4,1.9003836642057318e-4,3.0239554223453696e-4,1.2874461404252435e-4,4.2722066706664386,1.8357172234520207
Nordeste,60-64,Mulheres,5.474761342758622e-4,2.502759087524677e-4,4.0877404642937753e-4,1.4764206116385528e-4,3.910436173433856,1.4264914145569176
Nordeste,65-69,Mulheres,7.046819347654303e-4,3.257789587980047e-4,5.455174984726894e-4,2.3747449030260475e-4,3.416763884623352,1.534642371192744
Nordeste,70-74,Mulheres,5.453670386685197e-4,2.493997882978372e-4,4.0666320620494573e-4,1.937326936650162e-4,1.8674476845024854,0.88751040242801
Nordeste,75-79,Mulheres,7.642120138497307e-4,6.780518446822379e-4,5.767044354238795e-4,5.179393623785912e-4,1.4466875501729017,1.2987632475421098
Nordeste,80-84,Mulheres,0.0010300826190824763,0.001467945077598732,9.16695177729532e-4,0.0011294244231724341,1.3721247346406051,1.696790304823979
Nordeste,85-89,Mulheres,0.005007599077016355,0.005603441722297645,0.004110805339674497,0.004450857585984593,3.6417554534167422,3.9378663569310275
Nordeste,90+,Mulheres,0.01045369623144393,0.010454647124030082,0.008207391998936062,0.008208048963503281,4.580329128930766,4.580694120545102
Sudeste,0,Mulheres,0.0016575220032628477,0.0013836661758876998,9.146900417967384e-4,7.318315795190841e-4,7.830480439835914,6.252343458520554
Sudeste,1-4,Mulheres,8.028136987345683e-5,7.176381286678327e-5,4.4934932835754876e-5,4.029493544219273e-5,10.783935752348238,9.660321440182628
Sudeste,5-9,Mulheres,3.2172007129422266e-5,2.9841866182314155e-5,1.8835770228445594e-5,1.8317971248837223e-5,11.123341090172861,10.763828117763515
Sudeste,10-14,Mulheres,2.492218086890733e-5,2.2204930830343153e-5,1.5153082659029636e-5,1.3166888801549036e-5,7.244893688917077,6.28910590724813
Sudeste,15-19,Mulheres,2.4694916458008513e-5,2.1424120381347743e-5,1.634320968829003e-5,1.4410891676559e-5,3.7996391039209514,3.366461143964118
Sudeste,20-24,Mulheres,2.2575230564195008e-5,2.4192740749352792e-5,1.7943535594039562e-5,1.8880756090598942e-5,3.125005459223737,3.286506209405413
Sudeste,25-29,Mulheres,3.2173444568676934e-5,3.6186400640481906e-5,2.3339552970907302e-5,2.6015776241672466e-5,3.1268977108543496,3.5058775332084124
Sudeste,30-34,Mulheres,3.37180240542357e-5,4.0536247562647946e-5,2.2793667125398798e-5,2.6631714377155934e-5,2.1822764573337663,2.5702202740146998
Sudeste,35-39,Mulheres,5.590270197571423e-5,6.440437040239249e-5,3.942617342152102e-5,3.66486418166178e-5,2.6770043772971865,2.4123821007296917
Sudeste,40-44,Mulheres,5.4688993073872805e-5,6.676064431162839e-5,3.353836585785372e-5,3.860891175770818e-5,1.5466851546890168,1.6956788119540718
Sudeste,45-49,Mulheres,8.575801114076942e-5,9.846312106916332e-5,5.155104597744599e-5,5.040235166417603e-5,1.637330078968181,1.4603253562546377
Sudeste,50-54,Mulheres,1.4148571993789823e-4,1.3683487882490842e-4,8.960282570798994e-5,9.098680622186443e-5,2.0300361641647764,1.9218650599575595
Sudeste,55-59,Mulheres,2.2218170675010712e-4,2.42464488140085e-4,1.451580515775859e-4,1.4107690667135094e-4,2.1226693679828594,1.9355984636987307
Sudeste,60-64,Mulheres,2.5839645868041113e-4,2.567629417694967e-4,1.807506406714067e-4,1.65331695319143e-4,1.7732962734876085,1.5635148374660375
Sudeste,65-69,Mulheres,2.390972719653871e-4,2.736858823944018e-4,1.4271382498031227e-4,1.596083501063974e-4,0.9199935148736025,0.9470591610502739
Sudeste,70-74,Mulheres,3.5382993627056195e-4,4.196902133937521e-4,2.9881053079839167e-4,3.126470037325433e-4,1.304976416135295,1.3393175325024884
Sudeste,75-79,Mulheres,5.208661022785366e-4,3.904974260123559e-4,3.7486236619041637e-4,3.0837913016565615e-4,0.9447427389011647,0.7725079146950884
Sudeste,80-84,Mulheres,0.001263614876314137,9.699263857227298e-4,7.302282827674171e-4,6.622553113262031e-4,1.0372385178554744,0.9577618653285149
Sudeste,85-89,Mulheres,0.0022129461064966612,0.00202498217165877,0.0016467745027056128,0.0016515803365596364,1.3912330985584296,1.3957590976868737
Sudeste,90+,Mulheres,0.008032030882417869,0.007896842942580175,0.005113039269232909,0.005030192779692736,2.488885766360782,2.448480509378642
Sul,0,Mulheres,0.0013872991639185994,0.0012463899227631776,8.344646715499992e-4,7.055080291531137e-4,8.01680405520235,6.833206987495711
Sul,1-4,Mulheres,7.0226128005243193e-05,6.520971755966672e-5,3.8626721302091046e-5,3.430350735138213e-5,9.816744048195869,8.903500408605073
Sul,5-9,Mulheres,2.6589363047500238e-5,2.5222270559402522e-5,1.536723083428497e-5,1.4359648497108455e-5,8.865357411552745,8.31346919274539
Sul,10-14,Mulheres,1.923972148670693e-5,1.886530373512537e-5,1.1701683001937368e-5,1.1954212539647824e-5,5.139411980602331,5.244863936383673
Sul,15-19,Mulheres,2.5533425241710217e-5,2.600236070483456e-5,2.0060893777495974e-5,2.1292882228259206e-5,4.600153750589183,4.877087849595309
Sul,20-24,Mulheres,2.3844464185893818e-5,2.5772210592643174e-5,1.800752967384714e-5,1.926785565451133e-5,3.2388359456797167,3.4504422273760604
Sul,25-29,Mulheres,4.3395971452510855e-5,4.432137704550927e-5,2.734974300210557e-5,2.8593173361528995e-5,3.8177901759103836,3.9743636539954545
Sul,30-34,Mulheres,5.937374089079839e-5,5.978130862917244e-5,3.16013356538363e-5,3.195887600209354e-5,3.1649563420296642,3.1688297785029946
Sul,35-39,Mulheres,9.934722187470903e-5,1.0190888676805989e-4,4.4068731980376166e-5,4.5487773215850735e-5,2.906169890020576,2.995258695554863
Sul,40-44,Mulheres,1.4858213379528642e-4,1.4941507537718544e-4,6.792918361032491e-5,6.662600763236197e-5,3.0857116480612135,2.9887154884020366
Sul,45-49,Mulheres,2.082660571698188e-4,2.087599235025618e-4,1.0306134459525449e-4,8.966215083949909e-5,3.19269120358736,2.655050597202098
Sul,50-54,Mulheres,2.0410050185380607e-4,1.8867859359588955e-4,1.2256602008397187e-4,9.569446647724422e-5,2.6976376288893027,2.028968073055427
Sul,55-59,Mulheres,2.889909993163418e-4,2.4228059466195327e-4,2.0989210569627879e-4,1.5397503926665098e-4,3.1511729978030028,2.241506746847153
Sul,60-64,Mulheres,3.898223698881811e-4,2.798673673199608e-4,3.2504837263421367e-4,2.3146938612031093e-4,3.286717564172574,2.3134461285669214
Sul,65-69,Mulheres,4.254058375837148e-4,2.7636868572552766e-4,2.9925412504405404e-4,2.3559063560509757e-4,1.9845350563937336,1.5100773970215717
Sul,70-74,Mulheres,5.039822831880073e-4,4.0075222150473604e-4,2.6976604473235265e-4,1.6910987187485245e-4,1.1418091046627465,0.7150272534819213
Sul,75-79,Mulheres,7.624338898895551e-4,7.31969264306142e-4,3.73218382054948e-4,4.160449939537546e-4,0.9090901837916224,1.0058685289910125
Sul,80-84,Mulheres,0.00110136176192816,0.0010136391739042328,7.111266868324168e-4,6.582625395272842e-4,0.9661150364700755,0.9056292511191814
Sul,85-89,Mulheres,0.001657205951860734,0.002293564770186839,0.0013503793523702036,0.001802957306014231,1.0875843842053625,1.4564877452830227
Sul,90+,Mulheres,0.006564742532707283,0.006905383928927316,0.00488064538083502,0.00514329519759613,2.4384836876960936,2.572041767983542
Centro-Oeste,0,Mulheres,0.0028113967728355897,0.0020307346949908797,0.0015705138781075384,0.0011050658845673633,11.937102433776019,8.341250621833941
Centro-Oeste,1-4,Mulheres,1.1085876255169152e-4,8.572976919693819e-5,6.801453635177655e-5,5.322319279294901e-5,12.350647943047859,9.689814733807227
Centro-Oeste,5-9,Mulheres,3.8082301129555115e-5,3.2921564295069783e-5,2.2453742725589896e-5,1.984208072022304e-5,11.012321515835781,9.702043143073514
Centro-Oeste,10-14,Mulheres,3.448438006976972e-5,2.860772746698496e-5,2.168660120493947e-5,1.7926568312463967e-5,8.165720909968481,6.700098321428041
Centro-Oeste,15-19,Mulheres,4.5851507436562874e-5,3.9808691461293776e-5,3.279779446293866e-5,3.084924269625108e-5,6.345935735523963,6.002741938626052
Centro-Oeste,20-24,Mulheres,3.078170447730559e-5,2.554257295058885e-5,2.3548417083464312e-5,2.0191347674279713e-5,3.695922066173998,3.167428028782983
Centro-Oeste,25-29,Mulheres,4.675005834950244e-5,4.6939132552814976e-5,3.230770850265434e-5,3.245979569359218e-5,4.209071480607045,4.166398722207112
Centro-Oeste,30-34,Mulheres,7.000495585057269e-5,7.953870555188697e-5,4.501641594002066e-5,4.361145181325619e-5,4.15291130032101,3.905512473168206
Centro-Oeste,35-39,Mulheres,9.186973430407117e-5,1.1856031653344929e-4,4.388908324553105e-5,5.5323573643693465e-5,2.689840573573464,3.287530220881936
Centro-Oeste,40-44,Mulheres,1.0161089626749356e-4,1.3175489964188203e-4,6.916973086698571e-5,7.651686596672301e-5,3.1662538980325805,3.342546374637021
Centro-Oeste,45-49,Mulheres,1.3551222594447235e-4,1.4252364718588334e-4,9.07294893558538e-5,7.778516480185786e-5,3.0255455505358677,2.312635546253707
Centro-Oeste,50-54,Mulheres,1.4871432455470417e-4,1.8962728746453123e-4,1.1177028763263449e-4,1.0524568888610818e-4,2.511776879366146,2.0969519827475294
Centro-Oeste,55-59,Mulheres,2.0122774042096787e-4,2.3178362865934382e-4,1.3987210814072565e-4,1.273932707878528e-4,2.192249594049592,1.6837991907474041
Centro-Oeste,60-64,Mulheres,4.884833999410401e-4,2.198657756894656e-4,3.886492287912137e-4,1.8671797549476202e-4,3.640610154688987,1.8463193617243638
Centro-Oeste,65-69,Mulheres,4.912404958134605e-4,3.7484579780423403e-4,3.515502950580326e-4,3.213028407357189e-4,2.0795714988739595,1.8706516660456842
Centro-Oeste,70-74,Mulheres,7.154502074891372e-4,2.2308612512837177e-4,3.942797708193107e-4,1.384727614404353e-4,1.6487359547862495,0.5956425449520708
Centro-Oeste,75-79,Mulheres,0.0010468230833546005,4.3333640335639986e-4,5.831752514540385e-4,3.0153305564638153e-4,1.3998312261382988,0.7126430853471285
Centro-Oeste,80-84,Mulheres,8.397238192617818e-4,0.0013370996305631282,6.846619242811394e-4,0.0011737535874149789,0.976779532122298,1.6718355104606057
Centro-Oeste,85-89,Mulheres,0.0036928187956574445,0.004171962265820342,0.0028924368127512274,0.003259892423772505,2.391406610482393,2.694766431587827
Centro-Oeste,90+,Mulheres,0.009891307734399465,0.009535653311749728,0.0051852957792649515,0.005020125437759614,2.6643005446156436,2.5779120717349606
Rondônia,0,Mulheres,0.004308854844639379,0.0029396085423390246,0.0026245621561483464,0.0017683668340450996,17.78900384193219,11.989568732846502
Rondônia,1-4,Mulheres,2.0249074862314323e-4,1.3793230876155209e-4,1.2575271926871135e-4,9.509523678478289e-5,23.44500690549928,17.64734467522754
Rondônia,5-9,Mulheres,8.348015023881276e-5,7.003501798523804e-5,6.598418006484957e-5,5.7165045964648157e-5,27.609641078182417,24.044156738418685
Rondônia,10-14,Mulheres,7.063117111116875e-5,6.35160729306881e-5,4.29625719509367e-5,4.3733875201778654e-5,13.271921964119745,13.206470585404444
Rondônia,15-19,Mulheres,8.078661891026589e-5,6.02903410706328e-5,6.328458171254523e-5,5.037901031840257e-5,11.508562705168904,9.311900825165436
Rondônia,20-24,Mulheres,8.718887068668813e-5,6.861953861555278e-5,6.79370110527792e-5,5.391212632626542e-5,9.948728872575542,8.026568359023155
Rondônia,25-29,Mulheres,9.158364422400134e-5,5.877814499957341e-5,7.69930172733244e-5,4.955053162600837e-5,9.250256098117632,6.11326458939256
Rondônia,30-34,Mulheres,9.425554521142413e-5,6.995523575964837e-5,6.775327199182961e-5,5.923360936751912e-5,5.23760563060025,4.79734924090736
Rondônia,35-39,Mulheres,1.502063666304294e-4,1.7769576303608873e-4,1.140411711289193e-4,1.3159149787988876e-4,7.263167916485962,8.286144366072408
Rondônia,40-44,Mulheres,1.4790286812731973e-4,1.5681216204726383e-4,1.1407045370866903e-4,1.1235710194389279e-4,5.265103656495103,5.204338864705862
Rondônia,45-49,Mulheres,1.983926414342327e-4,2.467179781308476e-4,1.668856215850096e-4,1.8947356473510783e-4,5.157224976532627,5.844626901228072
Rondônia,50-54,Mulheres,2.786547233267687e-4,3.5636761606041396e-4,2.099303017584716e-4,2.546937555424996e-4,4.8250168130258695,5.333067747744275
Rondônia,55-59,Mulheres,4.4877002110208604e-4,4.6269846193825245e-4,3.317064025642003e-4,3.3712543976109036e-4,4.921985812857659,4.646294120447331
Rondônia,60-64,Mulheres,5.96962953713202e-4,7.023779335057353e-4,5.02619219961777e-4,4.787233779993821e-4,4.789065114883102,4.301240344627409
Rondônia,65-69,Mulheres,0.0010713885034164246,0.0011021431759811525,7.507006960503536e-4,7.639987904172371e-4,4.131576657330442,3.822054399443563
Rondônia,70-74,Mulheres,9.07523503748357e-4,3.366717609442678e-4,5.648863096028772e-4,2.6626992484982283e-4,2.212989327594483,1.0481795115674561
Rondônia,75-79,Mulheres,0.0014504173302541988,9.302778199104516e-4,0.0010146067863018142,7.269400215466773e-4,2.200817529483308,1.6121420634696109
Rondônia,80-84,Mulheres,0.001081431005867373,0.001670878842522912,8.427328228519602e-4,0.0011894842304149488,1.1492688687714518,1.593295052656639
Rondônia,85-89,Mulheres,0.004236364916192624,0.005593362510091083,0.0032360661145148114,0.004183990962482327,2.5621534018404826,3.3164922989064394
Rondônia,90+,Mulheres,0.016283887205451753,0.015657035430003886,0.010550947471450831,0.01007144834572102,5.167315566448809,4.9285353615614165
Acre,0,Mulheres,0.004129663586605638,0.002841972032652567,0.0029715278401722567,0.002020694647050289,16.942831907355032,11.585990491584774
Acre,1-4,Mulheres,1.732217048101728e-4,1.2850157605205284e-4,1.2414132814326918e-4,9.696646228699245e-5,15.10664445900508,11.789072341448492
Acre,5-9,Mulheres,7.424592657820913e-5,6.752439269102735e-5,5.620056409881685e-5,5.268719358992024e-5,18.516448482256262,17.241828569825497
Acre,10-14,Mulheres,5.906173393136749e-5,6.084318186485013e-5,4.970341053875699e-5,5.150672110140434e-5,13.530573793532245,13.891120756380113
Acre,15-19,Mulheres,1.0097450639638754e-4,8.741439807497226e-5,8.262201192988546e-5,7.339026653796944e-5,14.274006468355951,12.724917895458287
Acre,20-24,Mulheres,1.2455695959809164e-4,8.663886728189476e-5,8.312879994776635e-5,6.637466570067508e-5,11.310558388076444,9.122040225896356
Acre,25-29,Mulheres,2.0522606983206301e-4,1.2458516462610607e-4,1.5298922617583026e-4,9.890066176244042e-5,17.486107490603843,11.595391335058732
Acre,30-34,Mulheres,1.1701455614530136e-4,8.199701160212446e-5,1.0088599678449332e-4,6.788305865822682e-5,8.597331087790835,5.664345721342882
Acre,35-39,Mulheres,2.5143979327019227e-4,1.6502371687765311e-4,1.839607274090358e-4,1.3754110751369524e-4,12.150633101344912,9.44170129900799
Acre,40-44,Mulheres,2.5787058281298315e-4,1.972454409537465e-4,1.8301029618810575e-4,1.4297718468855953e-4,8.42058978961906,6.187208867750456
Acre,45-49,Mulheres,3.571610104883456e-4,3.575047430661985e-4,2.56263191072898e-4,2.5449985835961943e-4,8.531281553642177,8.277749311622303
Acre,50-54,Mulheres,5.398777684356821e-4,2.8530636633625184e-4,4.1992232131164893e-4,2.249144166869581e-4,8.632607146938573,4.820553501671629
Acre,55-59,Mulheres,7.089799716569197e-4,5.206498103398696e-4,6.047654235120489e-4,4.2037635800525156e-4,8.021028745297677,5.550731519093852
Acre,60-64,Mulheres,0.0011131136002330358,9.589162965644559e-4,9.143760345187161e-4,7.323813047338069e-4,8.274402974611546,6.667042306710195
Acre,65-69,Mulheres,8.151106534477563e-4,9.099363970377726e-4,6.829888277956411e-4,7.924591260733241e-4,3.8908894355436283,4.547334409399593
Acre,70-74,Mulheres,6.432559762463842e-4,4.482055395176782e-4,4.7505876780991823e-4,3.760346565753305e-4,1.9840653868276437,1.5773132374947312
Acre,75-79,Mulheres,8.487842055129688e-4,0.00107513860212921,7.290527756513756e-4,8.499630258710598e-4,1.7363879760876038,2.017869934227925
Acre,80-84,Mulheres,0.0010545839948391412,0.0021772212714671196,8.060893377984617e-4,0.0015989768185288532,1.1241110044116902,2.2578236904381033
Acre,85-89,Mulheres,0.00506582596032046,0.006415105930626615,0.003655118487541818,0.004725978159684229,3.077588469639388,3.984274105368233
Acre,90+,Mulheres,0.01261065962795763,0.013860686795713693,0.008843887819754778,0.009801780892106569,4.599940395526566,5.106765390124787
Amazonas,0,Mulheres,0.006546947806465116,0.003987194866686881,0.0037493876236172397,0.0022745047478483615,21.676770671042455,12.916880896758476
Amazonas,1-4,Mulheres,3.142323082801585e-4,2.0189453704815892e-4,1.837688737691264e-4,1.1573853739358029e-4,20.196650513552857,12.553865220719146
Amazonas,5-9,Mulheres,7.763563169117998e-5,5.290125225982465e-5,5.586629923781971e-5,4.0640971634056196e-5,18.188495905142123,13.16451885739902
Amazonas,10-14,Mulheres,5.5649391522629166e-5,3.642521426188882e-5,3.977936861561518e-5,2.8861550281987265e-5,11.541944304971127,8.457538094227468
Amazonas,15-19,Mulheres,5.513801905195224e-5,4.909039648914408e-5,4.6463499045903484e-5,4.018236037295035e-5,7.386798809867148,6.439068431383241
Amazonas,20-24,Mulheres,5.646779613112807e-5,3.573454104694143e-5,4.150343713810587e-5,3.028605039125085e-5,5.848174208260529,4.344716837311153
Amazonas,25-29,Mulheres,4.5997526096763735e-5,5.311628563898029e-5,3.486306411960726e-5,3.568543020068692e-5,4.1084086185213335,4.103075552868262
Amazonas,30-34,Mulheres,9.226047294957783e-5,4.865771842187407e-5,6.516438022673104e-5,4.0296451456312616e-5,5.5597221723924175,3.575717815081515
Amazonas,35-39,Mulheres,1.5895620817420864e-4,1.1259783989945922e-4,1.179964367815609e-4,8.931270528214891e-5,7.94459956707102,5.959917680319723
Amazonas,40-44,Mulheres,1.8307419811393883e-4,1.4230054120232893e-4,1.3565121461808834e-4,1.1437920317380692e-4,5.690460800927691,4.843487684823659
Amazonas,45-49,Mulheres,2.2717529045169712e-4,2.0424327430499178e-4,1.618564553355629e-4,1.2960965619711754e-4,4.982079095548078,3.479280503489992
Amazonas,50-54,Mulheres,3.3734388653061307e-4,1.5864840567298964e-4,2.3532523129215284e-4,1.2571985242107998e-4,4.824087816596575,2.6030729162179367
Amazonas,55-59,Mulheres,3.9238620428689257e-4,3.543563341436986e-4,2.728181942010709e-4,2.0953445882958578e-4,3.420706655302025,2.4325069299345214
Amazonas,60-64,Mulheres,7.592921839800539e-4,5.889090114008619e-4,5.559356556627157e-4,4.393220746234992e-4,5.0256353220800145,3.7902957817923175
Amazonas,65-69,Mulheres,9.240442195472072e-4,0.00118598757037874,7.014504250121371e-4,8.908938795619657e-4,3.9602758963616465,4.624316493539279
Amazonas,70-74,Mulheres,9.311632729389216e-4,5.774928264678993e-4,6.445848581181122e-4,4.244716262598639e-4,2.515931959119679,1.642015501791236
Amazonas,75-79,Mulheres,9.857563499837134e-4,0.0012264931326929755,7.546528337812796e-4,8.54850821626839e-4,1.6789923618686449,1.9233152981748893
Amazonas,80-84,Mulheres,0.0020857828118864747,0.0036472993016536705,0.001565766295647232,0.002428075133280453,2.1127444978855716,3.2392189876689406
Amazonas,85-89,Mulheres,0.007064852719378418,0.00835809388579522,0.0038019832849048364,0.004724132903324153,2.9116685789923045,3.6406370336916716
Amazonas,90+,Mulheres,0.020424016823278785,0.02042299424328852,0.012277878292590331,0.012277118648079339,5.861197609574675,5.860823142285905
Roraima,0,Mulheres,0.0028846558319257625,0.0025800005842449977,0.0023179984564586677,0.0020268050419120953,13.40026824991399,11.885018298477545
Roraima,1-4,Mulheres,3.59793302814339e-4,3.4936761375140165e-4,1.9968322122950824e-4,1.9757877776239543e-4,17.14142235556097,17.09705117022612
Roraima,5-9,Mulheres,1.0068350472522608e-4,9.76376683649043e-5,7.195920692353512e-5,6.686623742873612e-5,18.82761277014259,17.566727484424487
Roraima,10-14,Mulheres,1.1603754140847448e-4,1.0864336798766437e-4,8.857443694354948e-5,8.356214735581651e-5,17.150654211694043,16.560441549424638
Roraima,15-19,Mulheres,1.6215471634304523e-4,1.558647286965613e-4,1.1699755378234057e-4,1.1790187345408077e-4,14.198198369215747,14.406399760777463
Roraima,20-24,Mulheres,1.7931952190084033e-4,1.6955175441725007e-4,1.304705135665724e-4,1.2328138583396253e-4,14.821774430610423,14.010491935359878
Roraima,25-29,Mulheres,2.3623522360066788e-4,1.9987048149968127e-4,1.6513225389444997e-4,1.455450949900691e-4,15.509333484296809,13.561722208481536
Roraima,30-34,Mulheres,2.3544490285042698e-4,1.6498904311230248e-4,1.886926538209245e-4,1.4593775942044342e-4,14.723058689480627,11.727313434844824
Roraima,35-39,Mulheres,3.9515739475767597e-4,2.9637361151202597e-4,3.2745157588451215e-4,2.447333455628895e-4,19.862159283912902,15.409898883377316
Roraima,40-44,Mulheres,3.232288181965047e-4,2.3902539307274714e-4,2.674573346124081e-4,1.9000515508331504e-4,11.57840401007618,8.3595002336101
Roraima,45-49,Mulheres,5.068924647991114e-4,4.0694817551260263e-4,3.971721877362624e-4,3.2548621736904897e-4,11.751007761601919,9.746426551992887
Roraima,50-54,Mulheres,9.217609101138818e-4,5.344540347468815e-4,7.282886257313235e-4,4.56295505884474e-4,14.006609462878277,9.32166153288868
Roraima,55-59,Mulheres,6.609579819059271e-4,6.433415896388022e-4,5.029378513009877e-4,5.014554491686394e-4,7.069738945387563,7.023975885451058
Roraima,60-64,Mulheres,0.0015820322006426645,0.0016865736974243347,0.0011968740778529783,0.0012815859888162403,10.476297125862732,11.074704643371383
Roraima,65-69,Mulheres,0.0021030632835191956,0.0019380529475680384,0.0018412337187475327,0.0015222960085395254,9.748432335737213,8.270613730263797
Roraima,70-74,Mulheres,0.0010278279529322388,9.031155084432584e-4,8.689367358186555e-4,7.172729550394375e-4,3.5190107003433466,2.903506744435583
Roraima,75-79,Mulheres,0.0013730316357945512,0.0018063428767156407,0.0010719064640820621,0.0013153988206088185,2.4999826104239298,3.010097440869858
Roraima,80-84,Mulheres,0.0021188161391279578,0.0025614127617641738,0.001707455576649547,0.001981168358448876,2.3920914836624183,2.7091059959645616
Roraima,85-89,Mulheres,0.007548142879996009,0.008481957305030085,0.005963312564988215,0.006632642063936242,4.969707902294757,5.543880614981469
Roraima,90+,Mulheres,0.021554521276549488,0.021659652254843367,0.01666510627598365,0.016735556440289023,8.536175570680761,8.574323031804642
Pará,0,Mulheres,0.003804461240883767,0.002000386822255065,0.0027868284918806186,0.0014126117538876466,17.373377287848108,8.511110829647993
Pará,1-4,Mulheres,1.9337887225465445e-4,1.0918631869127605e-4,1.3139203518551222e-4,6.828544158061283e-5,17.756875377987296,9.237990448713667
Pará,5-9,Mulheres,5.888531296205921e-5,3.7244525027500504e-5,4.374260259694361e-5,2.7844083842027376e-5,15.260958430139397,9.408584535486135
Pará,10-14,Mulheres,3.83943498699007e-5,2.2164470207333376e-5,2.521291046404923e-5,1.470144306009626e-5,7.522563434129784,4.284965841800221
Pará,15-19,Mulheres,6.778807446208866e-5,3.573045099863968e-5,4.8519344387944866e-5,2.7319955428891914e-5,8.340228863849832,4.571106111771424
Pará,20-24,Mulheres,6.861502080707762e-5,4.144221060467971e-5,5.3457128186921994e-5,3.566709637396758e-5,7.517614388659226,4.854547113017939
Pará,25-29,Mulheres,6.697651813250031e-5,3.4626800232789406e-5,5.05033058072697e-5,2.6184954378909603e-5,5.880047759695876,2.997387683228479
Pará,30-34,Mulheres,7.92504014761615e-5,4.394058893713668e-5,6.083855513709177e-5,3.584788329913833e-5,5.5608746876497435,3.249878010239155
Pará,35-39,Mulheres,9.595600541360059e-5,4.973208381286329e-5,7.373761223076935e-5,3.610021090548392e-5,4.788915306011871,2.220708622758509
Pará,40-44,Mulheres,1.2502019283334946e-4,6.5978220465847e-5,9.349359484583786e-5,5.0652076394706406e-5,4.512992315175669,2.185846672784006
Pará,45-49,Mulheres,2.922995501881685e-4,8.734440243104168e-5,2.120398955062624e-4,6.190406987391387e-5,6.8607132979393874,2.0038242911252278
Pará,50-54,Mulheres,3.0776690523553747e-4,1.5063996088663937e-4,2.506823553666509e-4,1.132349502176501e-4,5.6804431085394524,2.4607200022305986
Pará,55-59,Mulheres,6.254152845067498e-4,2.6997184185219086e-4,4.929298027914744e-4,2.1280407498962348e-4,7.6516563292724316,3.1735135386474953
Pará,60-64,Mulheres,6.176634169385033e-4,3.305678798052864e-4,4.578720672633082e-4,2.2698281230207289e-4,4.627619291544415,2.1664031223569378
Pará,65-69,Mulheres,7.498261416359171e-4,6.86013249466855e-4,5.909480677756537e-4,4.104333540342853e-4,3.7710433427087917,2.3785210889922572
Pará,70-74,Mulheres,0.001107793505688544,2.3032997743224114e-4,8.455733995370134e-4,1.885242932258167e-4,3.8235926541808873,0.815733446966849
Pará,75-79,Mulheres,0.0013333861994563423,6.222474738345521e-4,0.001150973870416656,5.140411998985498e-4,2.8571243317675656,1.2720906718627019
Pará,80-84,Mulheres,0.001063364428447264,0.0019153133751715044,8.530760612967007e-4,0.0015317361167021084,1.234340978502352,2.241424296877675
Pará,85-89,Mulheres,0.003717533473251813,0.004912268061397384,0.002868098099108464,0.003675350583861569,2.498821477089928,3.198755080305609
Pará,90+,Mulheres,0.01881104945897763,0.016545360453376595,0.013951048216056609,0.012122975633863334,7.189119754544354,6.238445855006954
Amapá,0,Mulheres,0.00524526724873094,0.003965818975044919,0.004312730400258854,0.003172011128051078,20.822320033082967,15.313190208257451
Amapá,1-4,Mulheres,1.651297336724917e-4,1.693069991347127e-4,1.3357910397201008e-4,1.353800664267063e-4,17.25417738182911,17.675593667922094
Amapá,5-9,Mulheres,8.407843266689656e-5,7.31565849361223e-5,6.587854652256408e-5,6.263082571846901e-5,26.60079987980135,24.648366802921196
Amapá,10-14,Mulheres,6.578092635056545e-5,6.0946081261315245e-5,5.422082371138217e-5,4.9439087964435315e-5,16.626926883748663,15.175405558562918
Amapá,15-19,Mulheres,1.1999609482863325e-4,1.066643096448745e-4,9.321683570976705e-5,8.225533494567274e-5,14.856330743729416,13.061221759856423
Amapá,20-24,Mulheres,2.3579161931098548e-4,1.6662920597805203e-4,1.901895564229533e-4,1.3207965783972603e-4,24.566629950445073,16.686332102488464
Amapá,25-29,Mulheres,2.518316987858411e-4,1.8055044036147e-4,2.0396378856493954e-4,1.5443409378108967e-4,21.140971432279358,15.94150632635403
Amapá,30-34,Mulheres,2.707649019521822e-4,1.2640709427228454e-4,2.2055217442593116e-4,1.0008400181974355e-4,19.33346033972939,8.446194018427096
Amapá,35-39,Mulheres,2.982241687113181e-4,2.046388565495199e-4,2.456895828544943e-4,1.4983328094985785e-4,16.53403311103032,9.226109049849926
Amapá,40-44,Mulheres,4.1682489603944614e-4,2.646173044116759e-4,3.54459969862851e-4,2.1089359454627083e-4,15.479094258631662,8.732756765913521
Amapá,45-49,Mulheres,6.590407180361395e-4,3.726841354529282e-4,5.146965004929023e-4,3.214897181350758e-4,16.452968123084716,10.078959571716851
Amapá,50-54,Mulheres,6.474524260675467e-4,3.697949820599398e-4,5.031168646384226e-4,3.020072838784585e-4,11.004473564821266,6.630167216968
Amapá,55-59,Mulheres,0.0012731549880305722,4.891714235348483e-4,9.98020361078164e-4,4.240427173030848e-4,14.071875593168018,5.816315315826564
Amapá,60-64,Mulheres,0.00187025415025612,8.478953150711007e-4,0.0014884314450324331,6.260637653945192e-4,15.341874499884115,5.902839885213217
Amapá,65-69,Mulheres,0.0025352613800505804,0.001371066681255034,0.0019235586140868804,0.0011691273712792372,11.65630791176767,7.090969891079299
Amapá,70-74,Mulheres,0.0020023706037116946,5.033054699816999e-4,0.0018059987875298235,4.427812552809314e-4,8.02350943316724,1.953509634001081
Amapá,75-79,Mulheres,0.0016757328561696732,0.0013111713888518213,0.0014770112691510032,0.0010651295739983226,3.914315640174176,2.7130605213041927
Amapá,80-84,Mulheres,0.002590328636727098,0.00432380333658895,0.0020876380961891874,0.003301533302041029,3.225965133137666,5.184875672772612
Amapá,85-89,Mulheres,0.005997208507392472,0.009478463037390042,0.004645460873980602,0.007537301900058122,4.195041164174309,6.9403945816971655
Amapá,90+,Mulheres,0.03233690458678442,0.037229815239733316,0.026286874940249658,0.030632696339362452,13.277834481252851,15.691394061481937
Tocantins,0,Mulheres,0.0029546577230095904,0.0021880118107753324,0.0017733257187035978,0.0013117816981767882,12.759206707287174,9.48116631913668
Tocantins,1-4,Mulheres,1.3169587862833752e-4,1.0783638234574754e-4,8.659785848926656e-5,7.072193602179091e-5,11.941163162422553,9.769785943439588
Tocantins,5-9,Mulheres,5.671015557074461e-5,5.2692705103135983e-5,4.6525180691365156e-5,4.2686844065552984e-5,15.645038240204837,14.202361785005078
Tocantins,10-14,Mulheres,6.349125916247659e-5,6.154410704881272e-5,5.106333629985459e-5,5.032359783006957e-5,15.958232449918869,15.599285611589227
Tocantins,15-19,Mulheres,6.493444236300908e-5,5.753692792902637e-5,5.081786809237586e-5,4.487574928136834e-5,8.895738871807453,7.935220737030933
Tocantins,20-24,Mulheres,1.0437737680832603e-4,1.0761071423186166e-4,8.53545452980711e-5,8.720728452706792e-5,12.596401919751063,13.004534945731988
Tocantins,25-29,Mulheres,7.268787397560183e-5,7.04934208837179e-5,5.634453130180609e-5,5.5404187191632116e-5,6.234067861876291,6.119881921335223
Tocantins,30-34,Mulheres,1.12489933861795e-4,1.1198892743563614e-4,9.495563284529195e-5,9.195975502339806e-5,8.213806211269198,7.886926113663441
Tocantins,35-39,Mulheres,1.3506151712791166e-4,1.3974877599501827e-4,1.1141204440217293e-4,1.1146020481648653e-4,7.286235564049143,7.256993970654115
Tocantins,40-44,Mulheres,1.7490334945484626e-4,1.8858245452272685e-4,1.1675969038988442e-4,1.1881065067653557e-4,4.87714196507512,4.957390747180444
Tocantins,45-49,Mulheres,2.281198692276587e-4,2.3540802534125353e-4,1.6579889864336037e-4,1.719755971615874e-4,4.561674212524782,4.742624722558221
Tocantins,50-54,Mulheres,2.9400610632501816e-4,3.384638067804303e-4,2.0678617176853763e-4,2.341933581316658e-4,4.1908658430740156,4.714116059184661
Tocantins,55-59,Mulheres,2.8540278166023456e-4,2.467042227102302e-4,2.0391284222297387e-4,1.8839833375073744e-4,2.9721933238257447,2.698543306615807
Tocantins,60-64,Mulheres,6.916805918803272e-4,6.208736434459716e-4,5.648762959280835e-4,5.212043693343024e-4,5.355837846161686,4.923667352300712
Tocantins,65-69,Mulheres,6.18425714514158e-4,7.561913997652842e-4,4.991802847960988e-4,5.542025318386755e-4,2.991207476624394,3.2306851767388913
Tocantins,70-74,Mulheres,4.809380649596929e-4,3.2573622970434645e-4,2.3674145632098022e-4,2.5476997952145804e-4,1.0383810663608315,1.0659156078104355
Tocantins,75-79,Mulheres,8.281778850392625e-4,6.776931171697e-4,4.476280270650183e-4,5.039506866526324e-4,1.0688936738869077,1.1930005957433814
Tocantins,80-84,Mulheres,0.0010550300175021189,0.0013428948614668448,8.511017143856553e-4,0.0010393170174160975,1.2228792657050709,1.5019820406685414
Tocantins,85-89,Mulheres,0.0028638518566126234,0.0033936204712814713,0.0022637395240729346,0.002516701338648128,1.9598129939418296,2.1696136309362792
Tocantins,90+,Mulheres,0.004918419725841919,0.005488861396570183,0.00359773269321509,0.003966649919282995,1.9127554555777901,2.1081592978213126
Maranhão,0,Mulheres,0.009912573125005823,0.0026242400405881994,0.0071204913659549795,0.002184726274869865,40.46769365900162,12.262785276809291
Maranhão,1-4,Mulheres,6.435336187695539e-4,1.7263567225214087e-4,4.577454149795507e-4,1.3713016313756784e-4,55.79020027345989,15.933731802620658
Maranhão,5-9,Mulheres,1.0051620972996184e-4,4.420304256045862e-5,7.386175541880102e-5,3.429066871169195e-5,27.388178563485045,12.763204111473241
Maranhão,10-14,Mulheres,7.820730185483856e-5,2.8646357907048335e-5,5.431004524489299e-5,1.820387931739655e-5,17.676389973346385,6.242976308125897
Maranhão,15-19,Mulheres,1.5336873892046117e-4,6.0027575953463416e-5,1.1592836237910363e-4,4.962340491367688e-5,20.97437703130398,8.886242030881787
Maranhão,20-24,Mulheres,2.004024948360985e-4,4.87820184070311e-5,1.3760238070049819e-4,3.568646073462828e-5,17.733958583383394,4.553207595330075
Maranhão,25-29,Mulheres,2.7719216190872124e-4,9.217078122205187e-5,2.0267119474096296e-4,7.242417238786904e-5,21.359729323661245,7.415251163514262
Maranhão,30-34,Mulheres,2.857894863632919e-4,9.077098937104414e-5,2.0081222846669814e-4,7.650546006249397e-5,17.33849849399922,6.437421664447716
Maranhão,35-39,Mulheres,4.7571099739200656e-4,1.0879389829666597e-4,3.387701107489843e-4,9.313665557723811e-5,20.05019964740668,5.501267393714844
Maranhão,40-44,Mulheres,5.350029186080172e-4,1.1114200139991882e-4,3.6574618332638073e-4,8.625752540622712e-5,15.200299557488705,3.552936735465548
Maranhão,45-49,Mulheres,0.0010739239988859473,2.2988682510364204e-4,7.611455022442164e-4,2.0393324503949507e-4,21.55173265206713,5.734624439117967
Maranhão,50-54,Mulheres,0.00120204505657644,2.9310735997666666e-4,8.825312472453003e-4,2.448894832651551e-4,17.459207649116795,4.887866831822862
Maranhão,55-59,Mulheres,0.001755277791784838,4.3023734099056785e-4,0.0012855716249367763,3.5806036563040957e-4,17.627750129663042,4.991373909159764
Maranhão,60-64,Mulheres,0.002697636005205181,6.677506363932192e-4,0.0019679740760564905,5.446703750157281e-4,18.100526572337824,5.107011573120069
Maranhão,65-69,Mulheres,0.0029528402883528754,7.079283515093966e-4,0.0021195632118111893,5.712111664428898e-4,12.740197792709134,3.4156144783497417
Maranhão,70-74,Mulheres,0.002784726769385417,5.371792865391745e-4,0.0019612520440258777,4.4121924207357507e-4,8.811324586431702,2.002485109391904
Maranhão,75-79,Mulheres,0.0023689872725747023,7.966915262138615e-4,0.0015752022239980286,6.23650540425702e-4,4.07542710952848,1.5599153695286887
Maranhão,80-84,Mulheres,0.002093138409540487,0.0029204863351204756,0.0017405892814324987,0.002296838982569212,2.703068714779775,3.5019432866342752
Maranhão,85-89,Mulheres,0.01572511887314269,0.012566493464820808,0.012730785033222754,0.010310629877115186,11.405168910232913,9.359843031719361
Maranhão,90+,Mulheres,0.09789619908412446,0.07603335871951127,0.07291189770731554,0.056801533228135456,33.89661004824821,27.19789904579856
Piauí,0,Mulheres,0.002411426622405596,0.0018029709030070386,0.0018867664473096353,0.0013645332204696842,10.900876572503837,8.124817738307236
Piauí,1-4,Mulheres,8.798601029586368e-5,7.482347202995048e-5,6.373598449360549e-5,5.042737390158402e-5,10.379325291031137,8.341308863964574
Piauí,5-9,Mulheres,4.304151879088348e-5,4.141640008166245e-5,3.469057584205782e-5,3.3318679986611616e-5,12.069206044305547,11.487706058163873
Piauí,10-14,Mulheres,3.8264201405154495e-5,3.730742164984896e-5,2.97369957239846e-5,3.0418683360229706e-5,9.17746913300181,9.367608332739374
Piauí,15-19,Mulheres,4.897257866687712e-5,4.824792711504049e-5,4.057433084580301e-5,4.0176741046299434e-5,7.574058653746098,7.4131155405727664
Piauí,20-24,Mulheres,3.488461566952959e-5,3.591116884994221e-5,2.8178360973056232e-5,2.9816812910712158e-5,3.9584554544259896,4.174942354612536
Piauí,25-29,Mulheres,5.90890192751999e-5,5.930934178644033e-5,4.333976098704064e-5,4.5142341569862715e-5,5.109171769949391,5.241830527359454
Piauí,30-34,Mulheres,6.016218423835709e-5,6.093710455260422e-5,4.664081832505897e-5,4.781926856193809e-5,4.415074030442153,4.4687441697238945
Piauí,35-39,Mulheres,5.891050222503279e-5,5.695389230635908e-5,4.804765461126049e-5,4.564859359001345e-5,3.2505074953884057,3.0882156531144678
Piauí,40-44,Mulheres,1.8974553399755706e-4,1.8206672706378566e-4,1.310097243877393e-4,1.2494470395197035e-4,5.449488465862534,5.192880344279359
Piauí,45-49,Mulheres,1.6899882061591068e-4,1.7282604185932596e-4,1.2820083767490324e-4,1.2297917964923345e-4,3.9412506125464755,3.834805139293889
Piauí,50-54,Mulheres,1.1762743447040181e-4,1.3892009954875013e-4,9.80910544702994e-5,1.134054877266552e-4,2.2326782294215333,2.4800268206395732
Piauí,55-59,Mulheres,2.242682167747729e-4,2.1741862586087003e-4,1.8333897542878357e-4,1.828074678926211e-4,2.9975523757722105,2.9045990124002605
Piauí,60-64,Mulheres,3.152796623902941e-4,3.4563653849913783e-4,2.4892579337045445e-4,2.5030497550553065e-4,2.5269141425789643,2.6341969009091732
Piauí,65-69,Mulheres,5.174017057471641e-4,4.6704427435377457e-4,4.0757339829695943e-4,3.629440265645436e-4,2.7686913008657976,2.5680402434737117
Piauí,70-74,Mulheres,2.512895773665676e-4,3.2040404465709756e-4,2.0833466417364863e-4,2.714857161555619e-4,0.9839070891362758,1.2585331170246716
Piauí,75-79,Mulheres,5.755849891197086e-4,7.972471418539416e-4,4.6024376152568473e-4,6.239835449308563e-4,1.1822283439322143,1.5324938113090374
Piauí,80-84,Mulheres,0.0012801948420124525,0.0015573019439468023,0.0010721854013291431,0.0012180355182540977,1.6498260137856606,1.8812165146738158
Piauí,85-89,Mulheres,0.004098338667998624,0.0046756917639618105,0.003292473023264405,0.0037777813188398907,2.942795659623259,3.3527273140756244
Piauí,90+,Mulheres,0.004172161735776168,0.005000689541280208,0.0033924172820322036,0.003846127862060282,1.980208054417689,2.21591078072308
Ceará,0,Mulheres,0.003163338986381521,0.002237567894637442,0.001935096198935773,0.001274671920312622,15.234069058573022,10.244140805957013
Ceará,1-4,Mulheres,1.3898964180224262e-4,1.03487482275819e-4,9.096432069093311e-5,6.62409984236493e-5,16.973403732342916,12.115157979657246
Ceará,5-9,Mulheres,4.7513763446977515e-5,3.985166343261256e-5,3.317355722179621e-5,2.8071922286132403e-5,16.042917074063862,13.347245393635673
Ceará,10-14,Mulheres,2.833273093879461e-5,2.45514110044232e-5,2.247463869499568e-5,1.9729033231967478e-5,8.344753894886379,7.305107730814756
Ceará,15-19,Mulheres,3.1543973929821264e-5,3.211105124659089e-5,2.7107126432808328e-5,2.7510811899041635e-5,5.2117457497384185,5.301174972005099
Ceará,20-24,Mulheres,4.0803296467712666e-5,4.580068843078997e-5,2.9248152535937005e-5,3.256086476304086e-5,4.508470447753526,5.001464503159997
Ceará,25-29,Mulheres,4.882556462600862e-5,4.993428406715802e-5,3.665559449677534e-5,3.712745421694199e-5,4.876423322474585,4.921738863051199
Ceará,30-34,Mulheres,4.860532048869406e-5,5.1076546112710104e-5,4.0624842445676325e-5,4.185400429912497e-5,4.212230415446936,4.311321934322414
Ceará,35-39,Mulheres,7.710241915215314e-5,8.620187520016051e-5,5.667288232815703e-5,6.037987098416445e-5,4.18976226759974,4.333194372323351
Ceará,40-44,Mulheres,7.947862246522063e-5,8.495859769682936e-5,5.940077790292255e-5,4.874168741157279e-5,2.82484674244362,2.2162861364052735
Ceará,45-49,Mulheres,1.3105524278831464e-4,1.1354774655215125e-4,1.1518225415489842e-4,9.029304654023682e-5,4.032564256813284,3.0934893503812457
Ceará,50-54,Mulheres,1.847952127040667e-4,1.7042139468040167e-4,1.4953318673578269e-4,1.233436076522231e-4,3.3801296825160567,2.6641806197430973
Ceará,55-59,Mulheres,3.4073725566763813e-4,3.398519546276535e-4,2.6977876035898295e-4,2.2567875271810092e-4,4.093915167659783,3.361834352738
Ceará,60-64,Mulheres,3.943625694955104e-4,4.2524651101021857e-4,2.5609083640913124e-4,2.773560875886136e-4,2.653511501531922,2.7862571463286874
Ceará,65-69,Mulheres,3.1879199917526967e-4,4.4494317428366817e-4,2.6098876932275635e-4,3.178011804520714e-4,1.7497655021647889,2.1393201794392835
Ceará,70-74,Mulheres,3.1650034256493063e-4,5.097474433306722e-4,2.629340439735156e-4,3.9816621854656483e-4,1.2427135184820537,1.8727226282647353
Ceará,75-79,Mulheres,8.075961945159072e-4,0.001043050354915291,6.32679720397278e-4,8.498729258345916e-4,1.6700776010476932,2.240826170845143
Ceará,80-84,Mulheres,0.001783782880069546,0.0019784050786310022,0.0015430794741504328,0.0016860546285852225,2.3479947767937217,2.575729698449511
Ceará,85-89,Mulheres,0.005518120109423589,0.005872682980536959,0.004736045521114855,0.004922865403290223,4.213559604728574,4.37083132395075
Ceará,90+,Mulheres,0.0060652375132429805,0.006142957378467729,0.005157057740262676,0.004991945073880987,3.068261917040145,2.9944969141999676
Rio Grande do Norte,0,Mulheres,0.003927766974594654,0.0024747647077477367,0.0031666187366343255,0.0019159673470626334,20.954536715422574,13.174241067064399
Rio Grande do Norte,1-4,Mulheres,1.645446216964995e-4,1.2676429596765026e-4,1.1990468971415287e-4,9.034631023478372e-5,24.388480813730702,19.479846996883232
Rio Grande do Norte,5-9,Mulheres,3.642348611913203e-5,3.444934161201223e-5,2.6318840409752706e-5,2.53902073227527e-5,11.073580647652728,10.620323744804667
Rio Grande do Norte,10-14,Mulheres,4.312056476869162e-5,3.8025277006783006e-5,3.352796534806328e-5,2.8857547456638008e-5,14.293814373308148,12.365829892935547
Rio Grande do Norte,15-19,Mulheres,5.9377220434470235e-5,5.3812820400089394e-5,4.5393446598625666e-5,4.042991049097461e-5,10.301590510208888,9.174793522597227
Rio Grande do Norte,20-24,Mulheres,4.2662255239971295e-5,4.7858765280592086e-5,3.465218857973134e-5,3.8954676912677034e-5,5.478954624095226,6.183637764280874
Rio Grande do Norte,25-29,Mulheres,3.8932619264141566e-5,4.186371071426032e-5,3.055144892675546e-5,3.3835483036159035e-5,4.200888580280129,4.6839265780735335
Rio Grande do Norte,30-34,Mulheres,8.547718119801676e-5,9.213034110240663e-5,5.815527701746826e-5,6.185830796296465e-5,6.262017862037171,6.672803336807051
Rio Grande do Norte,35-39,Mulheres,5.799552077163218e-5,6.100414707141316e-5,4.290292340502892e-5,4.1533781250018485e-5,3.2996725885577796,3.1635845555919953
Rio Grande do Norte,40-44,Mulheres,1.518880624742977e-4,1.6950764506734473e-4,1.0853460269204006e-4,1.1103938880677412e-4,5.334540122114944,5.250059910626418
Rio Grande do Norte,45-49,Mulheres,1.2737299496574011e-4,1.530415557030455e-4,9.261723052282838e-5,9.39968692675973e-5,3.075558320636571,3.144087567100003
Rio Grande do Norte,50-54,Mulheres,2.009196902344953e-4,1.6048377598159994e-4,1.6190262714240692e-4,1.318295420687544e-4,3.71746020745431,2.972002991678196
Rio Grande do Norte,55-59,Mulheres,3.4436938443377054e-4,3.34165193102521e-4,2.8600086882680874e-4,2.576635777789038e-4,4.452246485139945,3.8943695398265863
Rio Grande do Norte,60-64,Mulheres,4.1282550583415214e-4,3.814435791723631e-4,3.0493173871999624e-4,2.8019576698299085e-4,3.1543866066238344,2.8251005153467696
Rio Grande do Norte,65-69,Mulheres,3.7627245852257953e-4,3.717590262003705e-4,2.632274301451738e-4,3.111047803758033e-4,1.8690378647478683,2.167065224822669
Rio Grande do Norte,70-74,Mulheres,2.384989172151358e-4,5.399501986068052e-4,1.99559814768175e-4,4.555500128291592e-4,0.9634718076071396,2.1954721016987944
Rio Grande do Norte,75-79,Mulheres,6.990429391919562e-4,0.001067819346565446,4.873882454125911e-4,8.432359020663771e-4,1.2717742579293116,2.2589945461821874
Rio Grande do Norte,80-84,Mulheres,0.0013807706802242423,0.0015971719708169274,0.0012328226330987535,0.0013671866646219174,1.9384636163334568,2.1592184712193596
Rio Grande do Norte,85-89,Mulheres,0.00522835903740669,0.0059757715228387805,0.004307464857419033,0.004858572279171328,3.9181423220375504,4.410246199401562
Rio Grande do Norte,90+,Mulheres,0.004548627055015447,0.005375790964576557,0.003590189152193913,0.004054368769682762,2.121002269714574,2.406087372566256
Paraíba,0,Mulheres,0.0035269957489667612,0.0023540080310092927,0.0024369007853682866,0.0015074554518051176,17.10212117929913,10.86201539301471
Paraíba,1-4,Mulheres,1.1422884348968336e-4,7.988959947637886e-5,7.814580621404713e-5,5.124667831130428e-5,14.126774710587547,9.691778716254305
Paraíba,5-9,Mulheres,3.869247973566284e-5,3.227205461025709e-5,2.8370504632844674e-5,2.4049550726676878e-5,12.772785131322168,10.768498405637162
Paraíba,10-14,Mulheres,3.552680420013817e-5,3.2683675939402654e-5,2.7777761504734157e-5,2.5723177637127736e-5,10.133481744404458,9.344055579846266
Paraíba,15-19,Mulheres,4.7021659521077503e-5,4.89878720426223e-5,3.9017241163170925e-5,3.927569790179472e-5,8.174826490717216,8.377845978092648
Paraíba,20-24,Mulheres,4.951512348021709e-5,4.993660103932516e-5,4.2497359322951354e-5,4.275471521283414e-5,6.6987580844351164,6.7382462660142055
Paraíba,25-29,Mulheres,7.830266010105765e-5,7.456628562175923e-5,6.523622984040429e-5,6.516732153352103e-5,8.826828187764844,8.83815227903882
Paraíba,30-34,Mulheres,6.619723550238116e-5,5.88073848201378e-5,5.093205401398697e-5,4.550613790175403e-5,4.904262200306053,4.383412436036405
Paraíba,35-39,Mulheres,1.0087041115070898e-4,1.0659744750197379e-4,5.374397495133966e-5,5.718568222630742e-5,3.445917623633342,3.693425567924817
Paraíba,40-44,Mulheres,1.5548950788076436e-4,1.712644172070188e-4,8.26069596271941e-5,9.122650290625254e-5,3.5935302240356943,3.8966947359122637
Paraíba,45-49,Mulheres,1.887604515696169e-4,1.826416389362111e-4,1.4285662591546495e-4,1.1596446693436946e-4,4.404488030752253,3.524988827619082
Paraíba,50-54,Mulheres,2.527972540255572e-4,2.872150124233827e-4,1.5225686257597893e-4,1.5979131636060853e-4,3.196555780117632,3.203166530864431
Paraíba,55-59,Mulheres,2.1786972686659234e-4,2.4044079453854243e-4,1.5974668687413938e-4,1.6575971116659566e-4,2.2609522075075423,2.4442590248474017
Paraíba,60-64,Mulheres,3.2114240365379454e-4,2.743728534736563e-4,2.3195694547018878e-4,1.9810976554769424e-4,2.377949958286243,1.9683148862017767
Paraíba,65-69,Mulheres,4.5109619731169856e-4,5.020665238010891e-4,3.5794181425756943e-4,3.559370487057415e-4,2.2754800199708574,2.288729895341135
Paraíba,70-74,Mulheres,2.4924881263999635e-4,3.6610674324700105e-4,1.9668389447436511e-4,2.7052118444024375e-4,0.9243372711781781,1.22333988834214
Paraíba,75-79,Mulheres,9.170348098019471e-4,9.116095047869707e-4,7.038407119306766e-4,6.794926219285165e-4,1.7889640125444195,1.683859864437931
Paraíba,80-84,Mulheres,0.0017287202383392602,0.001794039795634265,0.001520393892825829,0.0016070477792563328,2.2540014200640246,2.3995144512660156
Paraíba,85-89,Mulheres,0.006137232050813559,0.006508468849151208,0.005245877340313332,0.005610724555920604,4.597536114650804,4.915653087515895
Paraíba,90+,Mulheres,0.006093588280387502,0.006560566829499176,0.004872379139853508,0.005048078055929575,2.8771525886206675,2.98569648608729
Pernambuco,0,Mulheres,0.0033092758226368354,0.001925050646630561,0.0021196245801423375,0.0011751270902028573,15.935952253752314,8.96640116430018
Pernambuco,1-4,Mulheres,1.4017301488058098e-4,9.582636488926195e-5,8.038672906552266e-5,6.163523401875224e-5,15.97107097858469,11.295437208006764
Pernambuco,5-9,Mulheres,4.881499197484577e-5,3.927858876164387e-5,3.725234808895083e-5,3.094107451148675e-5,16.314311155698853,13.281775568315812
Pernambuco,10-14,Mulheres,3.6832360275945906e-5,3.213571620115671e-5,2.703517383973715e-5,2.471224884137641e-5,9.977486180003094,9.046171501636243
Pernambuco,15-19,Mulheres,4.583837340925063e-5,3.812153118548034e-5,3.763383478244494e-5,3.130132799052005e-5,7.125409009209595,5.957140686380058
Pernambuco,20-24,Mulheres,4.159272649716869e-5,3.1095688552265714e-5,3.402651716271372e-5,2.5134740488316806e-5,5.40636032806431,3.9245268088135923
Pernambuco,25-29,Mulheres,3.680634114240485e-5,2.3252519935522818e-5,2.972545877677772e-5,2.016083963440088e-5,3.704315352336766,2.529093318148918
Pernambuco,30-34,Mulheres,5.29144169872741e-5,5.096697664703119e-5,4.069781666831452e-5,3.5753613913010964e-5,3.820560954289265,3.295293319526353
Pernambuco,35-39,Mulheres,8.818734302187788e-5,7.787890926104499e-5,7.11832896904804e-5,6.052364669001973e-5,4.712468881412105,3.8954875604652197
Pernambuco,40-44,Mulheres,9.627858805914077e-5,9.442508237529892e-5,8.178213943158502e-5,7.459398508905115e-5,3.631944764447189,3.2132431387671585
Pernambuco,45-49,Mulheres,1.1432103797317458e-4,1.0923010245857103e-4,9.703987525145111e-5,6.949803019823822e-5,2.9144128621339096,2.009152756640964
Pernambuco,50-54,Mulheres,2.126571387533594e-4,1.6963995132519429e-4,1.6854323757040609e-4,1.3081491809027244e-4,3.1847804692759025,2.358967358066927
Pernambuco,55-59,Mulheres,2.920224247454444e-4,2.6423748896554385e-4,2.3261555820210545e-4,1.6264158755878607e-4,3.105082043611452,2.074139614874658
Pernambuco,60-64,Mulheres,3.7068584141660045e-4,2.626872362570759e-4,2.7853693005404405e-4,1.6834755578888356e-4,2.517593244135944,1.447521703399772
Pernambuco,65-69,Mulheres,5.304067820601002e-4,3.671786196459617e-4,4.1897865045905465e-4,2.9440812327241627e-4,2.292122239165811,1.6340942660128768
Pernambuco,70-74,Mulheres,3.5871446956538245e-4,2.960507000863448e-4,2.2794498029732788e-4,2.3595464329087198e-4,0.9558182060751066,0.9914191318862741
Pernambuco,75-79,Mulheres,8.016724372164444e-4,7.305542042615026e-4,6.064459251689082e-4,5.677534522928263e-4,1.393986406445177,1.312604374956339
Pernambuco,80-84,Mulheres,0.0013405022729423895,0.0016447727252230301,0.0011946940039944149,0.0013940342227177608,1.6507326422469972,1.9393178073146617
Pernambuco,85-89,Mulheres,0.005367393326523628,0.005834744934066788,0.004526986592031132,0.004938632429382076,3.7221401168522745,4.060322108917239
Pernambuco,90+,Mulheres,0.008842322364000321,0.009677973731260465,0.007286144178227121,0.007947692639856126,3.7944779526053733,4.139246714741437
Alagoas,0,Mulheres,0.01262454264263176,0.002766652547361911,0.01065516729699271,0.002104536637040948,63.830241020137855,12.813184052303972
Alagoas,1-4,Mulheres,5.048668347246053e-4,1.3818082209182087e-4,4.2659043223914744e-4,1.0536628432511289e-4,62.77726894491823,15.765119865188085
Alagoas,5-9,Mulheres,8.73666108733792e-5,3.991487018194446e-5,7.55962274770599e-5,3.153098772171795e-5,26.184417519909147,10.832505409258317
Alagoas,10-14,Mulheres,6.410702876623541e-5,3.5105748874447666e-5,5.279203448098715e-5,2.5842346351471816e-5,17.88127112731729,8.904981640033007
Alagoas,15-19,Mulheres,8.983404369632318e-5,5.4592631388617735e-5,7.153344208608652e-5,4.1953277735491916e-5,12.526550249311999,7.410576222068572
Alagoas,20-24,Mulheres,1.2995736223156242e-4,6.28381812681237e-5,1.1011106558134392e-4,5.2941742068296e-5,15.409550038488195,7.514200878908155
Alagoas,25-29,Mulheres,1.5257533668866456e-4,6.339438148718879e-5,1.3010348314906528e-4,5.2550113632431044e-5,15.621050960579144,6.475946959665961
Alagoas,30-34,Mulheres,1.1597090383681618e-4,8.679820587785412e-5,9.873610805529809e-5,6.375293581833908e-5,8.915044202923296,6.010286521522495
Alagoas,35-39,Mulheres,2.13292715330422e-4,8.155367805925131e-5,1.7493069026626646e-4,5.946298739001134e-5,10.8096718077389,3.647722668634269
Alagoas,40-44,Mulheres,3.8938792682816575e-4,1.0404625502708541e-4,3.4232010482121883e-4,8.21446439310422e-5,13.940501623478433,3.3157698357812926
Alagoas,45-49,Mulheres,5.194407871572578e-4,1.7324943170327306e-4,4.796083250198299e-4,1.3713360760074674e-4,12.507594924632654,3.5680807591943644
Alagoas,50-54,Mulheres,9.272109330374341e-4,2.1492171359178955e-4,8.676566717347999e-4,1.6591564920344988e-4,15.43005744210188,2.9729726088930617
Alagoas,55-59,Mulheres,0.0011685687612627736,3.7861311821798583e-4,0.0010080976242876718,2.8712334509259433e-4,11.848222526805477,3.357213646444477
Alagoas,60-64,Mulheres,0.0015778125881864228,3.530439174106333e-4,0.0014188721130796147,2.423708623619414e-4,10.963008892632518,1.8717117828947318
Alagoas,65-69,Mulheres,0.002257424904479499,5.490496186668989e-4,0.001977982564106781,4.0889530987973916e-4,10.166550844280763,2.0851780124386363
Alagoas,70-74,Mulheres,0.0024186545797691807,3.5644790383889535e-4,0.002115017429725313,2.835943320702741e-4,8.310476933905674,1.1032354475750012
Alagoas,75-79,Mulheres,0.0025985314871206375,7.483963714206965e-4,0.00227444613634007,6.079625658297099e-4,5.234379530248466,1.3760923330690396
Alagoas,80-84,Mulheres,0.0015325658038340152,0.0022791827811061253,0.0012567853647229503,0.0019203731039098386,1.6902541001742784,2.5969540675765375
Alagoas,85-89,Mulheres,0.011148209312478645,0.00715309965527832,0.009740648406654631,0.00567032987967876,8.026290159955392,4.670414791067821
Alagoas,90+,Mulheres,0.06047439302049617,0.027382594809294253,0.052430254261686175,0.021371358747302838,25.914595753884374,10.37761156553641
Sergipe,0,Mulheres,0.0031967885530745643,0.002304697536463995,0.002424806270396204,0.0018079301463113618,14.575686641254551,10.882340687154228
Sergipe,1-4,Mulheres,1.1891545317730072e-4,9.080194700666415e-5,7.820382814403192e-5,7.02158883140765e-5,12.573177809039587,11.326948045954111
Sergipe,5-9,Mulheres,4.6774741386378e-5,4.012641052158105e-5,3.389644943966568e-5,3.198665531527913e-5,13.45470733229012,12.268141502964612
Sergipe,10-14,Mulheres,4.952145223318304e-5,4.489202493107929e-5,3.653080811339084e-5,3.387349790402305e-5,15.946731714657286,14.68026097731049
Sergipe,15-19,Mulheres,4.699058763550767e-5,4.817145496814558e-5,3.489584086246311e-5,3.704320547525267e-5,7.513483022536301,8.103188692525466
Sergipe,20-24,Mulheres,6.1003468048032554e-5,5.7770448998016444e-5,4.811410396167421e-5,4.5445459252404954e-5,8.020322618284897,7.571491540864896
Sergipe,25-29,Mulheres,5.23900268086889e-5,4.95530647288498e-5,4.464337996813448e-5,4.381025285321194e-5,6.469331349177189,6.294316675730208
Sergipe,30-34,Mulheres,9.299662714451411e-5,7.993957903910094e-5,7.481195124203925e-5,6.916287758433284e-5,7.334234145320612,6.673868546973926
Sergipe,35-39,Mulheres,8.646102414925859e-5,8.544234012756611e-5,6.69210508512213e-5,6.858830899644551e-5,4.599877054033121,4.639311469647382
Sergipe,40-44,Mulheres,1.52901884329667e-4,1.2978825094945532e-4,1.1590965474211315e-4,1.0694176457794531e-4,5.446259722079305,4.945001096693734
Sergipe,45-49,Mulheres,1.7259894277182067e-4,1.9800956974175163e-4,1.2253848393522541e-4,1.3988971670758038e-4,3.7030711217398724,4.4134292780086755
Sergipe,50-54,Mulheres,3.551738407155097e-4,2.9857220881774227e-4,2.395315432747801e-4,2.1521678005456167e-4,5.154731659131094,4.523712783741743
Sergipe,55-59,Mulheres,3.785347086100215e-4,3.4845660727803106e-4,2.58582011947837e-4,2.324744915790292e-4,3.961994018002373,3.464811051577122
Sergipe,60-64,Mulheres,5.998925614220013e-4,5.796897446116806e-4,5.128889488561713e-4,4.6316670521156475e-4,4.721978618649046,4.161413501914856
Sergipe,65-69,Mulheres,7.032711561832022e-4,7.066832891796201e-4,5.788123464925009e-4,6.110245088196137e-4,3.633722275515308,3.819974306824953
Sergipe,70-74,Mulheres,3.6096551711484756e-4,2.806377185712377e-4,2.3897710746052821e-4,1.9932387503435482e-4,1.1473407374803752,0.9372000041120361
Sergipe,75-79,Mulheres,8.464374046710322e-4,7.050779290379315e-4,6.776725419654805e-4,5.461711149171806e-4,1.7359923714633432,1.3686130984069569
Sergipe,80-84,Mulheres,8.117366680880786e-4,0.0011878360268923701,6.399039671941964e-4,8.976231381403995e-4,0.948626351012862,1.365634592155032
Sergipe,85-89,Mulheres,0.0026258296556490182,0.0031877768289220584,0.0021881297571227742,0.0026665416333336374,1.8907030079089404,2.3197114060560406
Sergipe,90+,Mulheres,0.005929124025116326,0.00730629030254802,0.0037858318689175455,0.004456601393096748,2.233471534352492,2.6429994369507828
Bahia,0,Mulheres,0.003712023960431354,0.0015780949271177642,0.002804576592542309,0.0011329248989860735,16.235616376467217,6.572758983623663
Bahia,1-4,Mulheres,1.7117149869405124e-4,8.79624978880898e-5,1.2051831204152051e-4,5.5207382690609706e-5,22.37377712750733,10.830393501889176
Bahia,5-9,Mulheres,4.264479925980065e-5,2.458342210773768e-5,3.448052824815406e-5,2.142767068373905e-5,12.791167633178121,7.855352172559943
Bahia,10-14,Mulheres,3.063882371178579e-5,2.2356238502854626e-5,2.371177858340324e-5,1.828130152414305e-5,8.031414184534704,6.0779250316338675
Bahia,15-19,Mulheres,3.123577201583136e-5,2.757398137686726e-5,2.3079830739343324e-5,2.20322098975969e-5,4.226233430364838,4.0397140040201664
Bahia,20-24,Mulheres,2.4842940329418965e-5,3.052533507011838e-5,1.7395813225388833e-5,2.182264654250058e-5,2.5610891135668417,3.1848943803229335
Bahia,25-29,Mulheres,5.3198329710546335e-5,2.134686092274014e-5,4.1542584030590934e-5,1.7872287981144076e-5,5.026356627818493,2.174597923720021
Bahia,30-34,Mulheres,7.349767559380924e-5,3.978556950975309e-5,5.654422883301292e-5,3.0467197167744996e-5,5.079184447954277,2.6854715417583233
Bahia,35-39,Mulheres,8.19056634847268e-5,1.9424887707164767e-5,6.33721378685916e-5,1.5412419927928822e-5,3.9492458516951943,0.9805802151069992
Bahia,40-44,Mulheres,1.4587476203961817e-4,8.138239034777342e-5,1.0457873343970625e-4,5.998584600763059e-5,4.582196115712624,2.4429846580735415
Bahia,45-49,Mulheres,2.7670875065879827e-4,1.2583034867553355e-4,2.3165799954878786e-4,1.061686653211743e-4,6.793461112151815,3.166853730786389
Bahia,50-54,Mulheres,3.96642115131371e-4,1.4956883213966042e-4,2.8820703736592217e-4,9.451085057826697e-5,6.151014502531655,1.9940919850464354
Bahia,55-59,Mulheres,5.491032026605936e-4,1.6480167552580406e-4,4.2450116022194566e-4,1.1455218530757637e-4,6.169221110268285,1.6827426074522498
Bahia,60-64,Mulheres,7.241370852271925e-4,2.5673712383752237e-4,5.603826252480673e-4,1.8884257513929062e-4,5.542846856834046,1.8582390636453547
Bahia,65-69,Mulheres,0.0010822366373131785,3.7505532700280906e-4,8.463600844926784e-4,2.3111389581362417e-4,5.766077881045822,1.659490169564691
Bahia,70-74,Mulheres,8.078406775242139e-4,1.9778402449851517e-4,6.639629654070305e-4,1.4217523519692013e-4,3.198139573947446,0.6939289390535603
Bahia,75-79,Mulheres,8.852242331766016e-4,5.264022688128212e-4,7.316197395337773e-4,3.7583108180741623e-4,1.9717668675255948,1.0147079379983424
Bahia,80-84,Mulheres,8.229953060553606e-4,0.0014277734836393727,6.571201247540541e-4,0.0010386329115105802,1.0235207324333064,1.6265439458683653
Bahia,85-89,Mulheres,0.004537143430791514,0.005022161243466522,0.0034727609711990184,0.0037553445170565754,3.2339460574488568,3.4943363438011645
Bahia,90+,Mulheres,0.013762650982183648,0.01185004618621736,0.010443190220991187,0.008928064337534425,5.994898352277036,5.122540783164302
Minas Gerais,0,Mulheres,0.0020672497063449354,0.0015513682259151867,0.0010661697321518037,7.70220095509016e-4,8.858354250067151,6.458286385670623
Minas Gerais,1-4,Mulheres,8.86909080119146e-5,7.456674534360943e-5,5.317234932138579e-5,4.664338319643234e-5,11.614786654576099,10.20065280433688
Minas Gerais,5-9,Mulheres,2.7958091778175045e-5,2.5219581651747058e-5,1.4648427711707148e-5,1.3594252508688535e-5,7.528249830082011,7.000526584230826
Minas Gerais,10-14,Mulheres,2.1841558405658816e-5,1.9010620801006253e-5,1.4371153674868019e-5,1.3429336653417049e-5,6.494312338373177,5.983593385652201
Minas Gerais,15-19,Mulheres,3.074990439124152e-5,2.8494121373796957e-5,2.1914361824163222e-5,2.1038650360961904e-5,5.179730966016815,4.948276534825498
Minas Gerais,20-24,Mulheres,2.572322763296552e-5,2.2222887232630028e-5,2.0458052010970857e-5,1.7485026363515337e-5,3.641054377594636,3.1017265951574853
Minas Gerais,25-29,Mulheres,2.1995599125070527e-5,2.1654643213008016e-5,1.623390501379896e-5,1.6749981892009582e-5,2.3209368377434947,2.4268226979771836
Minas Gerais,30-34,Mulheres,3.6290052057794016e-5,3.357304116599555e-5,3.0406485996325198e-5,2.9837218454261668e-5,2.873800652386892,2.8571080171110883
Minas Gerais,35-39,Mulheres,5.503473971821776e-5,5.530952243970917e-5,3.895462703437836e-5,3.6672580639236816e-5,2.637420886336007,2.4741497659797766
Minas Gerais,40-44,Mulheres,6.743018373930826e-5,8.1428552993434e-5,5.3000347678714494e-5,5.997650525901525e-5,2.3167189076666235,2.62281622424934
Minas Gerais,45-49,Mulheres,1.259988968242288e-4,1.394671660884555e-4,8.58384357010041e-5,7.758336081699849e-5,2.768635267630337,2.4275711456472058
Minas Gerais,50-54,Mulheres,1.6233315491909477e-4,1.844748698835203e-4,1.169363768790381e-4,1.135736773499004e-4,2.5367995420121394,2.419690740522096
Minas Gerais,55-59,Mulheres,2.257813521912764e-4,2.678695933466897e-4,1.6061303182045435e-4,1.2842678540769145e-4,2.317200842295601,1.7823807569983967
Minas Gerais,60-64,Mulheres,2.9810099733368047e-4,3.397431380178443e-4,2.3637785701539847e-4,2.0621351194421923e-4,2.3320374316647356,1.9964281446149523
Minas Gerais,65-69,Mulheres,2.447921530994908e-4,2.2805909942901417e-4,2.0024450327562013e-4,1.5023207495966695e-4,1.290259500057644,0.9474205062061918
Minas Gerais,70-74,Mulheres,3.568355783472625e-4,1.442474338771487e-4,2.1375501174591247e-4,1.08714892816145e-4,0.9772645181976897,0.49844023941751775
Minas Gerais,75-79,Mulheres,6.130609385707487e-4,4.8765144871572356e-4,3.652176620847529e-4,3.8076318538172944e-4,0.9432034133018722,0.9638653095138536
Minas Gerais,80-84,Mulheres,5.562806685520693e-4,8.285365280343972e-4,4.2487477142058236e-4,6.495360002721527e-4,0.6377512251222699,0.9811843932629328
Minas Gerais,85-89,Mulheres,0.0018368102455946045,0.0024528991440532708,0.0014911939532963922,0.0018390694273185994,1.310641098935216,1.6081722323968899
Minas Gerais,90+,Mulheres,0.003925409493931848,0.0046384554906794585,0.0029099295255789275,0.0034605391401116847,1.5892290037256178,1.8920968148515496
Espírito Santo,0,Mulheres,0.0015768735029561417,0.0012910968719924464,0.0011155022804398354,9.343961893713183e-4,9.979179534413895,8.348937134659911
Espírito Santo,1-4,Mulheres,6.072616809160373e-5,5.384349769152189e-5,4.4939181416377104e-5,4.061685475879506e-5,8.718715217151594,7.901472575468271
Espírito Santo,5-9,Mulheres,4.213389508318994e-5,3.6602629108307366e-5,2.7705523638120125e-5,2.602379537199377e-5,13.367142428212325,12.377696217152847
Espírito Santo,10-14,Mulheres,2.3775254731479906e-5,2.233024580651801e-5,1.8058994828616138e-5,1.6894716890193548e-5,6.857031119452128,6.420879369786856
Espírito Santo,15-19,Mulheres,5.1788860327770395e-05,5.074018612093434e-5,4.4038990316655585e-5,4.337799600024173e-5,8.675497947548546,8.538433639452226
Espírito Santo,20-24,Mulheres,7.048849554447596e-5,7.035900183180062e-5,5.356114015576676e-5,5.4029898106802036e-5,8.082560873579713,8.129295171905017
Espírito Santo,25-29,Mulheres,4.7476189858984976e-5,4.402854349308253e-5,3.991158114477566e-5,3.8669233614717013e-5,5.4718302800105505,5.319141854630444
Espírito Santo,30-34,Mulheres,6.916192875809017e-5,5.764347562682398e-5,5.0401178415562164e-5,4.7598635723744135e-5,5.1401660091081585,4.806701306974785
Espírito Santo,35-39,Mulheres,6.500069889421054e-5,7.193112323559388e-5,4.622814021125178e-5,5.468481183276748e-5,3.0943440051923767,3.632713556314541
Espírito Santo,40-44,Mulheres,1.104940498951941e-4,9.684875575262943e-5,9.021006118493234e-5,7.97690698250395e-5,4.178643493336923,3.698708153472853
Espírito Santo,45-49,Mulheres,8.502793870777843e-5,7.91048146167596e-5,6.815854417108349e-5,6.0374139202816566e-5,2.2330709929430337,1.9737729100631214
Espírito Santo,50-54,Mulheres,1.774635848272818e-4,1.4610706482396537e-4,1.3671932504961598e-4,1.072185323599734e-4,3.222508024274061,2.51154847340491
Espírito Santo,55-59,Mulheres,2.1751252455644228e-4,1.827202637647658e-4,1.8017536222362162e-4,1.4881098914116368e-4,2.864815964490162,2.361791618486124
Espírito Santo,60-64,Mulheres,2.6325423673588733e-4,2.1953690225015764e-4,2.1591193560480557e-4,1.6892851319585736e-4,2.254994658941473,1.7614048112617158
Espírito Santo,65-69,Mulheres,3.629768942746994e-4,3.681403280456385e-4,2.908570322383258e-4,2.7724716030383097e-4,2.0439016572475586,1.9218392275244516
Espírito Santo,70-74,Mulheres,2.885713681605123e-4,1.3112289599170028e-4,1.9541352720642757e-4,1.0979469398547037e-4,0.9355954224087821,0.5530632820013548
Espírito Santo,75-79,Mulheres,3.70499643884572e-4,4.411481663694145e-4,2.9102249922681776e-4,3.5212536709895107e-4,0.7959308849553155,0.9518991787724196
Espírito Santo,80-84,Mulheres,5.259052076530184e-4,9.323109617629438e-4,3.833682449170996e-4,7.413997685978907e-4,0.5878730761284715,1.1539023641503285
Espírito Santo,85-89,Mulheres,0.0013190805520360523,0.002066380487281398,9.248473192898874e-4,0.0012774151305634824,0.8243567365425891,1.1184128071517574
Espírito Santo,90+,Mulheres,0.00477571748634408,0.005931742616923829,0.0037104080662941283,0.004556354056733621,2.0514646625854804,2.520046616751354
Rio de Janeiro,0,Mulheres,0.0014289736531595454,0.0012299237542365482,9.455523316535811e-4,8.204084788419558e-4,6.933339514669168,6.032061970710291
Rio de Janeiro,1-4,Mulheres,5.819205880735194e-5,5.810777205346811e-5,4.459353305855698e-5,4.4536217290000875e-5,9.0766424618657,9.064846911117499
Rio de Janeiro,5-9,Mulheres,3.871173396789377e-5,3.8145710015489356e-5,3.096084083418357e-5,3.043942426943768e-5,15.254870628415457,14.972085993298448
Rio de Janeiro,10-14,Mulheres,2.6876961274520268e-5,2.569758060947396e-5,2.0064454305102296e-5,1.9262348548511935e-5,8.359077159336133,8.015140773757217
Rio de Janeiro,15-19,Mulheres,2.5278735582229423e-5,2.3921818489111208e-5,1.9182960874694017e-5,1.8441305096382703e-5,3.883235114087772,3.7411379007628662
Rio de Janeiro,20-24,Mulheres,3.955524065851754e-5,4.255676576612483e-5,2.9440298890517187e-5,3.1689413620377025e-5,4.313542480423537,4.614839612342223
Rio de Janeiro,25-29,Mulheres,2.7357315537921362e-5,3.24044679763858e-5,1.9750098001037507e-5,2.216417888859785e-5,2.291515902503398,2.5497901760987576
Rio de Janeiro,30-34,Mulheres,4.1804709792170855e-5,4.31579634211918e-5,3.462415026102104e-5,3.340917872661904e-5,2.998347933296804,2.8539704968431967
Rio de Janeiro,35-39,Mulheres,6.155849492069108e-5,6.762491978508387e-5,5.2526058974275724e-5,5.504874792424178e-5,3.17771218887677,3.2996948953471703
Rio de Janeiro,40-44,Mulheres,5.78980349498818e-5,5.3993390293229596e-5,4.771875806395048e-5,4.077922688345899e-5,1.9403969177869609,1.6382878018024187
Rio de Janeiro,45-49,Mulheres,1.467238526259807e-4,7.386724587744533e-5,1.0712200560146738e-4,5.9238699031607024e-5,2.779754439033937,1.6060535816707002
Rio de Janeiro,50-54,Mulheres,2.0597518331004431e-4,1.4663987039953001e-4,1.5533234836501313e-4,1.1306476558173852e-4,2.90090658055067,2.1794471585200514
Rio de Janeiro,55-59,Mulheres,1.9857670619689987e-4,1.9024411773796505e-4,1.668990882119313e-4,1.5430395837980182e-4,2.1324007436995576,1.9081285033007476
Rio de Janeiro,60-64,Mulheres,2.6681645711912507e-4,2.5505626445254556e-4,2.2230735590102833e-4,2.1545337955821645e-4,1.8965248745048957,1.798779671301059
Rio de Janeiro,65-69,Mulheres,1.8520776374496113e-4,3.9180970350398176e-4,1.500573315316279e-4,2.671410417735358e-4,0.844625552872035,1.401499272006933
Rio de Janeiro,70-74,Mulheres,3.3487539382243635e-4,1.4680764385955136e-4,1.98571112881964e-4,1.2210087208933186e-4,0.7722442626374273,0.5036252514327747
Rio de Janeiro,75-79,Mulheres,4.1074715033139104e-4,4.6406498823707863e-4,3.1220628573038416e-4,4.0500511546943285e-4,0.7383143534804006,0.9710416803695573
Rio de Janeiro,80-84,Mulheres,7.329814412793819e-4,0.0010392436785013081,5.613553738265045e-4,8.183934022100506e-4,0.7772786058182752,1.1205965680229868
Rio de Janeiro,85-89,Mulheres,0.0018679528138233561,0.0024734872528251856,0.0015716407385857566,0.0019051865561131125,1.253581261289646,1.501028076660317
Rio de Janeiro,90+,Mulheres,0.005658044396084013,0.0065751062118559606,0.004446839256045435,0.005076181817969187,2.201650153041517,2.5093749131668517
São Paulo,0,Mulheres,0.0012987958102317703,0.0011737524281326983,8.092861838561173e-4,6.70315389209612e-4,7.431658163372055,6.155568129929911
São Paulo,1-4,Mulheres,7.878649119768469e-5,7.408968507101783e-5,4.493181296783922e-5,4.154181492722631e-5,11.960235123463226,11.087514634328958
São Paulo,5-9,Mulheres,3.2779376093586306e-5,3.1766380262263566e-5,1.9608213511220422e-5,1.939088911003478e-5,12.939376008601494,12.742154820858435
São Paulo,10-14,Mulheres,2.6737574286096032e-5,2.4994578993274727e-5,1.554379636458984e-5,1.4069324693764748e-5,8.165424653634876,7.4229938946283225
São Paulo,15-19,Mulheres,2.888334748182445e-5,2.6303351662478883e-5,1.7488811312488528e-5,1.5711726551420006e-5,4.327480561883664,3.8851169597875206
São Paulo,20-24,Mulheres,3.317266643271933e-5,3.460373953019428e-5,2.6229598934981755e-5,2.7314673296731624e-5,4.871660654639814,5.0767158059556134
São Paulo,25-29,Mulheres,5.022113853449048e-5,5.3806939842447045e-5,3.683325144562852e-5,4.016487599401246e-5,5.338001647082927,5.836706763565904
São Paulo,30-34,Mulheres,5.254288644463518e-5,5.811246043180746e-5,3.539937495449974e-5,3.9876115115388314e-5,3.8132390823443623,4.285983486254979
São Paulo,35-39,Mulheres,7.02562950834975e-5,7.228342350238104e-5,4.178384194128995e-5,3.894042235258715e-5,3.0779147585645994,2.7409067591641088
São Paulo,40-44,Mulheres,7.962964820102922e-5,7.320920311863572e-5,4.8521119633216926e-5,4.273607639433309e-5,2.444321092562316,2.0459265496957193
São Paulo,45-49,Mulheres,1.1552354176606845e-4,1.0874661713266728e-4,6.774271772687862e-5,5.583108018388116e-5,2.1900242803625862,1.666802791645755
São Paulo,50-54,Mulheres,1.8602218911275181e-4,1.4619786843381074e-4,1.1725042172256102e-4,9.214944732009062e-5,2.7094457222888586,2.0054368608139863
São Paulo,55-59,Mulheres,2.83385397164754e-4,2.486573549373511e-4,1.6129373240773522e-4,1.3793015489058102e-4,2.447890703312852,1.9647105214815133
São Paulo,60-64,Mulheres,3.2856643001302494e-4,2.2997089536580515e-4,2.1660559637159274e-4,1.604418208008445e-4,2.2427198546685676,1.5921896078108324
São Paulo,65-69,Mulheres,3.9053471670768577e-4,2.773131041257757e-4,2.7193918407173004e-4,2.0777527283678135e-4,1.767718703304174,1.2875970724056434
São Paulo,70-74,Mulheres,9.05241337098689e-4,9.546913267756466e-4,6.881304889268814e-4,7.133657307938019e-4,2.892729817324056,2.998113838086167
São Paulo,75-79,Mulheres,7.251018125362106e-4,5.40932618618831e-4,5.228906834571631e-4,4.126667969950292e-4,1.37019381546158,1.0806910596285175
São Paulo,80-84,Mulheres,0.0024225606979640644,0.002029732218373903,0.0013823916831973715,0.0010777938855979332,2.0446814457442684,1.5908387685270458
São Paulo,85-89,Mulheres,0.0055674077700347555,0.00500869352061238,0.004099942700491218,0.003631659610370397,3.6181665007251675,3.1903756220136845
São Paulo,90+,Mulheres,0.015865527524848926,0.01493080135792628,0.010777932957592674,0.010125454422468509,4.95963331103984,4.659134291650862
Paraná,0,Mulheres,0.0017887615784473738,0.0015444959699722172,0.0010896332201825666,8.915726582418442e-4,9.870230178311754,8.107926983216354
Paraná,1-4,Mulheres,9.052743273149099e-5,8.207752161834924e-5,6.208445822577629e-5,5.5629180596505e-5,14.469475933412307,13.048354054977137
Paraná,5-9,Mulheres,2.8808978321901347e-5,2.6206476370658716e-5,2.0347035317297494e-5,1.7663338833384897e-5,10.64112568119622,9.261388123238527
Paraná,10-14,Mulheres,2.5540287039138592e-5,2.54213211815954e-5,1.6061636447543638e-5,1.6473413359233808e-5,6.528597245031169,6.706883252492998
Paraná,15-19,Mulheres,3.365720868054652e-5,3.57673827748915e-5,2.659911488554274e-5,2.9348549725680288e-5,5.398581817097082,5.965293938765151
Paraná,20-24,Mulheres,3.473513138939949e-5,3.790637176019757e-5,2.8437745463323167e-5,3.0385466979937674e-5,4.835007910261998,5.150402048906901
Paraná,25-29,Mulheres,6.509057398313659e-5,6.697574233578106e-5,4.338658878883693e-5,4.592535243556091e-5,5.790849150566579,6.081753367117882
Paraná,30-34,Mulheres,8.047935465250727e-5,8.193350859275591e-5,3.968171947752105e-5,3.876262246126465e-5,3.7413348345293604,3.594792568285906
Paraná,35-39,Mulheres,1.244958083079417e-4,1.3050758052640085e-4,5.911810209742002e-5,6.1012471011825406e-5,3.794113816347971,3.860305748558976
Paraná,40-44,Mulheres,1.8142603187006233e-4,1.8520529015932655e-4,8.715261724280886e-5,8.805104975815494e-5,3.9580784808968206,3.9197082692519496
Paraná,45-49,Mulheres,2.644681419544155e-4,2.6753520241485344e-4,1.4588755543649243e-4,1.321212246273752e-4,4.586712986983389,3.9682805029264854
Paraná,50-54,Mulheres,2.3718290040222116e-4,2.140969794361657e-4,1.5648071250901475e-4,1.1713997214018854e-4,3.4688274407525475,2.462059282224326
Paraná,55-59,Mulheres,3.5394707422987715e-4,3.0265293465063547e-4,2.7624076144953073e-4,1.9988001040069074e-4,4.145987190842536,2.8751100351640018
Paraná,60-64,Mulheres,4.146261327244242e-4,2.4131834211322365e-4,3.4032228483021795e-4,1.83573878312487e-4,3.391742612451845,1.884975434630162
Paraná,65-69,Mulheres,6.757001218312806e-4,4.5593117713509064e-4,5.036954277104993e-4,3.308444343892739e-4,2.988822241917012,1.8672881357676636
Paraná,70-74,Mulheres,8.711915949831449e-4,6.531108566768522e-4,4.8064167657738e-4,2.983193638593803e-4,1.9517937512940615,1.1840893869674312
Paraná,75-79,Mulheres,0.0011952986647411753,0.0010230891207424087,6.268135256944054e-4,5.707504527508606e-4,1.4737062113394996,1.3347590245281
Paraná,80-84,Mulheres,0.0011958283167020293,0.0010979501189926663,6.974748577700862e-4,8.205916638881512e-4,0.9312451727326452,1.1344607290534836
Paraná,85-89,Mulheres,0.0020778677311958115,0.0028925442263025205,0.0017270303482739922,0.0023893045255693646,1.3817179496216934,1.9180311244860502
Paraná,90+,Mulheres,0.011642136746815373,0.011320598484404445,0.0070204160412455875,0.006729929548584348,3.3687067165125484,3.2240972276717823
Santa Catarina,0,Mulheres,9.881166937117608e-4,9.563174224033851e-4,6.926292894045508e-4,6.245244467360225e-4,6.8665706929013695,6.241494266820535
Santa Catarina,1-4,Mulheres,5.8574297068362495e-5,6.090579948741088e-5,3.6808658348768314e-5,3.942395460589391e-5,10.566924284887588,11.219623850541897
Santa Catarina,5-9,Mulheres,3.2454236336541874e-5,3.262566560022433e-5,2.347355372786662e-5,2.3721137918925563e-5,13.538448613699131,13.71797947900121
Santa Catarina,10-14,Mulheres,2.3415388066428444e-5,2.331573049470399e-5,1.7929171281515772e-5,1.8115848635228616e-5,8.539378758016072,8.623380647209444
Santa Catarina,15-19,Mulheres,3.5233455018001406e-5,3.568556117782288e-5,2.827169437746613e-5,2.8498506137682144e-5,7.1070140951635095,7.171651503011217
Santa Catarina,20-24,Mulheres,3.4001003587435825e-5,3.375887242140652e-5,2.8831551294795112e-5,2.8773329910453296e-5,5.826680281545394,5.814001693825107
Santa Catarina,25-29,Mulheres,3.5792101697554246e-5,3.653188648143705e-5,3.0698580829918047e-5,3.122386792794271e-5,4.899570842340398,4.9697295191514215
Santa Catarina,30-34,Mulheres,4.595920530700074e-5,4.577741009143753e-5,3.4261169863213714e-5,3.4778803833757015e-5,4.103483059819578,4.158114046163839
Santa Catarina,35-39,Mulheres,5.712408960463944e-5,5.743644848544232e-5,4.198066819192725e-5,4.347460825289716e-5,3.4309699581475748,3.569967042452866
Santa Catarina,40-44,Mulheres,1.1869804643247e-4,1.174896746081067e-4,6.933847631644025e-5,6.896816920095687e-5,3.6219194790514004,3.6056796457051608
Santa Catarina,45-49,Mulheres,1.2506497033400255e-4,1.2151482782966684e-4,7.851270893191988e-5,8.253811148324276e-5,2.838064918342565,2.9916743057120816
Santa Catarina,50-54,Mulheres,2.3126218706055827e-4,2.231760754304225e-4,1.1857128169423643e-4,1.1314752558705164e-4,2.76360425944264,2.6411198848246284
Santa Catarina,55-59,Mulheres,3.048669356412982e-4,2.7714252816364154e-4,2.0581866203458877e-4,1.816178687050979e-4,3.3757163255902305,2.9744689665040736
Santa Catarina,60-64,Mulheres,3.779465795940874e-4,3.346826002553157e-4,3.218365110668877e-4,2.736287914494626e-4,3.445915530133245,2.9154633020850036
Santa Catarina,65-69,Mulheres,3.9821511322308655e-4,3.1830544618931006e-4,3.06850629285965e-4,2.535211177008096e-4,2.2603877931818324,1.8622632669990418
Santa Catarina,70-74,Mulheres,3.182921194835978e-4,2.9921562005934954e-4,2.541183101937435e-4,1.8565874424174476e-4,1.1447624430603125,0.8158100762112203
Santa Catarina,75-79,Mulheres,6.289531817385836e-4,6.449195844333923e-4,4.712285251434976e-4,3.96414162770162e-4,1.2096063734913096,1.0073494894894413
Santa Catarina,80-84,Mulheres,9.247937290807568e-4,0.0010193293667696284,6.277907707755084e-4,6.468309358520387e-4,0.881529443464118,0.9072664325764578
Santa Catarina,85-89,Mulheres,0.0011410987047785887,0.001517996759350272,9.304448104842262e-4,0.0012080228506979,0.7736655207150755,1.009007062947695
Santa Catarina,90+,Mulheres,0.004958717181345372,0.00544135950297529,0.003967940688436799,0.004329773390020243,2.068754966155074,2.2598792204343616
Rio Grande do Sul,0,Mulheres,0.0014424460792597299,0.0013060892549169225,8.390363235602261e-4,6.818761290811917e-4,8.30845195821317,6.888182101703038
Rio Grande do Sul,1-4,Mulheres,7.424195022370529e-5,6.74878378356105e-5,4.915545386334708e-5,4.08541562528314e-5,12.73798998308071,10.875021188887086
Rio Grande do Sul,5-9,Mulheres,3.157324382309861e-5,3.0024506228974822e-5,1.7075916437033538e-5,1.5759712268774027e-5,10.611016908035664,9.90787478501792
Rio Grande do Sul,10-14,Mulheres,2.153427234551775e-5,2.073926508209286e-5,1.3854897367263218e-5,1.3127334301073301e-5,6.2421363755551464,5.925383880671172
Rio Grande do Sul,15-19,Mulheres,2.9715369244994328e-5,2.9412899685042167e-5,2.336796551242596e-5,2.307430545658566e-5,5.760333732568097,5.664424714350837
Rio Grande do Sul,20-24,Mulheres,3.1757066800795575e-5,3.2951648118710064e-5,2.207347750534977e-5,2.270108141696274e-5,3.9249934124916104,4.042753972128931
Rio Grande do Sul,25-29,Mulheres,4.56215937613425e-5,4.552586144739532e-5,2.7791952782622624e-5,2.6553674336198248e-5,3.6923915543992094,3.516720113226262
Rio Grande do Sul,30-34,Mulheres,6.646651037682691e-5,6.65350563447734e-5,3.784298922917588e-5,3.838968067419547e-5,3.659922597670829,3.69618779649601
Rio Grande do Sul,35-39,Mulheres,1.2339884426993414e-4,1.2407075241973093e-4,4.996220712681358e-5,5.0982498571498764e-5,3.114447900748118,3.1880391442687395
Rio Grande do Sul,40-44,Mulheres,1.507683869452641e-4,0.00015115662848480315,6.848794907315158e-5,6.689005093586308e-5,2.9737236362700745,2.891104516112854
Rio Grande do Sul,45-49,Mulheres,2.3659267715169123e-4,2.3644451066335287e-4,1.230349252036604e-4,1.1222612766903347e-4,3.61429181093827,3.2816855045233746
Rio Grande do Sul,50-54,Mulheres,1.8957262239961242e-4,1.6811341217377214e-4,1.1080747021624756e-4,9.443016846661874e-5,2.396730323039965,1.9969614656162844
Rio Grande do Sul,55-59,Mulheres,2.3790702572106662e-4,1.917876614232123e-4,1.773518596104574e-4,1.2380356236478684e-4,2.571913556064184,1.7346816652090746
Rio Grande do Sul,60-64,Mulheres,4.3633854369291305e-4,3.3597079025524313e-4,3.578255686102383e-4,2.7496794020409203e-4,3.535210211053056,2.692403452475356
Rio Grande do Sul,65-69,Mulheres,4.424580969710844e-4,3.2726068929776747e-4,2.6278474275700945e-4,2.459493982691996e-4,1.7641949300445121,1.5734075458318921
Rio Grande do Sul,70-74,Mulheres,3.9935689999834724e-4,3.415534738368792e-4,2.2409451296519627e-4,1.6352276642220333e-4,0.9659349932524428,0.7026336334241065
Rio Grande do Sul,75-79,Mulheres,6.24192479827851e-4,6.838927924838656e-4,3.1498477875247736e-4,4.4191113641316865e-4,0.7767318484432306,1.077221297686114
Rio Grande do Sul,80-84,Mulheres,0.0012003093946645433,0.0010946344158137998,8.549968579746877e-4,7.120412724840597e-4,1.1703353429437164,0.9736448328495712
Rio Grande do Sul,85-89,Mulheres,0.0017782820171947425,0.0024032198979758493,0.0014334556304075434,0.0018410167900156406,1.141665280429693,1.4727007812170547
Rio Grande do Sul,90+,Mulheres,0.0060025396768447654,0.006527541145717145,0.0048714275057054,0.00525753537782753,2.4319292710395364,2.6266240307464064
Mato Grosso do Sul,0,Mulheres,0.012729689807460788,0.0041718386330641686,0.006661161110114708,0.0019454288254412912,54.12391981710962,15.708676624272963
Mato Grosso do Sul,1-4,Mulheres,8.721775866492048e-4,2.835905926109836e-4,4.129206691265917e-4,1.197411689153945e-4,77.13979806858674,23.09209764392393
Mato Grosso do Sul,5-9,Mulheres,6.848114686597599e-5,4.889822707156434e-5,4.977938772145148e-5,3.3748953470314945e-5,19.67929469292319,12.800409763643417
Mato Grosso do Sul,10-14,Mulheres,1.0472566623075969e-4,5.621197925180827e-5,6.990138072405304e-5,3.781263686706543e-5,23.215767388233814,11.898850900904018
Mato Grosso do Sul,15-19,Mulheres,1.6429490011170408e-4,7.088475647633602e-5,1.2531974455819004e-4,5.6558876404022335e-5,22.263809379720186,10.113319945203484
Mato Grosso do Sul,20-24,Mulheres,8.056582021050288e-5,4.322318551282194e-5,6.325215029339512e-5,3.561179563334964e-5,9.689209809081053,5.504691280939156
Mato Grosso do Sul,25-29,Mulheres,1.0452710773001719e-4,7.180756537038964e-5,8.804928753974604e-5,5.713382244976771e-5,10.484606352690722,6.931415582256594
Mato Grosso do Sul,30-34,Mulheres,1.3485484564261426e-4,1.5617592807190051e-4,7.856896488406475e-5,8.264856044767541e-5,6.4746344977099675,6.778018937824329
Mato Grosso do Sul,35-39,Mulheres,1.3702204356342995e-4,1.8245563086705552e-4,9.15433332519519e-5,8.989727648079419e-5,5.442035738532263,5.009958675697592
Mato Grosso do Sul,40-44,Mulheres,1.9806416261451717e-4,2.5641556282165215e-4,1.3209570306545887e-4,1.3641719211956774e-4,5.571599938090917,5.548747248016184
Mato Grosso do Sul,45-49,Mulheres,4.0612231947240467e-4,3.060057009563826e-4,3.3106839475936784e-4,1.7963886266615688e-4,10.518609477132086,4.935018618147551
Mato Grosso do Sul,50-54,Mulheres,5.481108778634995e-4,2.1715198539644511e-4,4.4403463611963136e-4,1.3985326537865203e-4,9.55096846196191,2.7764348241057597
Mato Grosso do Sul,55-59,Mulheres,9.403348373854208e-4,3.7853099139361555e-4,7.975467777878748e-4,2.698577239199191e-4,11.71252678682009,3.759916736640619
Mato Grosso do Sul,60-64,Mulheres,0.001610686848918094,3.3970463981344287e-4,0.001310241279484262,2.302071155309593e-4,12.438459811085016,2.161425009889289
Mato Grosso do Sul,65-69,Mulheres,0.00185030295682073,4.7062002705493836e-4,0.0014722215911306385,3.6607275206181506e-4,8.9726118377269,2.1538366701290146
Mato Grosso do Sul,70-74,Mulheres,0.0017986548751114083,3.02448479338062e-4,0.0014787588052556707,2.2354413146593926e-4,6.540277750301006,0.9726429073047851
Mato Grosso do Sul,75-79,Mulheres,0.002088299076459288,5.685314212800556e-4,0.0017569819912227093,3.98924131377763e-4,4.474785047316117,0.9794033791588996
Mato Grosso do Sul,80-84,Mulheres,0.0017273485761628204,0.0023753985172113405,8.640712831958058e-4,0.001188677266163977,1.1973974887058778,1.6546355238902917
Mato Grosso do Sul,85-89,Mulheres,0.010699092223398106,0.007531352046838655,0.007262428418026227,0.004177002810784981,5.9796003254203205,3.36825063838802
Mato Grosso do Sul,90+,Mulheres,0.039902350287759535,0.021723065029808433,0.029763931376499724,0.012455492622885362,15.205171598415212,6.119131408109554
Mato Grosso,0,Mulheres,0.004609512402133625,0.0030292351631313755,0.0028273229529933415,0.001886390252798864,19.309654529880778,12.722003063104426
Mato Grosso,1-4,Mulheres,1.3501185873121896e-4,1.086032901574463e-4,8.652447884056931e-5,7.19873589626236e-5,11.924091687907904,9.939682065546682
Mato Grosso,5-9,Mulheres,4.7769403283782165e-5,3.524630874050573e-5,3.0632631586003854e-5,2.4103470343417618e-5,12.533301744190858,9.87241358608419
Mato Grosso,10-14,Mulheres,4.507993219616696e-5,3.955752798945636e-5,3.433003736970321e-5,3.0487735287885135e-5,10.857063558174858,9.64471970088973
Mato Grosso,15-19,Mulheres,5.988407075571056e-5,5.005464142267322e-5,4.575654090574874e-5,3.886723413886533e-5,8.055017357226825,6.835300030757689
Mato Grosso,20-24,Mulheres,6.0280458593670056e-5,5.3705572443729424e-5,4.737055186620538e-5,4.376905617655907e-5,6.525452180969163,6.057871156356913
Mato Grosso,25-29,Mulheres,6.650202193883083e-5,5.296932006874864e-5,4.5552729545749116e-5,3.8823944333475746e-5,5.388540309263131,4.50123232676576
Mato Grosso,30-34,Mulheres,7.611960969833469e-5,8.631945288637738e-5,5.59118758987401e-5,5.2381247814024725e-5,4.956190405303388,4.353003048401361
Mato Grosso,35-39,Mulheres,1.3317254694515616e-4,1.577299417092157e-4,9.404115636959214e-5,1.0210288018238059e-4,5.7444424209263545,6.121703642690892
Mato Grosso,40-44,Mulheres,1.2254577509264618e-4,1.6369712117322432e-4,9.033415902062189e-5,1.0773411558437235e-4,4.004541842610755,4.578388063630325
Mato Grosso,45-49,Mulheres,2.2946630728217255e-4,2.146546574377663e-4,1.6664280950939492e-4,1.4032971080377054e-4,5.297969333438659,4.0285733769183585
Mato Grosso,50-54,Mulheres,1.669170124323142e-4,2.3018180816396276e-4,1.2891558362920837e-4,1.6804807721886855e-4,2.6974594907905654,3.403226960248023
Mato Grosso,55-59,Mulheres,3.3390516992661126e-4,3.4205970693980793e-4,2.631707550737273e-4,2.3753054197813765e-4,3.9587939687245046,3.1174573237833045
Mato Grosso,60-64,Mulheres,7.916319144709577e-4,4.3641933273956416e-4,5.951945630902521e-4,3.555498330730369e-4,5.322963021014073,3.3176511146368908
Mato Grosso,65-69,Mulheres,5.738287489912938e-4,7.499751492269732e-4,4.724440277689138e-4,6.248969876559771e-4,2.703240442968046,3.5723304124086
Mato Grosso,70-74,Mulheres,8.623347963435565e-4,2.781300310883832e-4,5.346610606567471e-4,2.1483991425731664e-4,2.1249036565611146,0.9012649919194397
Mato Grosso,75-79,Mulheres,0.0013292838423030436,4.805637354810744e-4,8.32969298993479e-4,3.968356694964567e-4,1.91964427373171,0.9296388745114715
Mato Grosso,80-84,Mulheres,0.0011327900891149364,0.00201053743927304,9.161610472877592e-4,0.0016209001330823904,1.2516239660741195,2.2117533696591583
Mato Grosso,85-89,Mulheres,0.005427595823938795,0.006000033941346576,0.004122087108679553,0.004434966786826199,3.338947553686328,3.582770216584434
Mato Grosso,90+,Mulheres,0.014725067286537127,0.013302367089905431,0.008999915662673604,0.00807318515738113,4.614768102430635,4.1286703516534855
Goiás,0,Mulheres,0.0024526074828125862,0.0019186805928106002,0.0014935641350856362,0.0011198251599399821,11.121449552066835,8.290202256617704
Goiás,1-4,Mulheres,9.216645079766597e-5,7.532402675490225e-5,6.820068490537154e-5,5.7143980342731674e-5,13.042798415737636,10.90865142739965
Goiás,5-9,Mulheres,4.2403105271813856e-5,3.8741384455001574e-5,2.5497990551608995e-5,2.3566108870969227e-5,14.377618868097567,13.256078447647207
Goiás,10-14,Mulheres,3.93299479077535e-5,3.4204265298104645e-5,2.6463550061977755e-5,2.4273231930070028e-5,10.868485152208663,9.939553694651309
Goiás,15-19,Mulheres,3.922867750491391e-5,3.6633518467523234e-5,2.8098923544923243e-5,2.7067597098412303e-5,5.537380331681884,5.389419460324813
Goiás,20-24,Mulheres,3.337823000907052e-5,3.153515025786668e-5,2.6405824820415126e-5,2.618652298731475e-5,4.038636139784913,4.021219852826013
Goiás,25-29,Mulheres,6.077834835871675e-5,6.365484769224376e-5,4.4611335240147806e-5,4.56693377831711e-5,5.796334126447454,5.860567489800506
Goiás,30-34,Mulheres,8.656004815234038e-5,9.219816606282984e-5,5.8288149752123525e-5,5.6992356309616624e-5,5.231149046483586,5.039602276638186
Goiás,35-39,Mulheres,1.2654112664735304e-4,1.472424588449647e-4,5.5486081164355094e-5,6.896344080025252e-5,3.1210216645262974,3.9715391231887756
Goiás,40-44,Mulheres,1.3405452418134662e-4,1.5386796150147736e-4,9.174336204023955e-5,8.937777952643466e-5,3.9716950762607484,3.730236990965722
Goiás,45-49,Mulheres,1.5520684963880836e-4,1.4142472154140564e-4,1.2313960779872617e-4,9.640172777646754e-5,3.944183816577121,2.8645740447060177
Goiás,50-54,Mulheres,2.5302135631773777e-4,2.873636007467272e-4,1.8601861608943298e-4,1.554708917615059e-4,3.8875457488259704,2.976032587426724
Goiás,55-59,Mulheres,2.169886147309906e-4,2.721780785294257e-4,1.6750974168321553e-4,1.6538302748034814e-4,2.42545106536304,2.1317188265252995
Goiás,60-64,Mulheres,5.292264100688713e-4,2.877389929503774e-4,4.443917164059713e-4,2.4669203701894186e-4,3.9997522745894667,2.2438818281157453
Goiás,65-69,Mulheres,5.782095858118507e-4,4.287459451802175e-4,4.5694708965488494e-4,3.500733606321745e-4,2.543011822863621,1.9788309007753861
Goiás,70-74,Mulheres,7.404320789721018e-4,3.140140790879191e-4,4.587211418674442e-4,1.7392641222041855e-4,1.8722211755604834,0.6980733801945406
Goiás,75-79,Mulheres,0.0011336471371976278,6.755428626261346e-4,7.069405779152644e-4,4.7593061713183956e-4,1.641248825519474,1.07857344665759
Goiás,80-84,Mulheres,0.0011513010692815327,0.0015083723381182678,0.00100617018819482,0.0013687486505807734,1.3848090949987166,1.8988809230199892
Goiás,85-89,Mulheres,0.003925641238697922,0.004381687541028822,0.003274561521333631,0.0037083165669416196,2.6486889274901793,3.001975827850407
Goiás,90+,Mulheres,0.008954533523888678,0.008857799002788613,0.004917664468470895,0.004866465906325502,2.4728650626385438,2.446590856133802
Distrito Federal,0,Mulheres,0.0014137387649679476,0.001245903645916572,0.0010715389833125383,9.256970641814559e-4,10.564035170998183,9.15124574161216
Distrito Federal,1-4,Mulheres,7.010656329773902e-5,6.543137053316074e-5,5.3442466658445164e-5,5.020617760207521e-5,14.572433717381534,13.724822850299741
Distrito Federal,5-9,Mulheres,3.99593471503213e-5,3.902735876111744e-5,3.252277624768242e-5,3.183180644952578e-5,19.755222802688554,19.271385711923035
Distrito Federal,10-14,Mulheres,3.2881276819764776e-5,3.156523047113779e-5,2.296322937565282e-5,2.151955850873301e-5,12.177405844004184,11.49712012673268
Distrito Federal,15-19,Mulheres,7.434121233905718e-5,7.299761223964195e-5,6.254050881273598e-5,6.0951506243347054e-5,17.16979570244526,16.835585535503412
Distrito Federal,20-24,Mulheres,4.923480377621706e-5,5.02454066962582e-5,4.203187080306535e-5,4.318506245040914e-5,9.16906838045502,9.34783641229337
Distrito Federal,25-29,Mulheres,3.1922019435200726e-5,3.065446148912662e-5,2.725392921647435e-5,2.5939106659989346e-5,5.016028723638309,4.763227344770726
Distrito Federal,30-34,Mulheres,7.182728641459739e-5,6.167082067872998e-5,5.403225995179162e-5,4.74803259629213e-5,7.2462348002934105,6.349637860077928
Distrito Federal,35-39,Mulheres,5.450667275248068e-5,5.273438240355619e-5,4.3955696817934695e-5,4.262189237713658e-5,4.282423621735113,3.9794414946628107
Distrito Federal,40-44,Mulheres,8.972902412975457e-5,7.571098853738004e-5,6.259438214960027e-5,6.382527272432607e-5,4.13468613983856,4.031843576186087
Distrito Federal,45-49,Mulheres,1.2495348915515802e-4,1.0191914168069934e-4,1.0694990585890368e-4,7.281424862894272e-5,4.255652905131693,2.7902145546388692
Distrito Federal,50-54,Mulheres,1.8795201650641835e-4,1.4367823741047103e-4,1.3969071166548632e-4,1.0995783742577996e-4,3.730186759907749,2.9183480206886547
Distrito Federal,55-59,Mulheres,2.2006922717759012e-4,1.7217802644774378e-4,1.5979432622050734e-4,1.3768492730111145e-4,2.855252174337161,2.524339793236477
Distrito Federal,60-64,Mulheres,4.686332277786653e-4,3.870850060582202e-4,4.051730946940035e-4,3.1566809975160955e-4,4.6776220278095835,3.607955408037055
Distrito Federal,65-69,Mulheres,5.643137647461417e-4,6.274916233359398e-4,4.7656251714088587e-4,4.8545472558964383e-4,3.5374820658383275,3.3762259751864288
Distrito Federal,70-74,Mulheres,4.28104691606003e-4,2.1247519081122885e-4,3.2953696401054593e-4,1.6437521884054914e-4,1.6622929698711881,0.8187795319148616
Distrito Federal,75-79,Mulheres,7.971886656721463e-4,3.958325117749727e-4,6.648382422043952e-4,3.19525683210612e-4,1.9106993999226303,0.9053169761456098
Distrito Federal,80-84,Mulheres,0.0011223745769838383,0.0014315402701393172,9.161939623187355e-4,0.0011859627149237411,1.4658357636736217,1.889749487402192
Distrito Federal,85-89,Mulheres,0.0028346129539671304,0.0032055130172719713,0.002282412036479171,0.0026069775701263952,2.058110220852458,2.354789960129528
Distrito Federal,90+,Mulheres,0.00573382024325349,0.007134026448604828,0.004627538153659996,0.0057351802828660555,2.709834644904723,3.3650638953333063
Brasil,0,Ambos,0.0033408785188073285,0.0020575117396207723,0.0017234467769669057,0.0010297385661398883,12.920910498258422,7.5581271334524915
Brasil,1-4,Ambos,1.4212069395435622e-4,9.61873783589501e-5,7.07830844278433e-5,4.889674014597671e-5,13.96694563934634,9.492156469671963
Brasil,5-9,Ambos,4.7746140424409446e-5,3.448235804826048e-5,2.8009424835254245e-5,2.0023576283742136e-5,12.3898608566569,8.686183315171306
Brasil,10-14,Ambos,4.341086542773105e-5,3.154289588957882e-5,2.6523420520763427e-5,1.9246026957263287e-5,8.806171419195602,6.297670945551448
Brasil,15-19,Ambos,1.1978650051149189e-4,1.1152123494089721e-4,8.58522574164674e-5,8.08419413938891e-5,7.5437308307532716,7.102139892640795
Brasil,20-24,Ambos,7.388783363890101e-5,6.182990079414879e-5,6.182263842221633e-5,5.3084010795653056e-5,3.7042738397912762,3.1886553826084088
Brasil,25-29,Ambos,6.608101744556373e-5,3.7908111127287084e-5,4.974592174692358e-5,3.062932102203079e-5,2.892600642078487,1.7864266762023435
Brasil,30-34,Ambos,6.954490994321409e-5,3.248207969446561e-5,5.2915998595277754e-5,2.886687663288933e-5,2.7117624754032983,1.4851513061980162
Brasil,35-39,Ambos,7.578469462755265e-5,5.180292328988343e-5,5.25326784583579e-5,3.3934320628718295e-5,2.2578407261684865,1.3809509946040563
Brasil,40-44,Ambos,9.728720120122027e-5,8.630616790089898e-5,7.075671310364995e-5,5.718620163407801e-5,2.2315845525198785,1.6969430912718213
Brasil,45-49,Ambos,1.268652679422562e-4,1.4210848990118435e-4,8.926326136540048e-5,7.14582363818001e-5,2.009908173280149,1.4487251257474032
Brasil,50-54,Ambos,1.7719119999161113e-4,2.067471677561668e-4,1.2698022022515791e-4,1.183210042531143e-4,1.9737932914802254,1.6952512604701324
Brasil,55-59,Ambos,2.1783515770138848e-4,3.231401891307936e-4,1.382306969157726e-4,1.404908367522883e-4,1.468217378570249,1.3710388453238733
Brasil,60-64,Ambos,2.6664133333802306e-4,3.942633362454219e-4,1.6581742716836756e-4,2.3913299348302737e-4,1.244867802140421,1.6609662339669145
Brasil,65-69,Ambos,2.8034921779923226e-4,5.294049849209664e-4,1.7755780371064137e-4,3.0142327587625504e-4,0.898343701153822,1.415402596160108
Brasil,70-74,Ambos,2.1389125053821457e-4,5.612062133144979e-4,1.5635315333537738e-4,3.4725926217161264e-4,0.5473093024821687,1.1801871237991801
Brasil,75-79,Ambos,5.401189215467889e-4,6.090677078673865e-4,4.0913974303775566e-4,4.77222460381057e-4,0.838651403482087,1.003433517288114
Brasil,80-84,Ambos,8.951013442678963e-4,0.0012220040481927946,7.217443279902974e-4,0.00106393839263885,0.9132272222655663,1.3857415997513711
Brasil,85-89,Ambos,0.0019140392678034975,0.0027777178913768927,0.0014320638342978965,0.0018923783238128915,1.132065110365656,1.4921883521917527
Brasil,90+,Ambos,0.011095656222872155,0.010261558830192696,0.0073078196452292035,0.0067489304373248874,3.519482657673,3.2509462635774895
Norte,0,Ambos,0.0052331426491303654,0.0028708780154096006,0.0030495731222445286,0.0016249207271594231,17.62687986433726,9.190667402587039
Norte,1-4,Ambos,2.2096565022588808e-4,1.3402773418995568e-4,1.2633972795569095e-4,7.356977687977432e-5,15.632983876590767,8.96765389280032
Norte,5-9,Ambos,7.733307412177533e-5,4.815357533730712e-5,4.868594231184414e-5,3.0426898802122755e-5,15.15253986179581,9.32398641967357
Norte,10-14,Ambos,5.634226150636631e-5,3.406322065062787e-5,3.286640446634656e-5,1.8302190517786126e-5,8.212427282878,4.5410313849420385
Norte,15-19,Ambos,1.0147733442282707e-4,9.863934875188816e-5,7.838845337182216e-5,7.591811117327164e-5,6.055080345954478,5.867566793230021
Norte,20-24,Ambos,8.979979198990881e-5,8.912064058023388e-5,7.417419773089608e-5,7.362941173234576e-5,3.793271012408439,3.7658297862637977
Norte,25-29,Ambos,7.409137281191706e-5,5.655344100768157e-5,4.990541004359033e-5,3.9258993490631074e-5,2.4490575253384974,1.9267070721644006
Norte,30-34,Ambos,1.1223173584117112e-4,6.612805214979326e-5,8.73768562097231e-5,5.65886235783164e-5,3.8802648293530395,2.501484832008282
Norte,35-39,Ambos,1.4733974993543918e-4,6.090575412519817e-5,9.821405812571433e-5,4.56278691425913e-5,3.8103345041963133,1.7299038631114725
Norte,40-44,Ambos,2.1455411886724715e-4,6.319800140815898e-5,1.3521905514569043e-4,4.7597039165315256e-5,4.079699469150812,1.3846327845748314
Norte,45-49,Ambos,3.047748777052867e-4,1.072801305246397e-4,2.047680431493132e-4,8.766474894041413e-5,4.59669858155133,1.9441438520153291
Norte,50-54,Ambos,3.1734386381167485e-4,1.879309628646955e-4,2.1028958754138437e-4,9.303854421318179e-5,3.4148932777561285,1.3139056911492717
Norte,55-59,Ambos,4.1397438331788276e-4,2.461356494085262e-4,2.9953758186721153e-4,1.4672219851394135e-4,3.323525111394566,1.4911224511224876
Norte,60-64,Ambos,4.608816791161906e-4,4.917900615822438e-4,3.6841735978467336e-4,2.721776607785942e-4,2.7815582492426927,1.8429093441755955
Norte,65-69,Ambos,4.58251984059243e-4,9.19572334829097e-4,3.491671178935429e-4,5.016406124598837e-4,1.7662050116481234,2.196993168577004
Norte,70-74,Ambos,6.644535910271556e-4,8.60216612048426e-4,4.589510428575929e-4,5.217742373508197e-4,1.5333910479854929,1.7111053594435326
Norte,75-79,Ambos,9.21356619389981e-4,0.0014596976836712574,6.976916754680554e-4,0.0010796643688552215,1.3565984373824165,2.1688617975328564
Norte,80-84,Ambos,0.0014127231987760953,0.0028422016907965605,0.0011427188788447143,0.001996677145511128,1.436252625741307,2.509421256644192
Norte,85-89,Ambos,0.005320128794729352,0.006238302676974793,0.0033709200609411774,0.003899901730030296,2.607442479421361,3.012215927124485
Norte,90+,Ambos,0.02049288322232129,0.01842629046583411,0.01257139121483241,0.011122526831645345,5.946877179490706,5.255918233269504
Nordeste,0,Ambos,0.005517375553730561,0.0025030457808034303,0.003933126249172288,0.0016121975542048267,22.775718206773888,9.75009722965127
Nordeste,1-4,Ambos,2.237003321233335e-4,1.1416517559657332e-4,1.4988000685054885e-4,6.955887009954325e-5,24.683932820912684,11.859016387395119
Nordeste,5-9,Ambos,6.480363673891182e-5,3.94565221298594e-5,4.825000464161888e-5,2.7856567622755743e-5,17.009086823633353,9.737903639868472
Nordeste,10-14,Ambos,5.050496869772285e-5,3.2223383295582644e-5,3.7306612736696314e-5,2.3331694247412238e-5,10.318944084324352,6.4917361620535265
Nordeste,15-19,Ambos,1.4280132636771125e-4,1.497140501169113e-4,1.0695917458130798e-4,1.0813077020323132e-4,7.6634752236921955,7.670387878257078
Nordeste,20-24,Ambos,1.2030981613067284e-4,1.1527128402067143e-4,9.575223150133292e-5,9.327881674929474e-5,4.804763048448159,4.659650722077403
Nordeste,25-29,Ambos,7.632234589086424e-5,6.92535309288189e-5,5.923693539865426e-5,4.943045495088114e-5,2.910250702469842,2.4413928369698237
Nordeste,30-34,Ambos,1.0223514036734316e-4,6.346906025324198e-5,8.382580734205452e-5,5.3837735713590906e-5,3.7115647068216218,2.406947601526969
Nordeste,35-39,Ambos,1.4094394963345361e-4,7.19131841799026e-5,1.1222895157786364e-4,5.7823922477650614e-5,4.153101567022189,2.1775066368010068
Nordeste,40-44,Ambos,1.6149742657236375e-4,8.761025076227845e-5,1.2360792275910632e-4,6.41107735160266e-5,3.5012338922351547,1.7830525068101701
Nordeste,45-49,Ambos,2.210025954209248e-4,1.0683080524647289e-4,1.7979616722604247e-4,6.951650927131479e-5,3.708107702642105,1.4305032444062329
Nordeste,50-54,Ambos,2.861460683654031e-4,1.724076898812895e-4,2.2293455717410464e-4,1.0961885914703973e-4,3.296735302584953,1.6179273491377673
Nordeste,55-59,Ambos,3.3752039930333867e-4,2.2216112289737087e-4,2.582559285095166e-4,1.240326594155901e-4,2.726239360922106,1.3070427531035074
Nordeste,60-64,Ambos,3.8378191438413235e-4,3.283521324319262e-4,2.651623951527066e-4,2.304040248572209e-4,1.9937582502512634,1.6423746108448365
Nordeste,65-69,Ambos,5.137193481258127e-4,4.8109584894386097e-4,3.588427747370806e-4,3.3284188443090433e-4,1.7908236398979864,1.6831718664141693
Nordeste,70-74,Ambos,3.0035791096700117e-4,6.298630130243317e-4,2.4376635677187102e-4,4.652957334659689e-4,0.9066983547525069,1.6736655311309567
Nordeste,75-79,Ambos,7.074237609012737e-4,9.083949295760296e-4,5.659312539297613e-4,7.577302381767042e-4,1.208385168576832,1.6307269314484267
Nordeste,80-84,Ambos,0.0011314434324456973,0.001654855535826857,9.739374257294233e-4,0.0012848503765134252,1.3064521036160546,1.7336185479300559
Nordeste,85-89,Ambos,0.005163590671767295,0.005707212256757318,0.004352736387714355,0.004685643189870848,3.5869012164789558,3.85614403874332
Nordeste,90+,Ambos,0.014150519820998136,0.013350431476229786,0.010553068173848405,0.00999010996813498,5.514292005053969,5.220797667965609
Sudeste,0,Ambos,0.0018277818716477417,0.0013137476254784922,9.671520087176823e-4,6.587957704641613e-4,7.953677682253642,5.394829943762704
Sudeste,1-4,Ambos,8.391112411101516e-5,6.733110637640098e-5,4.428686880112822e-5,3.555317882291702e-5,10.243411145014058,8.192309576778504
Sudeste,5-9,Ambos,3.7539045423743333e-5,3.109703182946089e-5,2.042846890257352e-5,1.8367861850651486e-5,11.147660703223393,9.6903553599055
Sudeste,10-14,Ambos,4.0223381659434584e-5,3.18958617859784e-5,2.322887144064723e-5,1.8625924787540558e-5,9.285844355055437,7.346672210149166
Sudeste,15-19,Ambos,1.5898691579845168e-4,1.3024428474077662e-4,1.0841996890406696e-4,9.184879781719105e-5,11.408014916915125,9.619494953007395
Sudeste,20-24,Ambos,1.3178818695066286e-4,9.144692161520094e-5,9.149573050161554e-5,6.485271282287997e-5,6.242358673121444,4.388007095362696
Sudeste,25-29,Ambos,1.1376519944641885e-4,6.808985597044726e-5,7.868166551562987e-5,5.077631969551482e-5,5.01416924633775,3.1893705492866307
Sudeste,30-34,Ambos,1.0395628892829209e-4,5.0305931397979596e-5,7.024327044215478e-5,3.684935274938948e-5,3.8127233248780326,1.9861802951945073
Sudeste,35-39,Ambos,8.896661568970896e-5,3.518773456333757e-5,6.359341546233786e-5,2.4506220420149718e-5,2.8324248115255113,1.0825132707617415
Sudeste,40-44,Ambos,1.0192294875609443e-4,6.248539545695463e-5,6.947864602574497e-5,5.437110806152363e-5,2.252576293786639,1.6816171653651804
Sudeste,45-49,Ambos,1.1952933553423351e-4,1.231944537629015e-4,7.96269651045346e-5,6.779781195391441e-5,1.8574957353307786,1.3668483930455237
Sudeste,50-54,Ambos,1.7922542978812873e-4,2.020676580564174e-4,1.2297785796891537e-4,1.32635733587131e-4,1.9260719674748354,1.886623424464546
Sudeste,55-59,Ambos,2.593860369234504e-4,3.649734852066518e-4,1.747182825033645e-4,1.8173492214647023e-4,1.7712672486393273,1.7297965791642063
Sudeste,60-64,Ambos,3.312153479209826e-4,4.4551278672770014e-4,2.6350381226776325e-4,2.6211364396875946e-4,1.8480515840013614,1.7752311564900511
Sudeste,65-69,Ambos,3.084024879992339e-4,5.878452556801068e-4,2.286644616305049e-4,3.023940268566024e-4,1.0935759642288954,1.3693169645016414
Sudeste,70-74,Ambos,4.175449851797841e-4,7.164403024763231e-4,3.218750244164915e-4,4.3716504956020755e-4,1.053867877625079,1.4202324567457232
Sudeste,75-79,Ambos,4.020127581973552e-4,6.260353801632706e-4,3.3228294889364653e-4,5.145888641509668e-4,0.6897173453877139,1.071094224228889
Sudeste,80-84,Ambos,0.0010736794423589246,0.0010580903885756769,6.956319193380777e-4,8.639446853368876e-4,0.8661411335416961,1.1213303433754913
Sudeste,85-89,Ambos,0.0016904699087065573,0.002141211344894938,0.0014173816271392727,0.0017526698998991369,1.1122712310124647,1.387083134774539
Sudeste,90+,Ambos,0.010021262395240283,0.009360828344063684,0.0059882659848467254,0.005542595499536791,2.795248108600109,2.585420109937041
Sul,0,Ambos,0.0015189096305012518,0.0013222310861876055,8.956393699988756e-4,7.632879141668932e-4,7.967420961470223,6.763508458622357
Sul,1-4,Ambos,7.377261123997423e-5,6.501332070281243e-5,4.2357835938343714e-5,3.766580924216633e-5,9.789720738644029,8.720493247960997
Sul,5-9,Ambos,3.266470517353147e-5,2.9103853613634525e-5,1.6591055508616425e-5,1.442739973764554e-5,8.728089860113457,7.667861615251066
Sul,10-14,Ambos,3.857914484840037e-5,3.518026788443103e-5,2.3992840643993588e-5,2.1888970923008206e-5,9.055445085142786,8.140460347478077
Sul,15-19,Ambos,1.1930489437321417e-4,1.1752148040482326e-4,1.0684496787782758e-4,1.059651164784376e-4,11.086093991727001,10.994197800104587
Sul,20-24,Ambos,8.108948115056261e-5,8.178369239864086e-5,7.162848203602355e-5,7.135240419500554e-5,5.07589978515137,5.064845484634526
Sul,25-29,Ambos,5.305610720722088e-5,5.260143734020371e-5,4.445718905965837e-5,4.424672015571434e-5,2.9958541324716945,2.959670946651236
Sul,30-34,Ambos,6.211845120474683e-5,6.591205464856362e-5,5.1463421115055165e-5,5.1148722995236534e-5,2.9881383851341985,2.920904848299592
Sul,35-39,Ambos,8.272788606847036e-5,9.20239659918724e-5,5.295512235613074e-5,5.479170933875215e-5,2.343102052959405,2.3733995884088688
Sul,40-44,Ambos,1.3573473686826485e-4,1.462770010066519e-4,7.328405935777735e-5,7.205204716268204e-5,2.3521299139506393,2.2471690775654865
Sul,45-49,Ambos,2.0962567874146493e-4,2.3092076536545945e-4,9.550125493305304e-5,1.0000281627319365e-4,2.0587528391467553,2.0879418561256706
Sul,50-54,Ambos,2.2793265239695194e-4,2.4571307525956165e-4,1.3234710350925997e-4,1.3097016184804552e-4,2.0265794955114114,1.955039961832979
Sul,55-59,Ambos,3.2582706438312627e-4,3.4325799544430627e-4,2.245765770287766e-4,2.061536655738629e-4,2.3378897198295165,2.0814336989731523
Sul,60-64,Ambos,4.924201545116284e-4,4.380157607254219e-4,4.0979309599738326e-4,3.6418374420554275e-4,2.9955425880242648,2.6062971575882203
Sul,65-69,Ambos,5.011338786108593e-4,3.3521284212390077e-4,3.9475526482793703e-4,2.842186186648981e-4,1.9359539951098337,1.407576024228868
Sul,70-74,Ambos,4.969658438763655e-4,3.026283451836781e-4,3.025045714156044e-4,1.9726713639276207e-4,0.9644116471693642,0.6340012256526499
Sul,75-79,Ambos,6.911957009666149e-4,5.524912601262877e-4,3.4610997805929717e-4,3.60532595567208e-4,0.6841592308997214,0.7279427260192338
Sul,80-84,Ambos,0.0011500183304897112,0.0010853195806587077,7.398758394733321e-4,6.539614756581307e-4,0.8828334254579443,0.7824640302280114
Sul,85-89,Ambos,0.001965606416419224,0.0024942956872169683,0.0015722109605287593,0.0018803768612337564,1.1761364687986091,1.4076607896370512
Sul,90+,Ambos,0.008149448851221302,0.008165775903006831,0.0056403725875150725,0.005650468170859788,2.6652781212962533,2.670073212523826
Centro-Oeste,0,Ambos,0.003456719512029054,0.0022606546587459267,0.0018846084097529896,0.0012774578487625564,13.50233661955554,9.018969944128948
Centro-Oeste,1-4,Ambos,1.277057080594338e-4,9.315193582483364e-5,7.286444353113829e-5,5.457268622642031e-5,12.711614243056768,9.406212452155332
Centro-Oeste,5-9,Ambos,5.178706991825139e-5,3.8787915592342374e-5,2.7660557757671147e-5,2.093959241281031e-5,11.500591291729394,8.645698776610937
Centro-Oeste,10-14,Ambos,5.108778322056092e-5,3.761676046408219e-5,2.8911866722646187e-5,2.0419784221822242e-5,9.074542544161387,6.3853686020878
Centro-Oeste,15-19,Ambos,1.5679580720844117e-4,1.490233869384412e-4,1.1832452313732973e-4,1.14394940443546e-4,10.1428613337707,9.81015388449953
Centro-Oeste,20-24,Ambos,1.367055405877658e-4,1.2530313875738658e-4,1.0905905359309886e-4,1.0428331787905276e-4,6.493732242191258,6.203641223993015
Centro-Oeste,25-29,Ambos,9.186874146316641e-5,6.704615124805231e-5,6.485582884698786e-5,5.1967424087884526e-5,3.7272279242759665,2.9912155614056597
Centro-Oeste,30-34,Ambos,9.387895315291789e-5,6.730823844545307e-5,7.255694851709878e-5,5.568416530123141e-5,3.6762991193117753,2.8084541170068262
Centro-Oeste,35-39,Ambos,7.878297506137078e-5,8.82803813937297e-5,4.7866302614376495e-5,4.331649602438289e-5,2.042311764092032,1.5727865028133698
Centro-Oeste,40-44,Ambos,1.0753967783065871e-4,1.1844132312155299e-4,7.377014890337766e-5,6.254485377379562e-5,2.3213500196182193,1.7609762620363585
Centro-Oeste,45-49,Ambos,1.6017752242829283e-4,1.6309780554671927e-4,9.705397020060121e-5,7.465712052906577e-5,2.2711423697213653,1.444386975594273
Centro-Oeste,50-54,Ambos,1.815371909599644e-4,2.741642438483675e-4,1.284909193143925e-4,1.2651268780854751e-4,2.032253236500163,1.715113271454646
Centro-Oeste,55-59,Ambos,2.3799097786754653e-4,3.301033470390277e-4,1.6797809423804274e-4,1.5985377301070964e-4,1.9078987788430595,1.533227407490595
Centro-Oeste,60-64,Ambos,4.6359922827178887e-4,3.5703621507337114e-4,3.8770643353148575e-4,2.764690329435816e-4,2.7894751101124515,2.0017514129599974
Centro-Oeste,65-69,Ambos,4.7625120913944764e-4,4.714349530631295e-4,3.5426561864759093e-4,3.227983929348616e-4,1.674795058202146,1.479696902429634
Centro-Oeste,70-74,Ambos,5.192136391359368e-4,4.352330796695122e-4,3.051284856748014e-4,2.6992547702481186e-4,1.0154152535603365,0.9176873360300789
Centro-Oeste,75-79,Ambos,8.797721679227517e-4,6.788050362350259e-4,5.61113528631676e-4,5.159075079273646e-4,1.1345081748655845,1.0676079786788029
Centro-Oeste,80-84,Ambos,0.001192827682351377,0.001970751508566015,0.001025972799638496,0.0015964938152619498,1.3047548323899139,2.0318957994592064
Centro-Oeste,85-89,Ambos,0.004936244641988882,0.005306779015238753,0.0036622425078215396,0.0038844055233662154,2.840080178693526,3.009804335910628
Centro-Oeste,90+,Ambos,0.013999511169475908,0.012550191579784053,0.007595467667800719,0.006651992192152321,3.6680731487758043,3.2070131359277076
Rondônia,0,Ambos,0.004955073334431133,0.0031713060787773163,0.002684605164774892,0.001845686572230724,16.6596566728333,11.165203883605267
Rondônia,1-4,Ambos,1.9220138138169302e-4,1.3039355821986624e-4,9.735144722750892e-5,7.693413272096438e-5,16.114791602065537,12.297624003049892
Rondônia,5-9,Ambos,8.4984090391299e-5,6.830179984549838e-5,5.596906552764736e-5,4.6899139497638416e-5,21.64294122100727,17.64545053892244
Rondônia,10-14,Ambos,7.848316716686684e-5,5.7824112234135316e-5,3.9010667810323256e-5,3.1333179712649614e-5,10.848612391547054,8.6399210229463
Rondônia,15-19,Ambos,1.341645638693123e-4,1.0919494922677247e-4,9.096235357182107e-5,8.15142393731322e-5,7.783159669349843,6.845623965592193
Rondônia,20-24,Ambos,1.8759973815336622e-4,1.2051203225760525e-4,1.1772465463691759e-4,8.809213727398457e-5,6.6102044534655775,4.850707348963676
Rondônia,25-29,Ambos,1.8167695268343564e-4,1.1159710960468913e-4,1.0740341847385419e-4,8.889441055338981e-5,5.397548389322777,4.572377485254911
Rondônia,30-34,Ambos,2.0253284289346976e-4,1.2196562504578302e-4,1.3523129526895277e-4,9.240179143610064e-5,5.603299511821735,3.892175642383032
Rondônia,35-39,Ambos,1.4653175595777596e-4,1.4641483862535252e-4,1.1811031956438406e-4,1.0774631109931761e-4,4.217574809648485,3.6838590590161924
Rondônia,40-44,Ambos,1.4244305207621795e-4,1.2262797761552593e-4,9.994130998599027e-5,8.753345256674226e-5,2.7851064399306273,2.3802346432020194
Rondônia,45-49,Ambos,1.966620763711771e-4,2.5683399359657837e-4,1.506960422054346e-4,1.8511499229127522e-4,3.085745893715204,3.6779516768476848
Rondônia,50-54,Ambos,3.213689300322386e-4,4.8503560594243266e-4,2.158113511989018e-4,2.541820601199638e-4,3.1844322223303982,3.471633907977397
Rondônia,55-59,Ambos,4.3729070780201617e-4,6.096855119939956e-4,3.564892239725915e-4,3.527111431142176e-4,3.613232372354595,3.3519433047108764
Rondônia,60-64,Ambos,4.574776242698838e-4,7.665900818461077e-4,3.479320217043562e-4,4.0986980261338286e-4,2.3488926203372227,2.6087305257278026
Rondônia,65-69,Ambos,7.417001612930854e-4,0.001162203129088587,5.133158406663271e-4,7.137047771119e-4,2.345457127042199,2.9323640720356163
Rondônia,70-74,Ambos,5.825129914068139e-4,8.318466399124105e-4,4.4622219060855647e-4,6.343978534020742e-4,1.4186609467341036,1.9367206590419592
Rondônia,75-79,Ambos,0.0011417689877954455,0.0013809214551279295,8.835708136240038e-4,0.0011872044510318886,1.6413153784934413,2.2482535894145785
Rondônia,80-84,Ambos,0.0013486377132019898,0.0023368118439521567,0.0010911028836495782,0.0018311182768527261,1.304978525204634,2.179744765877704
Rondônia,85-89,Ambos,0.004389521270992322,0.0053403468322768075,0.0030937406219764697,0.0036008059663398587,2.3167837164517864,2.6848464175715447
Rondônia,90+,Ambos,0.015868057469746896,0.014812310668198969,0.00923536709836168,0.00853239135703895,4.35300843736513,4.019881833997817
Acre,0,Ambos,0.0051307508057783485,0.0031729891558438653,0.003163850638674862,0.00211516800016891,15.486943951076421,10.356992818402313
Acre,1-4,Ambos,1.647926834519427e-4,1.2102361474446197e-4,1.0387128931653295e-4,8.60486107352069e-5,11.773466951575376,9.630180426121006
Acre,5-9,Ambos,7.967291721228654e-5,6.247175205277806e-5,5.548838757128214e-5,4.2969747620952344e-5,15.464781404252875,11.911547320443146
Acre,10-14,Ambos,6.84995479935918e-5,4.626524111647512e-5,4.908061322280102e-5,3.6894863054945134e-5,10.881403919289586,8.57066753362622
Acre,15-19,Ambos,1.8010568330003327e-4,1.7738709753565998e-4,1.4784718985445426e-4,1.4532296921954718e-4,11.38877551108981,11.192667880875131
Acre,20-24,Ambos,2.4387535830567084e-4,1.8986746369241636e-4,1.8546662677783812e-4,1.4593541444096097e-4,10.933364154692976,8.673393694653448
Acre,25-29,Ambos,2.499274072395676e-4,1.8777847412792823e-4,1.9398581877220816e-4,1.5319477367345112e-4,10.426962939895088,8.30654634528619
Acre,30-34,Ambos,2.0440730552513737e-4,1.3024337669703537e-4,1.6685570419358855e-4,1.0836924446564078e-4,7.490809262423234,4.9749508215649225
Acre,35-39,Ambos,3.259066028778337e-4,1.8958237314857247e-4,2.3707763062582427e-4,1.3984313158241611e-4,8.47357377109831,5.024571941767568
Acre,40-44,Ambos,3.4590745553791653e-4,2.0225763464987997e-4,2.4557780806380025e-4,1.6153183352331346e-4,7.424003587795794,5.020530839720963
Acre,45-49,Ambos,2.731578328559249e-4,2.1676809302003446e-4,2.003975524370375e-4,1.6352971255021974e-4,4.428829325520715,3.563222511940239
Acre,50-54,Ambos,4.085038140459387e-4,3.9267985621932683e-4,3.295892197398613e-4,2.6548650642192474e-4,5.196082716769194,3.9646706119171053
Acre,55-59,Ambos,4.8672102072346013e-4,5.823343071703691e-4,4.0124570231967485e-4,4.205878895421494e-4,4.180482567698288,4.281110054933452
Acre,60-64,Ambos,7.799124200586997e-4,8.305899108374973e-4,6.528450879558061e-4,6.293622436918165e-4,4.456362286856465,4.385113439893586
Acre,65-69,Ambos,0.0010346110605127673,0.0014129315266173314,8.541851288878902e-4,0.0010971321740939682,4.000691254794118,5.034395167277898
Acre,70-74,Ambos,5.900093982305119e-4,0.0010029924546199355,3.731773452229901e-4,7.84925680511746e-4,1.1668324038251263,2.510087397302352
Acre,75-79,Ambos,0.0012065338635482686,0.0020005436951458077,9.448924269768363e-4,0.0016344562184362477,1.8430979866576942,3.233888544935701
Acre,80-84,Ambos,0.0016280824309493772,0.002824854561698765,0.0013623413937610348,0.0022792301531442505,1.675604422480502,2.7903130525100934
Acre,85-89,Ambos,0.006450297396682564,0.007006279617173159,0.004588970546193256,0.004930060073497771,3.4222679264793587,3.672982698448378
Acre,90+,Ambos,0.012472980716843942,0.012425453586470877,0.008930322139377275,0.008898716805077674,4.39145224728531,4.375871384015681
Amazonas,0,Ambos,0.00821014936026069,0.00482770764112116,0.004594197567996311,0.0026858214853718674,24.35734204717205,14.010148182367352
Amazonas,1-4,Ambos,3.4771260462620774e-4,2.1654680862443664e-4,1.954079062220844e-4,1.2152630909935661e-4,20.778361222670924,12.830795775626305
Amazonas,5-9,Ambos,1.1205688011245301e-4,7.228530703107296e-5,6.746309186271034e-5,4.4811995188391685e-5,19.93998279351231,13.201608660412138
Amazonas,10-14,Ambos,7.0160991299924e-5,4.413545213772843e-5,4.252540098584694e-5,2.7152985261208547e-5,10.405643557924277,6.640874295297877
Amazonas,15-19,Ambos,1.1465873138966431e-4,1.1406918521566374e-4,1.04001358541651e-4,1.0253621969841779e-4,8.360814270234053,8.24959499118758
Amazonas,20-24,Ambos,1.382211525362557e-4,1.3226572974573818e-4,9.935253385811254e-5,9.755731927527346e-5,5.213317740914261,5.116374433093989
Amazonas,25-29,Ambos,1.392811456331334e-4,1.3859075591859352e-4,8.507716262611311e-5,8.493485254811653e-5,4.056538689555017,4.050802185459278
Amazonas,30-34,Ambos,1.096899818589204e-4,1.0428446910964929e-4,8.225873371115569e-5,7.870370654794596e-5,3.7121977348285102,3.503980640808677
Amazonas,35-39,Ambos,1.8219182960513308e-4,1.3292985865055393e-4,1.2044388168425692e-4,9.791383733162536e-5,4.852852867258811,3.7853307415605975
Amazonas,40-44,Ambos,2.883501368259486e-4,1.0901331873589935e-4,1.801310548425454e-4,8.770481452785913e-5,5.162341053859834,2.808144275384728
Amazonas,45-49,Ambos,4.5550054039442735e-4,1.8240112052335e-4,2.969575041255195e-4,1.4716063625544085e-4,6.444780746341465,3.206299713529849
Amazonas,50-54,Ambos,4.535418122710722e-4,2.1523213805349628e-4,2.874153820389145e-4,1.571823511204904e-4,4.39786598479323,2.3100945477661936
Amazonas,55-59,Ambos,5.34284481860931e-4,4.1587190372134944e-4,3.741017842089964e-4,2.884960979770674e-4,3.6911126569510415,2.6487788060269284
Amazonas,60-64,Ambos,7.525786249957357e-4,6.908479028908161e-4,5.44733588686986e-4,4.3446718308512645e-4,3.8313578857778716,2.7687648755591145
Amazonas,65-69,Ambos,6.422322683548242e-4,0.0014184945711764126,4.919605444816457e-4,9.082637266318482e-4,2.2731846354491023,3.659717950135676
Amazonas,70-74,Ambos,4.575486018410669e-4,0.0018478865038960468,3.2342044684631867e-4,0.0010811879806165092,0.9755420194147798,3.1343227964103257
Amazonas,75-79,Ambos,7.37353165159474e-4,0.0026374312570412693,5.596217129482589e-4,0.0016420220884248583,1.0532322420158355,2.9708302500787576
Amazonas,80-84,Ambos,0.0026182402754076546,0.004785305391223177,0.001529038443664029,0.0028347573289670496,1.7341612333255079,3.243470258017299
Amazonas,85-89,Ambos,0.006976828461281507,0.008358343116502793,0.0036774620855906047,0.004510709787260184,2.603121559805346,3.2059938420529686
Amazonas,90+,Ambos,0.028006665090332058,0.026886134916520664,0.01645438908826311,0.01561335883282238,7.22503809818443,6.838152353877054
Roraima,0,Ambos,0.002525965463844017,0.0023700728393199273,0.001971331944524195,0.0018201178678804312,10.482500618461106,9.79920715464455
Roraima,1-4,Ambos,2.6330888806805705e-4,2.613035999933667e-4,1.7197868484269223e-4,1.7341740018640087e-4,14.353927807447537,14.487546087053083
Roraima,5-9,Ambos,8.59081949897146e-5,7.376058825731042e-5,6.36775344560472e-5,5.450404392563645e-5,13.844903471948896,12.25143175203398
Roraima,10-14,Ambos,7.525029856732786e-5,6.751840892810577e-5,5.103712077067344e-5,4.879900365410281e-5,9.921948252340114,9.513103770723744
Roraima,15-19,Ambos,2.0451805266879055e-4,1.7102831748429557e-4,1.4281796372677373e-4,1.1711743624381043e-4,9.137248667705247,7.592620059716417
Roraima,20-24,Ambos,3.137027244694926e-4,2.3449563996516876e-4,2.237410978098678e-4,1.8793353408573784e-4,10.354236244811158,8.961633285882662
Roraima,25-29,Ambos,2.675005851235254e-4,1.8837584804132413e-4,1.6707963456113806e-4,1.2623173668784726e-4,7.037858809605183,5.4655840493664725
Roraima,30-34,Ambos,4.101149097169309e-4,2.8657425383173867e-4,2.905226348219619e-4,2.1873943737013563e-4,10.878897119309624,8.33218668107749
Roraima,35-39,Ambos,4.1596190185285754e-4,2.928295494928846e-4,3.033146672675086e-4,2.349740920192355e-4,10.06213380595441,8.10060752509915
Roraima,40-44,Ambos,4.4282383858288896e-4,2.6777503588958546e-4,3.388756652443696e-4,2.2839526294893053e-4,8.856002407002519,6.416519453974642
Roraima,45-49,Ambos,4.63530569352318e-4,3.710407384708519e-4,3.717208459779556e-4,3.0669388141632813e-4,7.942737689412355,6.720826226310662
Roraima,50-54,Ambos,7.886383136381694e-4,4.971346463455599e-4,5.533447076348794e-4,4.1506269203044023e-4,7.683964182318166,5.961413605041247
Roraima,55-59,Ambos,7.338792369894526e-4,5.593564229722915e-4,5.675870310408844e-4,0.00043932873422302863,5.568380074287458,4.370719707777969
Roraima,60-64,Ambos,9.93777888286872e-4,8.227260387234667e-4,7.854952078247923e-4,6.918482889185951e-4,5.0472528489856545,4.822129958642895
Roraima,65-69,Ambos,0.0012414543368865774,0.0013885740313736934,0.0010663538196153484,0.0011540767180263226,4.876521166605231,5.198010190088609
Roraima,70-74,Ambos,9.81274426105173e-4,0.001075822434692495,8.113100632028344e-4,7.997043210087959e-4,2.6095769893462863,2.542316733887761
Roraima,75-79,Ambos,0.0014081370867489017,0.0021518968084565633,0.0011490738040423323,0.0015136260930996308,2.261240062680531,2.906338651021
Roraima,80-84,Ambos,0.003110544224579534,0.0041301664087775285,0.002451862355096874,0.002992621728436852,3.0256514916851742,3.649035300977879
Roraima,85-89,Ambos,0.009161123846002586,0.009660914310950097,0.006811377441808041,0.0071231293646509385,5.175844994188973,5.414471194123874
Roraima,90+,Ambos,0.023682221076606315,0.02362825261628769,0.018326010730315125,0.018288895356733247,8.909686668438207,8.891130821495612
Pará,0,Ambos,0.0047385922540801205,0.002160532969763742,0.0031551234940761174,0.001400351306815525,18.107713762248483,7.856248718651178
Pará,1-4,Ambos,2.3062516854186428e-4,1.190906414862161e-4,0.00014137296019036013,6.431406709117775e-5,18.895513555881518,8.754136851920071
Pará,5-9,Ambos,7.844204513949596e-5,4.432288758971984e-5,5.1000677462050894e-5,2.8183329014780394e-5,16.043513989928158,8.6116230366713
Pará,10-14,Ambos,5.784065571814506e-5,3.369185717572089e-5,3.776670650285422e-5,2.179135791656002e-5,9.598541123685886,5.476124090511254
Pará,15-19,Ambos,1.6363147109678592e-4,1.6415068151573312e-4,1.3716440658643117e-4,1.3763471681698056e-4,10.542354122285932,10.57760546826157
Pará,20-24,Ambos,1.5850835805793087e-4,1.75104947118687e-4,1.2189799039779756e-4,1.3939647070274503e-4,6.106418332496684,6.954415313493932
Pará,25-29,Ambos,1.320740251182873e-4,1.2152116677440013e-4,1.1554771205561649e-4,1.0629819246282322e-4,5.489771956031887,5.049449367606291
Pará,30-34,Ambos,1.346956997133773e-4,9.106671089789974e-5,1.0528705290103431e-4,7.4406752152313e-5,4.720097378145068,3.3375358482150896
Pará,35-39,Ambos,1.9161171970328607e-4,7.406255494506257e-5,1.3811042415016987e-4,4.824985641177674e-5,5.421713883352679,1.9075862664308603
Pará,40-44,Ambos,2.6590616906185273e-4,7.599281252812546e-5,1.791259437557872e-4,5.3599368273263704e-5,5.638710916702138,1.6248080822405278
Pará,45-49,Ambos,3.906624643128862e-4,1.1048498509510673e-4,2.741787817024387e-4,8.400085493240899e-5,6.293180684616874,1.975832616030264
Pará,50-54,Ambos,3.758691603926638e-4,1.4406480999995205e-4,2.805442590817918e-4,8.518887103358449e-5,4.605561941458406,1.3245358456874545
Pará,55-59,Ambos,5.442834453181744e-4,2.240050737196992e-4,4.1683014716868363e-4,1.7447127929073858e-4,4.766503753817263,1.7876829845681539
Pará,60-64,Ambos,5.314629713332894e-4,4.3502891144601925e-4,4.437352674613383e-4,2.9578486001680744e-4,3.3845900244940963,2.0342905372878133
Pará,65-69,Ambos,5.226477200420582e-4,9.749914400014179e-4,4.1095813247517846e-4,5.983089279986085e-4,2.0755431846776045,2.7232832230564727
Pará,70-74,Ambos,8.500915724792806e-4,8.646779906800302e-4,6.272270418402527e-4,6.22521321700285e-4,2.210835419324395,2.093807225654152
Pará,75-79,Ambos,9.673805615082753e-4,0.0014478750163407887,8.149435109674538e-4,0.0010474125721958093,1.6711779223412147,2.2001313073021826
Pará,80-84,Ambos,0.0014683193349644557,0.0029184864766148596,0.0011587424011114424,0.002109085241672477,1.4733356442157284,2.719373942668094
Pará,85-89,Ambos,0.005784420428777325,0.006638469891992121,0.0041049074524661605,0.0047964017552543535,3.2684273654290887,3.8227533684476587
Pará,90+,Ambos,0.022067296758819768,0.017825369612168032,0.0151494369864648,0.011764278788527737,7.3795016110385,5.712515649888947
Amapá,0,Ambos,0.005067335889240437,0.0038268754454796054,0.004202990826597459,0.003152413265824347,18.623439011645782,13.98572920399822
Amapá,1-4,Ambos,1.4740639683994626e-4,1.4467959660815973e-4,1.1478833190827391e-4,1.1502259312902559e-4,12.971381200522558,13.15010631522949
Amapá,5-9,Ambos,8.156461985219443e-5,7.765242726979673e-5,6.370337382558131e-5,6.193615192756327e-5,17.78382793321582,17.25284001903703
Amapá,10-14,Ambos,7.707707702757557e-5,5.3910483091117033e-05,5.10661235324773e-5,3.777344392486145e-5,11.515755783512777,8.627994091875149
Amapá,15-19,Ambos,2.266685501368932e-4,2.052914906586178e-4,1.7171452197181189e-4,1.6393513920059786e-4,9.722612743567776,9.444082935515898
Amapá,20-24,Ambos,2.9012387380753115e-4,2.777275072283389e-4,2.24266000402864e-4,1.8834387042573428e-4,9.519395951361593,8.144996391454393
Amapá,25-29,Ambos,2.0928525417835333e-4,1.9129931243100064e-4,1.7578270726589082e-4,1.466841194364104e-4,8.179510202524504,6.77774057580631
Amapá,30-34,Ambos,2.5098018083849054e-4,1.363162040775926e-4,1.9236102904097928e-4,1.1337417337655232e-4,8.184122678082446,5.076930739950825
Amapá,35-39,Ambos,3.690215134703439e-4,2.3799545889155744e-4,2.7768836558771624e-4,1.9755841229654274e-4,10.954834533092368,7.530937659004075
Amapá,40-44,Ambos,4.7620518048328706e-4,2.649376450886453e-4,4.1309143666039077e-4,2.2876256198812292e-4,12.25753317583305,6.842895925048486
Amapá,45-49,Ambos,6.122972997788611e-4,2.9957602097855366e-4,4.916029298985092e-4,2.3567627438549876e-4,10.823944438586116,5.4337800630099355
Amapá,50-54,Ambos,8.535063666572258e-4,4.069056685783037e-4,6.688896484198449e-4,2.90345602976473e-4,10.320454761141812,4.852911742694429
Amapá,55-59,Ambos,6.102031677149273e-4,4.947222063216151e-4,4.2411241383557766e-4,4.115939235684769e-4,4.677327861220799,4.229903219269401
Amapá,60-64,Ambos,0.0011475574175031486,8.146982492820395e-4,8.517829584991859e-4,6.44751966877612e-4,6.334483260470629,4.567251516478948
Amapá,65-69,Ambos,0.0016426961091629518,0.001083639266600026,0.0012616354035671466,7.313653163615494e-4,5.949623410653967,3.316807892247546
Amapá,70-74,Ambos,0.0017029045003103297,8.679467317130949e-4,0.0015003555384357008,5.750002886773985e-4,5.104940782298262,1.8294671823576893
Amapá,75-79,Ambos,0.001573995819905361,0.0019338339299557537,0.0014297554520094145,0.0012240705319702533,3.0595954315925615,2.4230054574686766
Amapá,80-84,Ambos,0.0030290744088239565,0.0048284669743649325,0.0023212371625538106,0.0037213955743358763,3.00242772910577,4.839625408463262
Amapá,85-89,Ambos,0.00679790311443186,0.00945480988053743,0.0055206765837546865,0.00780319274909047,4.465004907355637,6.346859887858798
Amapá,90+,Ambos,0.03479544830160859,0.037847414694414175,0.028141108633316755,0.030849944981514586,13.025997072804207,14.367148685903347
Tocantins,0,Ambos,0.005233914825398966,0.003195171312039549,0.002907990889477706,0.001837536144076913,19.30987753368068,11.710914886231098
Tocantins,1-4,Ambos,1.8875146009624818e-4,1.3208641473240872e-4,1.2174265864933935e-4,9.475129997029626e-5,15.588802162233886,11.730614713404401
Tocantins,5-9,Ambos,7.387231822973415e-5,5.638462340419007e-5,5.5002712902493765e-5,4.465057815874014e-5,15.865333855669547,12.460391117648005
Tocantins,10-14,Ambos,7.423734078121058e-5,6.069816544185297e-5,4.869328267150899e-5,4.16667124050946e-5,12.374386953802114,10.413504678412478
Tocantins,15-19,Ambos,1.1283480419615926e-4,1.1317715414891088e-4,9.690633096676801e-5,9.71498795714797e-5,7.772825004296005,7.792648664063753
Tocantins,20-24,Ambos,1.3309690377954881e-4,1.3466236312227185e-4,1.0474333183144918e-4,1.0593642561610782e-4,5.781149314368799,5.844417474689827
Tocantins,25-29,Ambos,1.0585644476867798e-4,1.0106034765670536e-4,8.981829895838811e-5,8.598126833692767e-5,4.561436029614508,4.363772860997053
Tocantins,30-34,Ambos,1.368620154978735e-4,1.367745654876924e-4,1.0732845114567526e-4,1.0956117911781924e-4,4.797958345342549,4.850529122038203
Tocantins,35-39,Ambos,1.4742265917372624e-4,1.484579240280982e-4,1.2131023544459666e-4,1.2501554490036224e-4,4.592292415838209,4.730338586386263
Tocantins,40-44,Ambos,1.567157508080175e-4,1.9533457338883706e-4,1.1848214983342058e-4,1.3394603651920736e-4,3.4570174285642663,3.8713558354151343
Tocantins,45-49,Ambos,2.104228811191423e-4,2.679218836691873e-4,1.4989407028530047e-4,1.6250212080093173e-4,3.1523524673083956,3.326665935306187
Tocantins,50-54,Ambos,2.599714827750666e-4,3.4395231263377007e-4,2.2556886502427461e-4,2.3412213033287074e-4,3.5365358677001786,3.5064327712926495
Tocantins,55-59,Ambos,2.8110287420876374e-4,2.569392908408068e-4,2.2144325406136772e-4,1.9720132342190955e-4,2.552982072173927,2.1767803326436774
Tocantins,60-64,Ambos,4.8822952168530473e-4,5.614690095690325e-4,3.667210939696303e-4,4.4130684886727615e-4,2.8483763087702516,3.366955164925563
Tocantins,65-69,Ambos,5.949732023505862e-4,8.291132332877913e-4,4.428213497052246e-4,5.383770820497243e-4,2.2295401087583806,2.5706035607946274
Tocantins,70-74,Ambos,3.419549854334307e-4,5.345348747448698e-4,2.2247056869017576e-4,3.909177474814927e-4,0.7870327520640142,1.4188205091102328
Tocantins,75-79,Ambos,5.914988311019686e-4,8.066560603513791e-4,3.760558754117681e-4,6.248992948503978e-4,0.7774646764528376,1.3594800047066262
Tocantins,80-84,Ambos,0.0011397502515550198,0.0018721855476465483,8.812153149364566e-4,0.0015071650533841636,1.1466130052354317,2.000255990769015
Tocantins,85-89,Ambos,0.003293160426357503,0.0040799987492487425,0.0023770321186348266,0.002768926036582926,1.9296189447278682,2.240220917953058
Tocantins,90+,Ambos,0.007777663913930733,0.008274997797755446,0.005097988031101091,0.005446746183267705,2.579763954192354,2.757004445855613
Maranhão,0,Ambos,0.011537659900819423,0.0031473663013536594,0.00972843869792749,0.0025268433594430885,49.62776737981739,12.499636777673036
Maranhão,1-4,Ambos,5.442319179125532e-4,1.5681067002571572e-4,4.471720044195543e-4,1.1885852012104814e-4,51.823708296509054,13.477572813822908
Maranhão,5-9,Ambos,1.221297242427814e-4,4.904026420832795e-5,1.0421033796972174e-4,3.6925049096468884e-5,32.114105688853115,11.215288867935957
Maranhão,10-14,Ambos,8.491450007046826e-5,2.372424691446377e-5,7.267116397705471e-5,1.692609127782089e-5,18.45801377118094,4.367467158156744
Maranhão,15-19,Ambos,1.3118924660910803e-4,1.0691173838400714e-4,9.863201700908e-5,7.90043968732452e-5,8.305616350097104,6.676442242074894
Maranhão,20-24,Ambos,1.701408447592418e-4,1.1299256945642729e-4,1.3542739957417917e-4,8.671162057451633e-5,7.382647171776663,4.787412365577511
Maranhão,25-29,Ambos,2.871184062617426e-4,1.5992651128161892e-4,2.487950798885632e-4,1.2968411623746334e-4,11.90438128663985,6.2402734214685
Maranhão,30-34,Ambos,3.06012861681454e-4,1.1486467579621737e-4,2.66370616593349e-4,9.051221086494381e-5,11.359297439387744,3.904432556797197
Maranhão,35-39,Ambos,4.3908671794485433e-4,1.1869198016132502e-4,3.832614093818969e-4,9.330665286421971e-5,13.426122204043466,3.304338243791293
Maranhão,40-44,Ambos,5.03953473248234e-4,8.64619309256937e-5,4.523140667700506e-4,6.317495970908613e-5,12.68382677100294,1.7088334572772055
Maranhão,45-49,Ambos,8.971741151911069e-4,1.353710750479293e-4,8.034037817898279e-4,1.0900289222625318e-4,16.810628144797846,2.201459762237608
Maranhão,50-54,Ambos,0.0011437364649395296,2.1323387625948143e-4,0.0010447788501991692,1.7491412174020207e-4,15.930935256246052,2.6304136846983575
Maranhão,55-59,Ambos,0.001698712321506403,3.2266852020784167e-4,0.0015454672606657494,2.4483558263887323e-4,16.932873233386783,2.6552413895445737
Maranhão,60-64,Ambos,0.0023601359211072328,3.8483135312690345e-4,0.0021350853446450778,3.0559844705219515e-4,16.126207290396888,2.3154897275486803
Maranhão,65-69,Ambos,0.0027419538358408476,6.197393832431973e-4,0.002437359140786425,5.02128045542861e-4,12.251476584930327,2.5562721365247056
Maranhão,70-74,Ambos,0.0031645834503215647,6.281303300442935e-4,0.002858186198260032,4.4686260651878004e-4,10.563321320370141,1.581310279416245
Maranhão,75-79,Ambos,0.0028549835878334934,0.0010978843136070801,0.0025386534346199473,8.218333446443163e-4,5.739025573189758,1.7713386889973308
Maranhão,80-84,Ambos,0.002025550209118848,0.0030693052339416916,0.0016841895027430883,0.0023498963279626286,2.3012881387525956,3.1641821870478837
Maranhão,85-89,Ambos,0.016347718258293696,0.012214612964316578,0.01416879847190204,0.009992515121404038,11.776241869182822,8.281421506650744
Maranhão,90+,Ambos,0.11037301224287187,0.07656378128031101,0.09302643050418011,0.05829212114191959,43.199272715880014,26.045005764045115
Piauí,0,Ambos,0.003262762849620825,0.002408665750463775,0.0024210327412199765,0.0018187578347418486,12.498834902717027,9.526200930596838
Piauí,1-4,Ambos,1.0877650725911884e-4,8.581580304521394e-5,6.3700955297003e-5,4.605112927387361e-5,10.777137502015083,8.041849639039041
Piauí,5-9,Ambos,4.125793316637344e-5,3.6094527522251335e-5,3.299392230413523e-5,2.863937632232929e-5,10.048577356517312,8.771905029959683
Piauí,10-14,Ambos,3.9882172405858675e-5,3.436913072892398e-5,2.4305454989703887e-5,2.075075026678985e-5,6.6147207973723905,5.588613257864597
Piauí,15-19,Ambos,9.34203553150128e-5,9.18575805933283e-5,7.567582698388179e-5,7.464866096538624e-5,7.032606818167358,6.933699979462485
Piauí,20-24,Ambos,8.589812955673898e-5,8.466495791663129e-5,6.425194708664518e-5,6.332764126116399e-5,3.913665894893298,3.858474644966299
Piauí,25-29,Ambos,1.063577885636361e-4,1.0581941104210718e-4,9.023472602816106e-5,8.965843418912664e-5,4.915688938736121,4.882692309214501
Piauí,30-34,Ambos,5.9933861476691886e-5,6.098392202061914e-5,4.693313446782236e-5,4.830981515723229e-5,2.218794992664187,2.2779288709700745
Piauí,35-39,Ambos,1.083706780355489e-4,1.0875439507831591e-4,8.103000517252247e-5,7.938706699240165e-5,3.1659790688240137,3.0892204734414723
Piauí,40-44,Ambos,1.7844601174686294e-4,1.800924473556123e-4,1.43141307186785e-4,1.4257354721142665e-4,4.071167296652904,4.038998443560217
Piauí,45-49,Ambos,1.8201211699409424e-4,2.0245068947467512e-4,1.3588312392023237e-4,1.5379133964698837e-4,3.00864284508845,3.401188566939032
Piauí,50-54,Ambos,1.236575535547087e-4,1.727654319580468e-4,9.44105166466765e-5,1.2775430324886777e-4,1.560636669965686,2.0631089502767606
Piauí,55-59,Ambos,1.8073934933383762e-4,2.2669528760055373e-4,1.4327506303487216e-4,1.5209175341742887e-4,1.6566132569144516,1.6545035222964177
Piauí,60-64,Ambos,3.386113796054465e-4,4.6568482248085513e-4,2.6023186776331426e-4,3.2895907619569557e-4,2.0799815957501626,2.546566222658446
Piauí,65-69,Ambos,5.085611162521863e-4,5.232516640837108e-4,3.9925710525883423e-4,4.316480055740085e-4,2.1285134696143757,2.3648100215604764
Piauí,70-74,Ambos,1.5910376159175346e-4,4.4212143488127565e-4,1.3969034978457865e-4,3.6364545824001766e-4,0.5304085918540866,1.3755806608603447
Piauí,75-79,Ambos,4.880188168716241e-4,7.481187515973339e-4,3.672476341945276e-4,5.587882710721744e-4,0.7794778179462238,1.1788679131352766
Piauí,80-84,Ambos,0.0014451092622427947,0.0017836128163739903,0.0012515948071270845,0.0014537598515663545,1.7017480004227215,2.0120738493426042
Piauí,85-89,Ambos,0.0042197581085263395,0.004551325252424962,0.0034725374166339733,0.0037841587065121185,2.8722664430159295,3.115712365371228
Piauí,90+,Ambos,0.005369281548077156,0.005952602360879339,0.0043492346745375304,0.004583383766093629,2.4643136621954618,2.5949944026682377
Ceará,0,Ambos,0.005229867849587622,0.0033157291845411934,0.0033061350625032257,0.0020513958958501793,23.10386276113797,14.238941938967917
Ceará,1-4,Ambos,2.1287985394854327e-4,1.4573438202033088e-4,1.425799109063639e-4,1.0178186898176887e-4,25.006652209197945,17.35036002250921
Ceará,5-9,Ambos,7.375633827661958e-5,5.518884456648549e-5,5.011104148293649e-5,3.589589487867231e-5,20.186756153835688,14.284344113886657
Ceará,10-14,Ambos,4.302745315982209e-5,3.2544170674134275e-5,3.1897379894056476e-5,2.5242890675609902e-5,8.872127635737437,7.051283939574598
Ceará,15-19,Ambos,3.0190000909977716e-4,3.081473612042991e-4,2.401543043767154e-4,2.4642723417720374e-4,17.386598065141882,17.57806230822666
Ceará,20-24,Ambos,2.540691812923288e-4,2.533292460360497e-4,2.0793995828911123e-4,2.1227899374398566e-4,10.78156010834164,10.961528261428866
Ceará,25-29,Ambos,0.00015329434282225452,1.5275862386134699e-4,1.1730295764310449e-4,1.1710325303879741e-4,6.085237519880795,6.073608397501851
Ceará,30-34,Ambos,1.2538450597112996e-4,1.0395011629573485e-4,9.422621791255881e-5,8.024271706265179e-5,4.290252897975825,3.6536328820056063
Ceará,35-39,Ambos,1.3924611181553417e-4,9.2253026276398e-5,9.300842014944307e-5,6.78716559977475e-5,3.649713882345744,2.6328131738309932
Ceará,40-44,Ambos,9.817764758501905e-5,9.24200062774984e-5,7.585533848607848e-5,5.902488345060613e-5,2.2905370972780257,1.7135004291425833
Ceará,45-49,Ambos,1.731080480634408e-4,1.4621962956825615e-4,1.2079032132121412e-4,1.0892132832448615e-4,2.719255730753628,2.3645681496066033
Ceará,50-54,Ambos,1.9876235145417943e-4,2.3470996863242464e-4,1.36230532381906e-4,1.5216010329373273e-4,2.1786837883612726,2.41135385995128
Ceará,55-59,Ambos,2.8967075015614923e-4,3.811425748321616e-4,1.999474544818302e-4,2.3173717544246146e-4,2.2368718361117206,2.5754032602736916
Ceará,60-64,Ambos,4.064942043811327e-4,5.257697648969798e-4,3.0563660377159714e-4,3.931401311170301e-4,2.432195313982884,3.0387549327376617
Ceará,65-69,Ambos,4.716928658127904e-4,7.404297425801587e-4,3.7344917006808037e-4,5.154229300481966e-4,2.058507347450485,2.8025178646686233
Ceará,70-74,Ambos,6.639412108834991e-4,0.0010788087239391412,4.78276530506318e-4,7.842491862440293e-4,1.7433810675235997,2.9067029294779387
Ceará,75-79,Ambos,9.469171171237646e-4,0.0011492226905965412,7.210586450267301e-4,9.95874803802054e-4,1.6274486074599852,2.261712465919098
Ceará,80-84,Ambos,0.0019882636750372337,0.002405850833623285,0.0016281410583418136,0.0021091020360984934,2.214645961796398,2.895678444139318
Ceará,85-89,Ambos,0.005008780471834426,0.00530836367099078,0.0042486960466694085,0.004569607144961406,3.5309739405250604,3.7850751039239383
Ceará,90+,Ambos,0.0066703039847309745,0.00850134615144999,0.005193188292393975,0.006401331789379826,2.9423793987503317,3.594241259257547
Rio Grande do Norte,0,Ambos,0.0047788619343565,0.00326638934569139,0.003607821410493864,0.0024312720066194254,20.846094776636704,14.345319861007194
Rio Grande do Norte,1-4,Ambos,1.8413086609791663e-4,1.4612451664973788e-4,1.1647162415915522e-4,9.955997245436454e-5,23.248661687092344,20.11375087055944
Rio Grande do Norte,5-9,Ambos,5.171879956391966e-5,4.3125189667091885e-5,3.823363928519473e-5,3.160207229215253e-5,14.851541263262083,12.537196440952064
Rio Grande do Norte,10-14,Ambos,5.594907986173686e-5,4.532291294089868e-5,4.651662499806325e-5,3.7796279855526965e-5,14.190848826037069,11.42234711612586
Rio Grande do Norte,15-19,Ambos,3.1216572606050267e-4,3.361928543465004e-4,2.358890920905435e-4,2.513675905636623e-4,17.50916108124855,18.673920521546155
Rio Grande do Norte,20-24,Ambos,3.2542928736453697e-4,3.3649079303435026e-4,2.5555747529092956e-4,2.5755263573832405e-4,13.964543402441928,13.967227770802337
Rio Grande do Norte,25-29,Ambos,1.6440020955928687e-4,1.6421712756397845e-4,1.3966241038392252e-4,1.400604119510857e-4,7.349063039050561,7.359113312947903
Rio Grande do Norte,30-34,Ambos,1.070255869985749e-4,1.0440235756862703e-4,7.615099431789216e-5,7.376616413506131e-5,3.9488503903563656,3.806593551427378
Rio Grande do Norte,35-39,Ambos,1.0840259565859069e-4,9.802176731092616e-5,9.026336088297013e-5,7.169348843093897e-5,3.646055601660323,2.84489138365559
Rio Grande do Norte,40-44,Ambos,1.4849558737678375e-4,1.3910524177345666e-4,1.1244189492166766e-4,9.334369744291498e-5,3.4315164447874933,2.7631124700118233
Rio Grande do Norte,45-49,Ambos,1.787593026910735e-4,2.0482328229445867e-4,1.2631341895263248e-4,1.1860230853428964e-4,2.8398450898688967,2.6293825010751806
Rio Grande do Norte,50-54,Ambos,2.3423106939057857e-4,2.6846727151426554e-4,1.966098173553091e-4,2.152448636133815e-4,3.058375094191632,3.3458359500510024
Rio Grande do Norte,55-59,Ambos,3.8806948717964065e-4,4.577636850564428e-4,2.486470440021785e-4,2.6604115609632343e-4,2.7362653219593915,2.9193665922109058
Rio Grande do Norte,60-64,Ambos,3.5771077831125856e-4,4.895419223745944e-4,2.8038672588762034e-4,3.682345928255227e-4,2.2246981843906224,2.913410107444682
Rio Grande do Norte,65-69,Ambos,3.6914210713359045e-4,5.521649501230632e-4,2.853042221087551e-4,4.577006060298533e-4,1.514564302712171,2.460130192452106
Rio Grande do Norte,70-74,Ambos,4.609248597520337e-4,7.770252860278719e-4,3.7411401690527844e-4,6.487017805399345e-4,1.4193342407639953,2.4649435821718573
Rio Grande do Norte,75-79,Ambos,9.603326611086798e-4,0.0014657853570632469,7.095986851846566e-4,0.0012975047093576175,1.5810781043043871,2.9630901321229057
Rio Grande do Norte,80-84,Ambos,0.0017705862756523727,0.0020464582134165493,0.0015059410124770866,0.00178349797597711,2.083071188010146,2.4852981734887205
Rio Grande do Norte,85-89,Ambos,0.005596197329137723,0.006261452063300405,0.004664201289291765,0.005264657078919645,3.8734860397722377,4.36691889736899
Rio Grande do Norte,90+,Ambos,0.006666337843917413,0.006156227780052589,0.005587909604940092,0.004951331497826426,3.106224567434435,2.7755081102893153
Paraíba,0,Ambos,0.005461095973016463,0.0034571643885541853,0.003502778491674899,0.0023359212258639932,21.91594952395661,15.271581263738007
Paraíba,1-4,Ambos,1.9178401791537198e-4,1.365610765009761e-4,1.1895394104548393e-4,9.445467446922941e-5,22.064113125559007,17.418452459624657
Paraíba,5-9,Ambos,5.970915486088173e-5,4.558936443599e-5,4.311870869977716e-5,3.392716650542934e-5,17.230023712653995,13.498866243298076
Paraíba,10-14,Ambos,4.687530965872695e-5,3.852020780679999e-5,3.307465022215994e-5,2.6795628519693217e-5,10.388134399728886,8.40324187947562
Paraíba,15-19,Ambos,2.2879136080302922e-4,2.3188743633067595e-4,1.796002028368751e-4,1.858885070354176e-4,14.522648400091281,15.040423377024048
Paraíba,20-24,Ambos,2.2435843836689855e-4,2.253878209205318e-4,1.810019801571449e-4,1.8507810440595993e-4,10.329677821502939,10.550218278463445
Paraíba,25-29,Ambos,1.6754536504642704e-4,1.6711584281977555e-4,1.3659967733329557e-4,1.365645879826546e-4,7.3618225635530665,7.359569879894166
Paraíba,30-34,Ambos,1.43526434723871e-4,1.3904698030487643e-4,1.154704996971002e-4,1.1327638868878574e-4,5.32890276220477,5.240690035043311
Paraíba,35-39,Ambos,1.5346436694175307e-4,1.5959012005111408e-4,1.2422256132206829e-4,1.2122091164544404e-4,4.7800000980570045,4.665535308872942
Paraíba,40-44,Ambos,1.8549919414718698e-4,2.0565246013360062e-4,9.956778244948157e-5,1.116088186561406e-4,2.71294343092812,3.0418240159410885
Paraíba,45-49,Ambos,1.934543664612819e-4,2.2996261269303477e-4,9.92565638040838e-5,1.1904317335253642e-4,1.9548522163482334,2.3353869247273584
Paraíba,50-54,Ambos,3.302469478855837e-4,3.7744828281574273e-4,2.128089447861935e-4,2.147897835386049e-4,3.1217192044126896,3.0879495199721876
Paraíba,55-59,Ambos,2.827518271066336e-4,3.670539650189601e-4,1.9540283104233975e-4,2.2107323094014737e-4,2.0802005278170053,2.3194738190497644
Paraíba,60-64,Ambos,3.221679463339863e-4,3.944157630115536e-4,1.9096864858201873e-4,2.476689902651879e-4,1.4320053640225814,1.8295661942560184
Paraíba,65-69,Ambos,4.726442227257198e-4,6.538759946769571e-4,3.465015679746289e-4,4.557868369679861e-4,1.7765048819203564,2.338366836871821
Paraíba,70-74,Ambos,2.867870191696434e-4,6.125895203870297e-4,2.4371544139391632e-4,4.7408387391112953e-4,0.8979424783923421,1.73353336497216
Paraíba,75-79,Ambos,0.0010340327134249006,0.0012441426320006037,8.361186822341101e-4,0.0010256722117658156,1.8467288544060891,2.233002067722022
Paraíba,80-84,Ambos,0.0017688467149026674,0.0019108701173729992,0.0014633466660360223,0.0016226897800209344,1.9431580401534934,2.169126363936004
Paraíba,85-89,Ambos,0.006056796318481274,0.0063378806137971005,0.00517816471981672,0.005428770756635581,4.212295687467002,4.410681419458562
Paraíba,90+,Ambos,0.006974074039093379,0.0072707451200869164,0.005731815193604966,0.005786627771730157,3.18812176426857,3.234502354782578
Pernambuco,0,Ambos,0.004341374623962577,0.002123730355400422,0.0027039558400409947,0.001229810721591416,18.662571688896527,8.915299314149005
Pernambuco,1-4,Ambos,1.712115295920722e-4,9.800706369381294e-5,9.482590695372137e-5,5.5398219992220953e-5,18.04455554149461,10.366642206290352
Pernambuco,5-9,Ambos,5.606563415565412e-5,3.8778791979423917e-5,3.911526216112397e-5,2.8332528441195264e-5,15.388279911731875,10.94335705264871
Pernambuco,10-14,Ambos,5.610657893286349e-5,4.252994381139301e-5,3.924615833960583e-5,3.0850991773951624e-5,11.607592769260023,9.021093605699447
Pernambuco,15-19,Ambos,1.57709253762415e-4,1.371382995359845e-4,1.2706584830859743e-4,1.1377852301340062e-4,8.548488626797344,7.686879773794188
Pernambuco,20-24,Ambos,1.763574969292802e-4,1.3439837682253212e-4,1.1790727968256418e-4,9.253062372806824e-5,5.549964899923196,4.329734633642904
Pernambuco,25-29,Ambos,1.7399477700958942e-4,1.0684124880425147e-4,1.2124487275436443e-4,8.370443667646055e-5,5.549554189997172,3.835486549972532
Pernambuco,30-34,Ambos,1.5989983890512673e-4,8.013687840008214e-5,1.1353974838130788e-4,6.204120603859459e-5,4.722435221613228,2.578525853115369
Pernambuco,35-39,Ambos,1.8639482367392566e-4,9.23624626146441e-5,1.4611744189314e-4,7.512606363934894e-5,5.248612361816573,2.7273601537114414
Pernambuco,40-44,Ambos,1.7592831367737458e-4,1.1191230523376233e-4,1.4754974717824397e-4,9.39942241053658e-5,3.88271850143852,2.4501968068307773
Pernambuco,45-49,Ambos,1.8647295385163754e-4,1.400682949139247e-4,1.5111921532740628e-4,1.1175714941737454e-4,2.9960502125266464,2.22267121880078
Pernambuco,50-54,Ambos,2.083602441498164e-4,2.481388994779366e-4,1.6485628505859834e-4,1.4041052455473972e-4,2.25472752585339,1.8434651139941878
Pernambuco,55-59,Ambos,2.93832942785173e-4,3.7440666861287517e-4,2.0400087825089182e-4,2.091099099117814e-4,2.0083676405255813,1.9603311869952609
Pernambuco,60-64,Ambos,2.9255566056970387e-4,5.148073899068296e-4,1.9707465440734224e-4,3.283306910714422e-4,1.3398095660790816,2.0977616572850635
Pernambuco,65-69,Ambos,3.9137293515289297e-4,6.431743393158126e-4,3.4171204100218725e-4,4.295147567592813e-4,1.5331416399013966,1.8829779265988031
Pernambuco,70-74,Ambos,4.7936415825067236e-4,0.0011337136057423436,3.110877560269735e-4,7.71044585258515e-4,0.9886817367221378,2.4995824755810863
Pernambuco,75-79,Ambos,6.018490771886362e-4,0.0011596871967802325,4.276827109565079e-4,8.490906486198886e-4,0.8413879112417788,1.6897248817728003
Pernambuco,80-84,Ambos,0.0013728750589550017,0.0018126230518740643,0.0011481215474834206,0.0014824347416140763,1.4251094551180785,1.8619927018294222
Pernambuco,85-89,Ambos,0.005241446546404075,0.005750034062727064,0.004457850158981415,0.004966891160823471,3.4718824164996263,3.8688492354229513
Pernambuco,90+,Ambos,0.011223619813845198,0.011768301491871688,0.008803317036987082,0.009162353868091054,4.404434679866391,4.581703842846005
Alagoas,0,Ambos,0.011903952092947026,0.0030180055848020994,0.009209901970444634,0.0022192808409774584,51.23678412538817,14.321384028687124
Alagoas,1-4,Ambos,4.3597956806347e-4,1.5366707132841314e-4,3.351244372163423e-4,1.2403981002934443e-4,48.306624982010874,18.55287097518388
Alagoas,5-9,Ambos,1.1719429698452607e-4,4.528522149878657e-5,9.550974010441917e-5,3.649929465661645e-5,29.598976354263073,11.26040053934974
Alagoas,10-14,Ambos,9.450768357905093e-5,4.9234816161948494e-5,8.150026527645922e-5,4.306773559076563e-5,20.605803936905346,10.97352528668872
Alagoas,15-19,Ambos,3.7110522896966077e-4,3.4920962444910317e-4,2.7438510550307355e-4,3.006387869714194e-4,16.769772256050313,17.831679472321056
Alagoas,20-24,Ambos,3.3174337803539776e-4,3.399944779375267e-4,2.878061888893409e-4,2.967930166676373e-4,11.901799587896384,12.207247396907443
Alagoas,25-29,Ambos,3.1082780565764814e-4,2.7804042529559796e-4,2.76164187279407e-4,2.4571965779370995e-4,11.609900557649254,10.470907174628389
Alagoas,30-34,Ambos,3.3167126476432317e-4,2.112843175292752e-4,2.8543779422284655e-4,1.8846588690412666e-4,10.898100876047655,7.43733619931861
Alagoas,35-39,Ambos,4.2446632015024396e-4,1.1716902365055523e-4,3.704668827032028e-4,1.0077230488858687e-4,12.516206300531543,3.3472639511125024
Alagoas,40-44,Ambos,5.04868978895065e-4,1.5257485745892103e-4,4.3193730969333036e-4,1.1820835442841381e-4,11.290855519348536,3.037701769544671
Alagoas,45-49,Ambos,5.702537523168234e-4,1.772754903805407e-4,4.854151185729456e-4,1.366691818230952e-4,9.0072333029858,2.4858164670779037
Alagoas,50-54,Ambos,8.735524208863995e-4,2.87780873865517e-4,7.306077039101918e-4,2.3168485238999354e-4,9.66603837197989,2.9354580319016454
Alagoas,55-59,Ambos,0.001007173303995199,3.3968372601307027e-4,8.140160925178421e-4,2.3812511464746324e-4,7.602902163048474,2.10332857508574
Alagoas,60-64,Ambos,0.0011310266866630821,5.820651270719698e-4,8.794203912096086e-4,4.2163060698769637e-4,5.725784844681237,2.5746513678475904
Alagoas,65-69,Ambos,0.0013999665273293604,0.0010792690556602632,9.260773687810444e-4,8.451557026112943e-4,4.120330112930217,3.4883621022204077
Alagoas,70-74,Ambos,0.0017437316063847329,8.897963513000884e-4,0.0012760910532531118,7.574372485603504e-4,4.206851319443653,2.374095034818333
Alagoas,75-79,Ambos,0.0021382842342196314,0.0014588564948493472,0.0014788425322544445,0.0011902256839343838,3.021249903631587,2.3198514444864653
Alagoas,80-84,Ambos,0.0016925928737014345,0.0026035223791441337,0.0012953781730237254,0.0020491686235263387,1.5769744312394727,2.4979612768185935
Alagoas,85-89,Ambos,0.010268832519118667,0.0070665947975988574,0.008291282870528755,0.005814413012799159,6.444712194205147,4.501841751873636
Alagoas,90+,Ambos,0.053551639425633596,0.021934208330707278,0.04399334828527803,0.017212844626373004,20.465730557484065,7.976895225042531
Sergipe,0,Ambos,0.004817907234866353,0.0032741355043943324,0.003479715784816731,0.0025778598030373255,19.20154237685744,14.028390465691555
Sergipe,1-4,Ambos,1.9448459647620074e-4,1.289063201597184e-4,1.2654096445552347e-4,9.317389327495476e-5,18.8953743921389,13.45954203212601
Sergipe,5-9,Ambos,6.994762018768793e-5,5.4848402927583e-5,5.2258791789000725e-5,4.3267954878058694e-5,18.714169528364575,14.869641167312016
Sergipe,10-14,Ambos,5.307433477736317e-5,4.206744493039078e-5,3.8312043201000186e-5,3.314973219344775e-5,12.222398340430937,10.296944836147496
Sergipe,15-19,Ambos,2.787418930928739e-4,2.7137624164766714e-4,2.2603461840938816e-4,2.2377450714478408e-4,18.126352020809268,17.782217552144854
Sergipe,20-24,Ambos,2.499955348621708e-4,2.3769420154630782e-4,2.1159105337849044e-4,2.0214686947038233e-4,10.99686010873623,10.446075883244275
Sergipe,25-29,Ambos,1.8315914763098183e-4,1.8353325899185644e-4,1.491952534535457e-4,1.4831635505488733e-4,7.1060558030464085,7.071666831866841
Sergipe,30-34,Ambos,1.3583085089149976e-4,1.2799392989832552e-4,1.1640348346143572e-4,1.0877093280029425e-4,5.187492417565996,4.834030303410007
Sergipe,35-39,Ambos,1.548637396010667e-4,1.4945615075194545e-4,1.2856976699508795e-4,1.2877330070149262e-4,4.715302004831344,4.734070585660924
Sergipe,40-44,Ambos,1.98683772125138e-4,1.8178956429495141e-4,1.4950436817530663e-4,1.4513604217488896e-4,4.435270804942957,4.176380103749923
Sergipe,45-49,Ambos,2.2080214802942504e-4,2.238720845974176e-4,1.7583109198375359e-4,1.7434485802075232e-4,3.6946758949541914,3.654740175443459
Sergipe,50-54,Ambos,3.1710062017458124e-4,3.017284993803783e-4,2.4079517331702116e-4,2.3827931801423787e-4,3.5102676620181517,3.400807057528955
Sergipe,55-59,Ambos,3.336781383552334e-4,3.243729104702958e-4,2.530970861054089e-4,2.233983825741685e-4,2.743361106548912,2.3313644644044467
Sergipe,60-64,Ambos,5.847995531771969e-4,6.569661925296103e-4,5.094392267358109e-4,5.487530249435208e-4,3.5861675348333537,3.7891707156244854
Sergipe,65-69,Ambos,6.983736911951589e-4,7.701675902645473e-4,5.908787331112167e-4,6.399582506599967e-4,2.9252907633345036,3.1042268316191937
Sergipe,70-74,Ambos,3.5356237495338e-4,7.570362196091916e-4,2.61611157612425e-4,5.614877302333715e-4,0.9414025595428992,2.015684919365801
Sergipe,75-79,Ambos,7.512471129008654e-4,8.842377617406573e-4,5.663525032109012e-4,7.002191901698526e-4,1.2413347058541324,1.5121849773692833
Sergipe,80-84,Ambos,0.0011255917838878472,0.0016938751112825377,8.727368757258999e-4,0.0012188250631479322,1.1529612534871119,1.6232949066706475
Sergipe,85-89,Ambos,0.0021336090068222475,0.002483925577484642,0.001767242928326726,0.0021506375442039267,1.4252294409249158,1.7347931594993273
Sergipe,90+,Ambos,0.008318557265554244,0.008922618465202424,0.005128365422548385,0.00546866037070061,2.7677607172840326,2.9529772730308443
Bahia,0,Ambos,0.005758748451518829,0.002454424076980656,0.004447160798000003,0.001751759241554388,22.962352204630687,9.152216171243515
Bahia,1-4,Ambos,2.4372472191674745e-4,1.150525364033394e-4,1.7916028289777214e-4,6.7737671692755e-5,29.877708730051477,12.707298195724206
Bahia,5-9,Ambos,6.451928604618606e-5,3.623082487763386e-5,5.129859028894784e-5,2.816609817360678e-5,17.331529453196442,9.411014783280516
Bahia,10-14,Ambos,5.5476833271731755e-5,3.85798012904518e-5,4.3650499013408656e-5,3.0519569470177405e-5,11.691782277398222,8.102063378655377
Bahia,15-19,Ambos,1.8653729541015366e-4,1.539600967688864e-4,1.472554458839335e-4,1.240854090796211e-4,10.283653799530262,8.473654640206933
Bahia,20-24,Ambos,2.812147969153963e-4,1.826053410215544e-4,2.1968020034215097e-4,1.404785452844459e-4,10.093621167105992,6.530821024550555
Bahia,25-29,Ambos,1.1420025935422566e-4,9.710755579475818e-5,9.113897037436147e-5,7.723949181612875e-5,4.240798832483609,3.5982670694724233
Bahia,30-34,Ambos,8.738286795575452e-5,7.848733011323424e-5,7.328686716515666e-5,6.457017939427849e-5,3.2318084049838416,2.82789542443257
Bahia,35-39,Ambos,1.2961210991961554e-4,5.4134482242244605e-5,1.0909631332794998e-4,4.3559965608211405e-5,4.0594524131065,1.6414107736598527
Bahia,40-44,Ambos,2.295599527543329e-4,8.94179973697452e-5,1.8212125208451785e-4,7.46972125148178e-5,5.0692675701397505,2.0588617456166047
Bahia,45-49,Ambos,3.6662485329674437e-4,1.2565665956571786e-4,3.108861720261659e-4,1.041580675437755e-4,6.328776584558731,2.140517727792641
Bahia,50-54,Ambos,5.051760263550973e-4,1.5712740887516264e-4,4.0328989696061096e-4,1.032552485553617e-4,5.947349519714877,1.5531330168626103
Bahia,55-59,Ambos,6.116443553409383e-4,1.596389234997191e-4,4.972207086531743e-4,1.129991246820807e-4,5.240008589174503,1.1901558014709113
Bahia,60-64,Ambos,6.625561958320573e-4,2.2979853663805962e-4,5.207738915402415e-4,1.8777688150437957e-4,3.973675209233296,1.3929694584128187
Bahia,65-69,Ambos,0.0010187437270614476,3.5882937056881285e-4,8.100897921114414e-4,2.759395054138221e-4,4.28275150136726,1.4610872537883695
Bahia,70-74,Ambos,8.630305090465687e-4,2.894436820262858e-4,7.328136436650683e-4,2.3559505310575133e-4,2.7978644244201796,0.8843833894079531
Bahia,75-79,Ambos,0.0010219853234882577,6.500674455282398e-4,8.79199692879104e-4,5.042604218207809e-4,2.0021261559515686,1.1295609352088265
Bahia,80-84,Ambos,9.229727523584865e-4,0.0015014422324572676,7.535279336963128e-4,0.0010724029308274337,1.0489388391190704,1.4950052688631048
Bahia,85-89,Ambos,0.0056411511563344355,0.005797794495983958,0.004411682130344049,0.004499629579701892,3.7796076005901638,3.8542792262145333
Bahia,90+,Ambos,0.019347844212712968,0.015378806822432953,0.015073345609830001,0.011825205890816709,8.14142441911378,6.3695921475859505
Minas Gerais,0,Ambos,0.0022259433977944816,0.0016084001382710082,0.0011612347683946367,8.894864563681564e-4,8.665993239735633,6.5590965844719005
Minas Gerais,1-4,Ambos,9.740149715868095e-5,8.194427775601341e-5,6.318883823420788e-5,5.5317840369104944e-5,12.347629372750513,10.651919149977667
Minas Gerais,5-9,Ambos,2.93424746572328e-5,2.4453544427877503e-5,1.6926855958252543e-5,1.3994446244821341e-5,8.052942912088954,6.693780101818131
Minas Gerais,10-14,Ambos,3.467703717706285e-5,2.9443788102158958e-5,2.3607186760689348e-5,2.1524376316312797e-5,8.253895067448621,7.397173294820157
Minas Gerais,15-19,Ambos,1.4347786750687247e-4,1.3896029475682275e-4,1.2036522948304589e-4,1.1825114650738846e-4,12.564864488369142,12.320639912805072
Minas Gerais,20-24,Ambos,1.3097825909589225e-4,1.2210588923568371e-4,1.0828753103707319e-4,1.0407516974341858e-4,7.845792690675044,7.518732461656896
Minas Gerais,25-29,Ambos,8.867141340573538e-5,7.45428869130751e-5,6.921050087083286e-5,6.093620806086762e-5,4.639291744202488,4.03732799137059
Minas Gerais,30-34,Ambos,9.015980067348835e-5,6.642301949153326e-5,6.825504265099742e-5,5.822545186744894e-5,3.6775709086830135,3.0861966646549486
Minas Gerais,35-39,Ambos,6.986707363994051e-5,5.424315926862885e-5,4.8125610979986315e-5,3.9289865325152505e-5,2.04032081860007,1.6159437897577535
Minas Gerais,40-44,Ambos,9.726199677281968e-5,1.0011102281660843e-4,7.795376828030201e-5,8.556242804774186e-5,2.3167411641555646,2.474867027779868
Minas Gerais,45-49,Ambos,1.1184108987878143e-4,1.4702481505366437e-4,7.579378995674829e-5,7.174191203001076e-5,1.6606928426081666,1.484634337418889
Minas Gerais,50-54,Ambos,1.6711870443091186e-4,2.3352892190910932e-4,1.0771654929270138e-4,1.3500671868111515e-4,1.5797736562137343,1.9892960866692173
Minas Gerais,55-59,Ambos,2.7795244920183397e-4,3.6710383950449427e-4,1.6579110364975077e-4,1.8313124942933917e-4,1.6442675000792235,1.8164786696642958
Minas Gerais,60-64,Ambos,4.052602992340885e-4,5.123442295797342e-4,3.209248469143935e-4,3.43051970978779e-4,2.284746637899017,2.4276632847436588
Minas Gerais,65-69,Ambos,3.5022403719148015e-4,5.111817511937193e-4,2.9074762765473786e-4,3.8261188339847995e-4,1.4683416814954533,1.956213126972254
Minas Gerais,70-74,Ambos,2.853003541441856e-4,3.067694076221418e-4,2.0196071795863918e-4,2.2762297418014868e-4,0.7317683185223117,0.8511061195702015
Minas Gerais,75-79,Ambos,5.016778388039066e-4,5.47462221524535e-4,3.3065824162506187e-4,4.55166973787935e-4,0.7326803673943619,1.0148177524957518
Minas Gerais,80-84,Ambos,5.916180972283624e-4,0.0010100091313530468,4.847498621788817e-4,7.540190288353189e-4,0.6504137949107266,1.0180843827225379
Minas Gerais,85-89,Ambos,0.0017794741614689216,0.002370116570958591,0.0013805321870831385,0.0016373141577224325,1.1287662028287062,1.3293767031063273
Minas Gerais,90+,Ambos,0.00435012542101229,0.004902618599339914,0.003184485799110828,0.003635740726610865,1.6768635696617666,1.916138228557252
Espírito Santo,0,Ambos,0.001556484209829378,0.0011968112909461971,0.0010589906547231237,8.84520938825716e-4,8.611692666057749,7.148643705454778
Espírito Santo,1-4,Ambos,6.495159019055251e-5,5.7369901692732097e-5,4.448825889191248e-5,3.9715399120850575e-5,8.242106179256108,7.297832493954881
Espírito Santo,5-9,Ambos,3.7421540336784186e-5,2.849748982691349e-5,2.5618073367136406e-5,2.0279675652772317e-5,11.105706654537869,8.796141546894756
Espírito Santo,10-14,Ambos,3.342409523171285e-5,2.94007699634732e-5,2.621925274185221e-5,2.3723128156810576e-5,7.253915141166808,6.547764088484549
Espírito Santo,15-19,Ambos,2.1563299305756947e-4,2.1153638348655215e-4,1.8377949548495297e-4,1.8090713779940102e-4,11.823410839422097,11.633442094905874
Espírito Santo,20-24,Ambos,2.1557562782789546e-4,1.936009704603873e-4,1.5283206032003547e-4,1.4105804114659067e-4,7.909690918898544,7.258555595590137
Espírito Santo,25-29,Ambos,1.7002689745618948e-4,1.3086432355088003e-4,1.2651813343929946e-4,1.0453339050649149e-4,6.798805291068531,5.538191803370489
Espírito Santo,30-34,Ambos,1.5823416978630092e-4,9.875938162342299e-5,1.1077611342467045e-4,7.863480212941965e-5,5.693066152837647,3.9851239340249216
Espírito Santo,35-39,Ambos,1.5947921459811358e-4,8.653706501308617e-5,1.1336964115311327e-4,7.324640306351897e-5,4.687560059546092,2.978488363200124
Espírito Santo,40-44,Ambos,2.0478463920415584e-4,1.0432193881420017e-4,1.346081725493172e-4,7.376208772524916e-5,4.08974549714601,2.215930560007864
Espírito Santo,45-49,Ambos,9.402596045349714e-5,1.1622703622838643e-4,7.650675311751752e-5,7.350885244791461e-5,1.7611037246198489,1.55308508298015
Espírito Santo,50-54,Ambos,1.3806563263430948e-4,1.502849630989836e-4,9.253447510108638e-5,1.0494643588997903e-4,1.5256642138234993,1.7116808813184212
Espírito Santo,55-59,Ambos,2.283385737031932e-4,2.6826108285198786e-4,1.8229241638898871e-4,1.859339592764394e-4,1.9697341138435402,1.9423655483696316
Espírito Santo,60-64,Ambos,3.8236895831852925e-4,5.526492984369566e-4,3.3678309370827026e-4,4.6869997587948247e-4,2.557529725939498,3.555492436957751
Espírito Santo,65-69,Ambos,3.839172326538429e-4,7.607018488352312e-4,3.104270267192599e-4,5.129614555863922e-4,1.5992449671720883,2.6183047569444247
Espírito Santo,70-74,Ambos,2.583045518411347e-4,4.929094199881392e-4,2.098672669159234e-4,3.7354850358384435e-4,0.7619598997903567,1.3909974813634742
Espírito Santo,75-79,Ambos,3.5959618376167846e-4,8.091555032223046e-4,2.8717992509935734e-4,6.141489367696628e-4,0.6397044117677028,1.3677087108991144
Espírito Santo,80-84,Ambos,7.266726644017728e-4,0.0014138940758852097,4.930010906073432e-4,9.546958109304613e-4,0.6479405673183697,1.2871194291799348
Espírito Santo,85-89,Ambos,0.001863095518385547,0.0028143584106809583,0.0012877937658639222,0.0018097983380523479,1.0472694558024158,1.4629085319262503
Espírito Santo,90+,Ambos,0.005592808225742492,0.006520969024107761,0.004083610578164019,0.004638493181567339,2.149791197210456,2.440577147609691
Rio de Janeiro,0,Ambos,0.001687141074834756,0.0011990486060729521,9.805025002675683e-4,6.98113358006062e-4,6.948674367113912,4.923896118040988
Rio de Janeiro,1-4,Ambos,7.705131644700681e-5,6.585353580862168e-5,4.568300967713232e-5,4.180018909371589e-5,9.0540929761010691,8.226466187437206
Rio de Janeiro,5-9,Ambos,4.8558977856263476e-5,4.330687605754046e-5,3.0030424803107335e-5,2.8378560248885595e-5,14.3621167654537,13.215527919361259
Rio de Janeiro,10-14,Ambos,4.476707110913761e-5,3.7736476722162965e-5,2.8405172124425857e-5,2.4541996701716756e-5,9.683532106320015,8.337257189526685
Rio de Janeiro,15-19,Ambos,2.2296844382055573e-4,1.9685163392999772e-4,1.8319934673597562e-4,1.6554843611340473e-4,12.80947999579333,11.593113176792471
Rio de Janeiro,20-24,Ambos,1.76095243131362e-4,1.3987912495101683e-4,1.4017638164752258e-4,1.168312326617325e-4,6.781767968996635,5.7057617222653745
Rio de Janeiro,25-29,Ambos,1.4032954658047694e-4,9.709421525219442e-5,1.0562046890155457e-4,7.814411436802964e-5,5.335060715828332,4.034580891125336
Rio de Janeiro,30-34,Ambos,1.251181546463784e-4,6.117160921975505e-5,8.71744769711172e-5,4.9236292447000245e-5,3.981280711271926,2.3050861152548436
Rio de Janeiro,35-39,Ambos,1.3964777053478546e-4,6.61196768225842e-5,1.009789804884127e-4,5.265858289439917e-5,3.7733844898414213,1.9534293118829353
Rio de Janeiro,40-44,Ambos,1.858751729869829e-4,8.216357942574056e-5,1.1558537484797591e-4,6.310886773630288e-5,3.1690576839455358,1.885018905698629
Rio de Janeiro,45-49,Ambos,2.9392918280569366e-4,9.484707811704066e-5,1.7858350164779674e-4,7.460045970478643e-5,3.460589660137671,1.5162697117265658
Rio de Janeiro,50-54,Ambos,3.6235885675452487e-4,2.1314669096869198e-4,2.381385366789577e-4,1.9094338015859715e-4,3.1944606888188454,2.5856743079948727
Rio de Janeiro,55-59,Ambos,2.4232515101335814e-4,3.0352669049942075e-4,1.9682811760048558e-4,2.2040033416749353e-4,1.832897246984135,1.972369214575425
Rio de Janeiro,60-64,Ambos,3.3298698970956746e-4,3.8782360356390814e-4,2.990724284704081e-4,2.59838566587898e-4,1.8778064061083055,1.5490699080902348
Rio de Janeiro,65-69,Ambos,2.55877646815743e-4,6.966175978991944e-4,2.0922091703722898e-4,3.8831489560479563e-4,0.8874869199538881,1.5392037942779382
Rio de Janeiro,70-74,Ambos,5.342401359759739e-4,0.0010118432900425947,3.9258789996581635e-4,6.469809874531423e-4,1.1854800129860774,1.9249846520958447
Rio de Janeiro,75-79,Ambos,4.807096621306392e-4,0.001158270421392935,3.979051976307499e-4,7.88887313880254e-4,0.7868277728769397,1.5263736382539845
Rio de Janeiro,80-84,Ambos,8.16391809061351e-4,0.0017253993411145642,6.522580642416743e-4,0.001313641261069181,0.7915142749796782,1.5962227555074002
Rio de Janeiro,85-89,Ambos,0.0024363431733347854,0.003621663236633487,0.0016622255705202374,0.0023620380351999427,1.2300042537842155,1.7446755167710697
Rio de Janeiro,90+,Ambos,0.00972881802831091,0.009847987177824785,0.006671547611919952,0.00675380780995127,3.135453833481234,3.1740906166446057
São Paulo,0,Ambos,0.00146552652625577,0.0011149463746872356,7.93962825679208e-4,5.744977071043169e-4,6.9962179367202655,5.04506128413261
São Paulo,1-4,Ambos,7.998721210838578e-5,6.478691323988175e-5,4.2392769152648903e-5,3.5911188054342805e-5,10.855395208360166,9.168840520427885
São Paulo,5-9,Ambos,3.8576371752430995e-5,3.2248867881898496e-5,2.097300427981533e-5,1.8745019178323288e-5,12.623412627551955,10.991579091390477
São Paulo,10-14,Ambos,4.3778194357976334e-5,3.358819939735288e-5,2.4499173919578724e-5,1.791489032683805e-5,11.242146190377754,8.205191870544908
São Paulo,15-19,Ambos,2.0607221498272272e-4,1.5487741874615918e-4,1.3387370404591687e-4,1.0389225926571456e-4,17.198521338306115,13.174131411503726
São Paulo,20-24,Ambos,1.8914717953350923e-4,1.301782999027942e-4,1.262326041657871e-4,8.603741901774532e-5,10.025422752837784,6.649819353765402
São Paulo,25-29,Ambos,1.6695161191197038e-4,1.0885946366391048e-4,1.1723415207830992e-4,8.059549644701297e-5,8.31719975975006,5.590112126027416
São Paulo,30-34,Ambos,1.3752935051348939e-4,7.679553332880195e-5,9.4394951765179e-5,5.9626033084111176e-5,5.532909755324773,3.5286309947778913
São Paulo,35-39,Ambos,1.109683161164843e-4,4.5055543184361193e-5,6.93661289428289e-5,2.645851161785919e-5,3.315755636938749,1.261232320912996
São Paulo,40-44,Ambos,1.2354820308015032e-4,6.722933166519752e-5,8.482362170675273e-5,5.503588930733552e-5,2.8796841645444182,1.7645316753356213
São Paulo,45-49,Ambos,1.5184060532085112e-4,1.51959906623384e-4,9.809376037213922e-5,9.203391473382432e-5,2.3416043702758604,1.9030547613471587
São Paulo,50-54,Ambos,2.3876346650280415e-4,2.466282149927795e-4,1.6186417694426876e-4,1.600443294120609e-4,2.5835966033068947,2.3294108322967944
São Paulo,55-59,Ambos,3.52558598593563e-4,4.376374975900063e-4,2.0552498587060835e-4,2.119511428723199e-4,2.113434926440996,2.0270209632944036
São Paulo,60-64,Ambos,3.9873549369879126e-4,4.8745044956962074e-4,2.618544806825078e-4,2.709343257958553e-4,1.9094055945966186,1.8574343806481646
São Paulo,65-69,Ambos,4.090728742628574e-4,6.401750991171516e-4,2.8388262479365063e-4,3.6938605037487824e-4,1.3425408895389273,1.662632282514028
São Paulo,70-74,Ambos,8.167923295473554e-4,0.001048839861046068,6.04605558650106e-4,6.665650849984459e-4,1.9422636451942303,2.11666782092888
São Paulo,75-79,Ambos,5.985253887733005e-4,7.074125112285751e-4,4.711414088141907e-4,5.323165236610795e-4,0.9975379475658738,1.1083912114341623
São Paulo,80-84,Ambos,0.001925875880372945,0.0014707133246616582,0.001233653393720088,0.0011460745824955077,1.5684556447019493,1.471501471129748
São Paulo,85-89,Ambos,0.003750015760777478,0.0032414956550263717,0.003054866342482684,0.002744502704003941,2.450650884039579,2.1927218664594803
São Paulo,90+,Ambos,0.017749059456275706,0.01594516308641068,0.011323081531974673,0.010228752368755934,4.93571520808448,4.460029701080374
Paraná,0,Ambos,0.002202883486167959,0.0019330486243044145,0.0013013814611698067,0.001148635594355052,10.842994810010218,9.511970357633306
Paraná,1-4,Ambos,1.0293006253240856e-4,9.283555638537216e-5,6.461100319688477e-5,5.9552604670392955e-5,14.012834629347468,12.861082850116162
Paraná,5-9,Ambos,4.2717556692159816e-5,3.74524629833e-5,2.3447572551460826e-5,2.0328129855190842e-5,10.978375539867793,9.533490917016396
Paraná,10-14,Ambos,4.751496338244142e-5,4.366534699661765e-5,2.781537681436267e-5,2.615727538877659e-5,9.564139756418278,8.788257451383732
Paraná,15-19,Ambos,1.8765136714409588e-4,1.85936843983465e-4,1.6317532487398578e-4,1.6368847087968555e-4,14.313625093183804,14.413630934898341
Paraná,20-24,Ambos,1.4833770385486977e-4,1.5028762485759308e-4,1.2106168340724683e-4,1.2197719996753403e-4,7.4180813622330755,7.504734462329335
Paraná,25-29,Ambos,1.0163524254473184e-4,1.039428187569358e-4,8.506085984088948e-5,8.662964156034765e-5,5.046034810854913,5.127035275683333
Paraná,30-34,Ambos,1.009600203938075e-4,1.0790815785028328e-4,7.103281982008895e-5,7.344080154931565e-5,3.711503928844268,3.8085476410103585
Paraná,35-39,Ambos,1.516271076292038e-4,1.6480784947417833e-4,8.715779253771646e-5,9.225651140741478e-5,3.481318107828202,3.6415503396081523
Paraná,40-44,Ambos,2.021480302952136e-4,2.1671362433532115e-4,9.329312272177318e-5,9.730507508432048e-5,2.720671512035197,2.7788443699019902
Paraná,45-49,Ambos,2.9237780641675604e-4,3.1802204837453593e-4,1.399291291074317e-4,1.4118454943508517e-4,2.908888256495205,2.814306750354003
Paraná,50-54,Ambos,3.2330121652631e-4,3.5208274980339985e-4,1.801571968994813e-4,1.7611604227792067e-4,2.63706684897745,2.4895510396123655
Paraná,55-59,Ambos,4.133863081153851e-4,4.5520755829306717e-4,2.901079301616363e-4,2.677332849302007e-4,2.965912874865282,2.6194061153503854
Paraná,60-64,Ambos,5.436912697826816e-4,4.8058784020510773e-4,4.494844087008156e-4,4.0246758109243474e-4,3.3076465406235016,2.8799146083693996
Paraná,65-69,Ambos,6.449815198192205e-4,3.8855887246046846e-4,4.8491835406706455e-4,3.216800489763509e-4,2.273190660752671,1.48066442358538
Paraná,70-74,Ambos,9.249434906607678e-4,6.05539312008703e-4,4.343068632935186e-4,3.0133293937541233e-4,1.3612010345467231,0.9224523452957765
Paraná,75-79,Ambos,0.0012670803139213159,9.154929122695547e-4,6.116859799384375e-4,4.898983755802332e-4,1.194121497722285,0.9532063186312804
Paraná,80-84,Ambos,0.001339849608200216,0.0011172192880828942,8.746458710525816e-4,8.063564191703373e-4,1.0330005861527076,0.967509581576759
Paraná,85-89,Ambos,0.002682921370640278,0.003200914924984741,0.002146526465602757,0.002463226121071624,1.5883249402016197,1.8273137783713553
Paraná,90+,Ambos,0.012790392326583324,0.01218415255901331,0.007118720792897483,0.006781289188802678,3.269749373465932,3.1103580253761596
Santa Catarina,0,Ambos,9.929564539553452e-4,8.95263736484157e-4,6.252298587855904e-4,0.00054569344182985285,5.947078786575837,5.147100299494649
Santa Catarina,1-4,Ambos,5.737441692240547e-5,5.3114845426569314e-5,3.111891472914453e-5,3.0086452781633062e-5,8.267567832849934,7.949292826446157
Santa Catarina,5-9,Ambos,2.9719077997106266e-5,2.8411308986567733e-5,2.0277147254711093e-5,1.9960235923618303e-5,10.603671369004518,10.44704525942793
Santa Catarina,10-14,Ambos,3.732053395076883e-5,3.4814049219422235e-5,2.6174570344409603e-5,2.4587354923221418e-5,10.58826422750166,9.962019357656501
Santa Catarina,15-19,Ambos,8.528383353403596e-5,8.248676159719656e-5,6.98636726326652e-5,6.797454965157124e-5,8.73423293582239,8.496517565534276
Santa Catarina,20-24,Ambos,6.926751805481552e-5,6.622674161350144e-5,5.8040399023352154e-5,5.610590587071991e-5,4.89340934549022,4.73213318650249
Santa Catarina,25-29,Ambos,5.9794274769111113e-5,5.5154031387414377e-5,4.9968551918431246e-5,4.674864312060763e-5,4.114855947794891,3.843582299980377
Santa Catarina,30-34,Ambos,4.79665814975256e-5,4.483149001117701e-5,4.089727848333188e-5,3.933873475935259e-5,2.840904569949466,2.699276313739962
Santa Catarina,35-39,Ambos,8.368064299140372e-5,7.518729578968071e-5,6.702498488796732e-5,6.043555601961014e-5,3.449863796095829,3.0880301740726352
Santa Catarina,40-44,Ambos,1.1629964276659752e-4,1.164320874928838e-4,9.843025527240836e-5,9.415250601618443e-5,3.657425413343249,3.442047141311846
Santa Catarina,45-49,Ambos,1.7163373287775073e-4,1.7768211285632262e-4,1.0758218519952354e-4,1.153128020833811e-4,2.698489029695133,2.884718821367273
Santa Catarina,50-54,Ambos,1.8045200490667899e-4,2.008772685558828e-4,1.0881333858581527e-4,1.1206065060834044e-4,1.8303232503817979,1.8522753086956076
Santa Catarina,55-59,Ambos,3.2809357282130835e-4,3.5163952382411955e-4,2.0341863206932586e-4,2.1284246076115515e-4,2.295667656895572,2.3679425783000694
Santa Catarina,60-64,Ambos,4.06446647695971e-4,4.1778887986339736e-4,3.506209855707328e-4,3.3875272434510077e-4,2.673459456178171,2.519041913485397
Santa Catarina,65-69,Ambos,5.404698430970481e-4,5.294061510111717e-4,4.910627945638133e-4,4.7531139353817624e-4,2.5680971850596475,2.425467976932421
Santa Catarina,70-74,Ambos,3.513535419878647e-4,3.587345777134603e-4,2.5563210557753846e-4,2.64844080614849e-4,0.866165709192414,0.883340556521103
Santa Catarina,75-79,Ambos,6.043251677823766e-4,5.924310184521543e-4,4.153666494541274e-4,4.0545674633557196e-4,0.8666936111581066,0.843230429033614
Santa Catarina,80-84,Ambos,0.0010070606364420034,0.0011384164378437861,6.64462457141386e-4,7.339991355996648e-4,0.817660693024019,0.9009518506007541
Santa Catarina,85-89,Ambos,0.001618744104412936,0.0020206907323922292,0.0012408066728586964,0.0014926655428616354,0.9564395986365617,1.153547674330238
Santa Catarina,90+,Ambos,0.004957392938703298,0.005122030362193704,0.0037905144842593254,0.003911731715445596,1.8855232683819243,1.9478029149278815
Rio Grande do Sul,0,Ambos,0.001348015886301762,0.0011443264097075539,7.897909509798613e-4,6.168141899858701e-4,7.231837730106852,5.669525376013581
Rio Grande do Sul,1-4,Ambos,6.460772899224637e-5,5.275506581497585e-5,4.1120473554699786e-5,3.0438406410586268e-5,9.55780884584554,7.204739734538361
Rio Grande do Sul,5-9,Ambos,3.3514501032774275e-5,3.0351711244730457e-5,1.6991091430704747e-5,1.4988631272743278e-5,9.656390825093315,8.581396137383756
Rio Grande do Sul,10-14,Ambos,3.665825287359044e-5,3.272650818368884e-5,2.3415892795890242e-5,2.1113571815452846e-5,9.247785606843319,8.276539353268909
Rio Grande do Sul,15-19,Ambos,1.0316128741930815e-4,1.0203401693294862e-4,7.960065131403665e-5,7.92598854676134e-5,8.705963441525775,8.669553748297696
Rio Grande do Sul,20-24,Ambos,6.948151706437422e-5,6.88429802310108e-5,4.9498823547989846e-5,4.8672109779351283e-5,3.6272176349699405,3.5719346785000057
Rio Grande do Sul,25-29,Ambos,5.0895426492667225e-5,4.512640256738326e-5,4.197709655785953e-5,3.7656469817294504e-5,2.862400231627597,2.567136153648903
Rio Grande do Sul,30-34,Ambos,6.246426192009919e-5,6.109629932181763e-5,4.944720167146422e-5,4.769976705383825e-5,2.856012440337624,2.70615874605712
Rio Grande do Sul,35-39,Ambos,9.155779273824245e-5,9.527160720968056e-5,5.325428150937035e-5,5.3927722238033594e-5,2.344713847632657,2.3284652977082136
Rio Grande do Sul,40-44,Ambos,1.2561707979557408e-4,1.2955499654412507e-4,7.236440868952692e-5,6.304371743515214e-5,2.3111421578441314,1.967839984699812
Rio Grande do Sul,45-49,Ambos,1.8785343275213483e-4,2.07297388759363e-4,8.943334301479483e-5,1.016365264809549e-4,1.9094301605114488,2.183704699049069
Rio Grande do Sul,50-54,Ambos,2.0122232073198338e-4,1.919564279255612e-4,1.3818982835737994e-4,1.2531080751505136e-4,2.163670830121282,1.9253576886434154
Rio Grande do Sul,55-59,Ambos,2.723173796189339e-4,2.4933624880020793e-4,2.122370117129086e-4,1.627581745093376e-4,2.1875691264074075,1.6241020631434728
Rio Grande do Sul,60-64,Ambos,5.249199208988988e-4,4.380037342536912e-4,4.3109444514270045e-4,3.7129703138397114e-4,3.0550420615894747,2.614890651970948
Rio Grande do Sul,65-69,Ambos,5.115900571479348e-4,3.642032542886432e-4,3.457108053558417e-4,2.8288844127036277e-4,1.6753841388606205,1.402547563677043
Rio Grande do Sul,70-74,Ambos,4.023124003661598e-4,3.23580564442038e-4,3.265575902078888e-4,2.469459238806787e-4,1.0355043459211755,0.8072379682445399
Rio Grande do Sul,75-79,Ambos,5.068710520363471e-4,6.092439638660976e-4,3.64153943179955e-4,4.6844338772705107e-4,0.7388203362045558,0.9643992526160885
Rio Grande do Sul,80-84,Ambos,0.0011788419417893404,0.0012694948266044701,8.322981379264132e-4,8.581197481233038e-4,1.0019603401976769,1.051016932422986
Rio Grande do Sul,85-89,Ambos,0.0024394493021775627,0.003057137858932348,0.002007996448912326,0.002396643242767385,1.4937561024375594,1.7772202154754453
Rio Grande do Sul,90+,Ambos,0.008267333502996665,0.008508070879611071,0.006512533316213271,0.006696109873693199,3.061113485087042,3.1476168957535946
Mato Grosso do Sul,0,Ambos,0.011981628655420717,0.004115722873595413,0.00608812036623572,0.0018666966671044539,48.619030571342535,14.726599578811616
Mato Grosso do Sul,1-4,Ambos,8.056021375779267e-4,2.6952545866954663e-4,3.755761164315694e-4,1.2412810571151895e-4,66.64431645096889,21.62555006196242
Mato Grosso do Sul,5-9,Ambos,9.251333448263759e-5,4.178156395504066e-5,6.104430669047992e-5,2.702238947482431e-5,21.471541292833614,9.044995778368477
Mato Grosso do Sul,10-14,Ambos,1.2127440116237119e-4,5.6136519720849947e-5,7.538229398663733e-5,3.0489733993812292e-5,22.202231279678873,8.765712660599583
Mato Grosso do Sul,15-19,Ambos,3.2166440732883623e-4,1.5202109456140372e-4,2.3493751873047294e-4,1.2057580777973483e-4,22.055388436168442,11.233015507800081
Mato Grosso do Sul,20-24,Ambos,2.997198864199323e-4,1.390081404443395e-4,2.2827666039352033e-4,1.0599127793040776e-4,15.112645636648162,6.788637544579955
Mato Grosso do Sul,25-29,Ambos,2.1305655644015734e-4,9.201202074734942e-5,1.4627735851860553e-4,7.357342975262815e-5,8.969356217655227,4.491460255630086
Mato Grosso do Sul,30-34,Ambos,2.0038530656456513e-4,7.708385972266272e-5,1.4767057504598089e-4,6.166068227343595e-5,7.866352282590765,3.220808535277906
Mato Grosso do Sul,35-39,Ambos,2.167582969119202e-4,1.7021878167451199e-4,1.568121264729246e-4,7.942708968196041e-5,6.597524866226307,2.86147388712022
Mato Grosso do Sul,40-44,Ambos,2.966650286512388e-4,2.1105478461433446e-4,2.057027048673628e-4,1.0614857562760763e-4,6.52608078925173,2.931392169580373
Mato Grosso do Sul,45-49,Ambos,4.666515499520842e-4,3.502592972559708e-4,3.442088392704661e-4,1.7472843710805087e-4,7.5849990133979865,3.2689237624494676
Mato Grosso do Sul,50-54,Ambos,5.98169446753426e-4,4.617516692065037e-4,4.3347592304232005e-4,1.9994733312203472e-4,6.676175979189365,2.5943814703964745
Mato Grosso do Sul,55-59,Ambos,8.939908046571201e-4,5.570703935953628e-4,6.536995967748577e-4,2.9811456666797983e-4,7.199528355816452,2.7732344269542386
Mato Grosso do Sul,60-64,Ambos,0.0014590035774954472,5.337151012501097e-4,0.001082435369052018,3.268353028255218e-4,7.84608761255996,2.1183851735535884
Mato Grosso do Sul,65-69,Ambos,0.00155065654505264,7.320236831828962e-4,0.001010289509694978,3.87077521650395e-4,4.955227596675228,1.6939751953010511
Mato Grosso do Sul,70-74,Ambos,0.0018736223878160704,6.850787309249118e-4,0.001315084252382827,4.1322214624840426e-4,4.674005773546278,1.3555147184360417
Mato Grosso do Sul,75-79,Ambos,0.0023612085018427853,9.462522159568208e-4,0.0016036569691014752,6.064969315500122e-4,3.4860374670842824,1.2342459182970653
Mato Grosso do Sul,80-84,Ambos,0.002099410524529158,0.0028844958464592286,0.0010349112966325867,0.001644157418845879,1.2632529049225278,2.052096821079089
Mato Grosso do Sul,85-89,Ambos,0.012626736920591934,0.008092439617775561,0.008345118608787254,0.004553962375417585,6.397996077876655,3.4251586618637515
Mato Grosso do Sul,90+,Ambos,0.04649002498703481,0.021289261441058745,0.0318968510793036,0.012162041661524814,15.395894250527634,5.678926740360729
Mato Grosso,0,Ambos,0.005126684242442787,0.003096752680083251,0.0029027827697441742,0.0018102124295893674,18.54183562901587,11.374969544098388
Mato Grosso,1-4,Ambos,1.2051437562952635e-4,9.315071482425987e-5,7.798102791602555e-5,6.495697314416045e-5,10.219014165182786,8.465309869725713
Mato Grosso,5-9,Ambos,6.796839845301973e-5,4.844627391925647e-5,3.815620206790564e-5,2.9342448422996765e-5,13.571626526221658,10.474752433189256
Mato Grosso,10-14,Ambos,4.940493033171516e-5,3.9679302223460394e-5,3.1179585605482117e-5,2.579593312037777e-5,8.152435495107682,6.7088499724096335
Mato Grosso,15-19,Ambos,9.97588235127208e-5,9.386937779234502e-5,7.549043614989946e-5,7.289618709921274e-5,5.747295290841103,5.5581860822957045
Mato Grosso,20-24,Ambos,1.6210016115756872e-4,1.4783922349167043e-4,1.346836609754157e-4,1.2473920183528987e-4,7.41642919663541,6.898973104009393
Mato Grosso,25-29,Ambos,1.4227961626850098e-4,8.67493339294433e-5,9.355524984993703e-5,6.60319675029512e-5,4.77839946496905,3.424638752220912
Mato Grosso,30-34,Ambos,1.4154407802780824e-4,9.129284913595704e-5,9.889341976039314e-5,6.930704949089488e-5,4.535992684783458,3.1826728080515396
Mato Grosso,35-39,Ambos,1.296784041187623e-4,9.761169121258772e-5,9.741025558107447e-5,7.505708060030292e-5,3.6292750351971645,2.7224464371884527
Mato Grosso,40-44,Ambos,1.387814855774514e-4,1.5662631953223345e-4,1.0442410969432685e-4,9.065282777079817e-5,2.9853093840936196,2.373160038554598
Mato Grosso,45-49,Ambos,2.477001277429912e-4,2.6099812770263587e-4,1.7731150312080347e-4,1.6635722595227605e-4,3.6670693588111725,3.0446561795744764
Mato Grosso,50-54,Ambos,1.854757867559606e-4,3.1578318115452073e-4,1.3652165361329244e-4,2.0995105148724266e-4,1.990478464675726,2.8522185721461555
Mato Grosso,55-59,Ambos,3.4681163279854765e-4,4.44602828770731e-4,2.6795058525603616e-4,2.5825602615761e-4,2.785471439722509,2.3640626317867595
Mato Grosso,60-64,Ambos,6.530326237843314e-4,4.308188096898848e-4,4.738032563000459e-4,3.579749850177568e-4,3.234256087046948,2.505939494685674
Mato Grosso,65-69,Ambos,4.401154700644117e-4,8.295086966702049e-4,3.444056993466161e-4,5.444058627396422e-4,1.6015404042811126,2.3669244142765415
Mato Grosso,70-74,Ambos,6.921285184413503e-4,5.591694374310683e-4,4.3248241364557866e-4,3.625793859442085e-4,1.3657730736260882,1.1655369631017098
Mato Grosso,75-79,Ambos,9.421467439037816e-4,8.545653477968666e-4,6.31925233300038e-4,5.853480684957354e-4,1.2229527607830466,1.13995940915173
Mato Grosso,80-84,Ambos,0.0013489687067082916,0.0024079228940386004,0.001126964668504933,0.0018064738258238688,1.370161448912448,2.195248165626577
Mato Grosso,85-89,Ambos,0.006684673759723345,0.006936453216087142,0.004667097387818288,0.004797933947226493,3.52412441649096,3.620098410387035
Mato Grosso,90+,Ambos,0.01892106982447999,0.01619485253407375,0.010162455599537245,0.008412055673783819,4.815838525447863,3.967617709761098
Goiás,0,Ambos,0.003089566614588286,0.00223019454865053,0.0017528904284592314,0.0013417928044166891,12.179161513189788,9.20688286569516
Goiás,1-4,Ambos,1.1121563028148137e-4,8.869182756092954e-5,7.11956248951496e-5,6.232431088539644e-5,12.902506063609973,11.144591620898668
Goiás,5-9,Ambos,5.287191735704512e-5,4.3220648496100925e-5,3.018800872634261e-5,2.4458217480306806e-5,13.617445765612315,10.948502157001725
Goiás,10-14,Ambos,5.4145213381272386e-5,4.2051841009404215e-5,3.363850341707363e-5,2.7427519156307587e-5,10.62611680676612,8.574991985324457
Goiás,15-19,Ambos,1.98599942078766e-4,1.9759108413139993e-4,0.00015025247265693139,1.4927914121721326e-4,12.366952457333692,12.3016865464052
Goiás,20-24,Ambos,1.7189340313504033e-4,1.7127826215336956e-4,1.3496081907639416e-4,1.3420423565041755e-4,7.4746454813717405,7.435907457434841
Goiás,25-29,Ambos,1.1511071480406261e-4,1.0844337005648248e-4,9.342368343459837e-5,8.986491951926845e-5,5.004520343148955,4.820506346709946
Goiás,30-34,Ambos,9.710668098342148e-5,9.124366670822313e-5,8.056552590931874e-5,7.684033494460739e-5,3.8490052544044424,3.6119545115943295
Goiás,35-39,Ambos,1.0669789409204957e-4,1.294353173350091e-4,6.994502889476474e-5,6.841800790725709e-5,2.6684710149418636,2.4251368242510782
Goiás,40-44,Ambos,1.2416587664304413e-4,1.418533416917748e-4,9.014377324398309e-5,8.579868090363275e-5,2.616844860425028,2.3417736537394354
Goiás,45-49,Ambos,1.7162981278191625e-4,1.80821402742073e-4,1.1916279155347513e-4,1.126993399515228e-4,2.678921874838646,2.344040182501738
Goiás,50-54,Ambos,2.4088790792622654e-4,3.2406444571364274e-4,1.7646730366969034e-4,1.720400336886693e-4,2.6589564178359093,2.3167835057519444
Goiás,55-59,Ambos,2.2982991103791234e-4,3.3374406279748577e-4,1.6487802551443424e-4,1.7557441171268473e-4,1.7748281176181033,1.6432908171137157
Goiás,60-64,Ambos,4.594486351607596e-4,3.8344786344837425e-4,3.911291977917864e-4,3.0202885805680576e-4,2.7425445390411296,2.110621367753893
Goiás,65-69,Ambos,6.056098808869793e-4,4.970790947077143e-4,4.6175080067485923e-4,4.162900896753483e-4,2.100099997565575,1.9005584146073526
Goiás,70-74,Ambos,5.475005470997709e-4,4.995295033959209e-4,3.6052427422138196e-4,3.5223138365616385e-4,1.1915861454999497,1.205653826537857
Goiás,75-79,Ambos,9.378061803624787e-4,9.019496478805615e-4,6.938222561546119e-4,7.271464016161275e-4,1.3904424819727879,1.4961011836852935
Goiás,80-84,Ambos,0.0013783855630359,0.0020241814654410185,0.0012410394535226441,0.0017278237967459,1.5512959227689431,2.1663379904895756
Goiás,85-89,Ambos,0.004798248847905469,0.005173441653109864,0.0037813172302645064,0.004058798704221466,2.882068978755894,3.092328554206895
Goiás,90+,Ambos,0.010686201914662786,0.010256736031840461,0.005995197753470367,0.005795486177730451,2.9209541427028367,2.8241481244163027
Distrito Federal,0,Ambos,0.0014377145067081087,0.0010210626607995512,9.446834292968544e-4,7.316659756742934e-4,8.519209826438981,6.565529057061058
Distrito Federal,1-4,Ambos,8.947324361555717e-5,7.594031364103581e-5,5.892675421334297e-5,5.3450288111776805e-5,16.12316038342186,14.266356954493187
Distrito Federal,5-9,Ambos,4.442405368304393e-5,3.355358681358147e-5,2.5797256616450217e-5,2.0496429482628743e-5,14.199671846139378,10.98194995338108
Distrito Federal,10-14,Ambos,6.733033780737415e-5,5.155676203376289e-5,4.686081853847101e-5,3.837506213507704e-5,19.36992189442562,15.42722434722125
Distrito Federal,15-19,Ambos,3.22107086331147e-4,2.61093086103619e-4,2.4334975356697351e-4,2.1312993514595543e-4,27.909672080539167,24.18735514734365
Distrito Federal,20-24,Ambos,2.662694992043094e-4,1.9611733921517244e-4,1.8829044803977192e-4,1.515421656045001e-4,16.089556207887405,12.638299393204234
Distrito Federal,25-29,Ambos,1.4086382878579157e-4,9.357440304650807e-5,9.724910976045665e-5,7.548701062382877e-5,7.552766693542972,5.844083215000652
Distrito Federal,30-34,Ambos,1.588162720966898e-4,8.890279633314076e-5,1.0624994891585948e-4,7.05573994128929e-5,7.083702039756792,4.742835674315302
Distrito Federal,35-39,Ambos,1.4840612560774267e-4,9.277930588537869e-5,9.428328349279454e-5,6.805639610261395e-5,5.191234336415685,3.772897927435977
Distrito Federal,40-44,Ambos,1.4940645656674747e-4,1.0297395434119383e-4,1.0243528223194935e-4,8.70333671245479e-5,4.011612622611626,3.4310114360756554
Distrito Federal,45-49,Ambos,2.1438160719399962e-4,1.1770874975404641e-4,1.391916633027789e-4,7.943314253731176e-5,3.8957420844948354,2.025151067282077
Distrito Federal,50-54,Ambos,1.9015638377446666e-4,2.0274724048373766e-4,1.383032204786477e-4,1.4149952680563783e-4,2.6861186855034753,2.5626990479584317
Distrito Federal,55-59,Ambos,2.3999026742359129e-4,2.9838383518971046e-4,1.8455781997777677e-4,2.1920323712033385e-4,2.4010795158716345,2.684612658897067
Distrito Federal,60-64,Ambos,4.944618440503789e-4,5.990103914711584e-4,4.255612943506139e-4,5.174257460960151e-4,3.6931333837173597,4.3299058044208225
Distrito Federal,65-69,Ambos,5.018157002581343e-4,6.337735217433984e-4,3.9361521330593356e-4,4.895274839601403e-4,2.232959843464464,2.657795688716857
Distrito Federal,70-74,Ambos,7.089533063427684e-4,7.932632714001184e-4,5.563522757688349e-4,6.073350886221523e-4,2.2015431039431674,2.3919700536158155
Distrito Federal,75-79,Ambos,0.0010264550540117128,7.685331065028955e-4,6.894132657145115e-4,5.775600271486489e-4,1.636270563307431,1.3701612188144483
Distrito Federal,80-84,Ambos,0.0018789733121946832,0.0023501097575942824,0.0014301783637499536,0.0019112019313200594,1.991924121981558,2.7040457911161138
Distrito Federal,85-89,Ambos,0.004231113647161393,0.004720001691591703,0.003319030369187274,0.003637108261249397,2.8706061402322423,3.142328280012131
Distrito Federal,90+,Ambos,0.013811070026660849,0.012929591777545496,0.008529456631600258,0.00799133803164348,4.475694630441085,4.192105369596662
