Local,Sexo,faixa_etaria,RMSE,MAPE,MAE
Acre,Ambos,0,0.0030481333981486,17.76677718430243,0.0027048072011514
Acre,Ambos,1-4,0.0006505945269527,123.78115371821744,0.0006488864382203
Acre,Ambos,5-9,0.0003067967129852,147.46866597538263,0.0002994052484014
Acre,Ambos,10-14,0.0003121555658732,132.59597647044492,0.000309255076037
Acre,Ambos,15-19,0.0003524858264882,22.68690044903425,0.0003038774646415
Acre,Ambos,20-24,0.0012851040146263,115.84782746342144,0.0012729700905293
Acre,Ambos,25-29,0.001391062029803,111.68731853192232,0.0013867070546189
Acre,Ambos,30-34,0.0013727762086484,107.45363292879055,0.0013703826959569
Acre,Ambos,35-39,0.0014454899513284,94.68898660731251,0.0014422481055141
Acre,Ambos,40-44,0.0017996717643632,89.87246948763833,0.0017872513259887
Acre,Ambos,45-49,0.002437268641115,79.44882429713779,0.0024346354646247
Acre,Ambos,50-54,0.0031102423710702,72.71062219069785,0.0030943911756039
Acre,Ambos,55-59,0.003900788176864,58.12015183557872,0.0038907441869848
Acre,Ambos,60-64,0.0056180131590631,57.35250916655272,0.0055868342659313
Acre,Ambos,65-69,0.0015203865993028,7.266095122085579,0.0014435881794899
Acre,Ambos,70-74,0.0085199218677766,37.46657476783118,0.0085131234856131
Acre,Ambos,75-79,0.0017651956733367,3.3709441463649443,0.0015311267075903
Acre,Ambos,80-84,0.0008869767299039,1.041485590490017,0.0007809366170392
Acre,Ambos,85-89,0.0047611848659519,3.2782033940268893,0.0041037702674217
Acre,Ambos,90+,0.0096004664873841,4.693241259808157,0.0093178961612531
Acre,Mulheres,0,0.0023583128031055,11.958866067943536,0.0016918885113217
Acre,Mulheres,1-4,0.0006326293050793,127.45751273213924,0.000626323142246
Acre,Mulheres,5-9,0.0001069626813026,25.066735065048917,8.732469060137598e-05
Acre,Mulheres,10-14,3.3107853266764014e-05,8.133445833474411,2.663522208836053e-05
Acre,Mulheres,15-19,4.037216746306485e-05,5.855376399443883,3.424077688863843e-05
Acre,Mulheres,20-24,0.0004392672530366,123.76877158451916,0.000434986847122
Acre,Mulheres,25-29,0.0005647033670326,112.52075053250888,0.0005555896325159
Acre,Mulheres,30-34,0.0006485593673938,105.20923350316995,0.0006474505891698
Acre,Mulheres,35-39,0.0009127751191082,117.72169832989098,0.000904265671613
Acre,Mulheres,40-44,0.0012469038105266,98.12681308449017,0.0012421542626063
Acre,Mulheres,45-49,0.0001852018776772,5.323792600351538,0.0001619079190314
Acre,Mulheres,50-54,0.0019810034964029,64.01647360700808,0.001955467330249
Acre,Mulheres,55-59,0.0031793991835478,64.95825984566015,0.0031732126268381
Acre,Mulheres,60-64,0.0007918984300339,7.716093473093094,0.0007414614329674
Acre,Mulheres,65-69,0.0018313222232278,11.059174794376954,0.0018151430614428
Acre,Mulheres,70-74,0.0066627624043688,36.82959793859212,0.0066449798884223
Acre,Mulheres,75-79,0.0088063351722565,26.26318355809071,0.0087709949210545
Acre,Mulheres,80-84,0.0113592119156081,18.30384152469601,0.0112514563730241
Acre,Mulheres,85-89,0.0025117202709898,2.1079226110385907,0.0024155598880319
Acre,Mulheres,90+,0.0030177241691166,1.3266542220894149,0.0024900597339501
Acre,Homens,0,0.0046409719710125,24.976198014699957,0.0041272163606939
Acre,Homens,1-4,0.0006808284638241,121.69233570391908,0.0006759516640329
Acre,Homens,5-9,0.0002771953477437,135.4120193090962,0.0002667703922327
Acre,Homens,10-14,0.0001461633002612,23.269652486804056,0.0001049824908631
Acre,Homens,15-19,0.000655320821789,26.70741678670633,0.000557572955579
Acre,Homens,20-24,0.0005128595864575,15.176395095601688,0.0004236111805202
Acre,Homens,25-29,0.002183713135299,106.35282002307692,0.0021703132189361
Acre,Homens,30-34,0.0020529163706826,103.6805008745981,0.0020444563093018
Acre,Homens,35-39,0.0019128205558683,82.01334763185764,0.0019098317807664
Acre,Homens,40-44,0.0023385746614741,84.67977291733536,0.0023132845593098
Acre,Homens,45-49,0.0028352141032956,69.08472783092449,0.0028200432657533
Acre,Homens,50-54,0.0040167875095822,70.1498733937421,0.0039652841985509
Acre,Homens,55-59,0.0011350119840124,9.098526191528729,0.0010131830335178
Acre,Homens,60-64,0.0070264795918194,56.4727976182072,0.0069622804916548
Acre,Homens,65-69,0.0016371447582092,6.43469839396606,0.001505746484882
Acre,Homens,70-74,0.0008368207415943,2.3228341427400325,0.0007538349195319
Acre,Homens,75-79,0.0006619085631926,0.9582035242237792,0.0004965781041787
Acre,Homens,80-84,0.001245289514299,1.2476423464271402,0.001041029881401
Acre,Homens,85-89,0.0076127230109585,4.97943092293658,0.0068074949682308
Acre,Homens,90+,0.0208094790221113,9.305514704641809,0.019855468748373
Alagoas,Ambos,0,0.0032051533016855,25.51797976093769,0.003157603778653
Alagoas,Ambos,1-4,0.0004880820524847,132.5071888304086,0.000486911661074
Alagoas,Ambos,5-9,0.0002309891369434,140.64626564504442,0.0002302117994314
Alagoas,Ambos,10-14,6.2953850344591e-05,13.86417194319278,5.832858026022449e-05
Alagoas,Ambos,15-19,0.0012851159422062,101.15621634602778,0.0012516691461808
Alagoas,Ambos,20-24,0.0001140514123518,4.163086013479635,9.367016950659328e-05
Alagoas,Ambos,25-29,0.00137955140258,93.8323883535523,0.0013607617537948
Alagoas,Ambos,30-34,0.0004737147002284,17.238712516260136,0.000402824117826
Alagoas,Ambos,35-39,0.0014844632119378,78.51492562749638,0.0014699734701937
Alagoas,Ambos,40-44,0.0019481480996379,78.51900527269099,0.0019396435267301
Alagoas,Ambos,45-49,0.0025696111109869,72.05281154428963,0.0025546047036131
Alagoas,Ambos,50-54,0.0032200485272783,61.70421322796196,0.0032160606996497
Alagoas,Ambos,55-59,0.0040991088503492,52.10895143095554,0.0040735816196194
Alagoas,Ambos,60-64,0.0057857423971932,49.05965127424974,0.0057749714648656
Alagoas,Ambos,65-69,0.0072905063942696,39.5054269972051,0.0072559940184085
Alagoas,Ambos,70-74,0.0083764450528916,32.67483737563484,0.0083250304569294
Alagoas,Ambos,75-79,0.0108644657518903,25.42574982688291,0.0108180955180132
Alagoas,Ambos,80-84,0.0018501983911,2.153461581039866,0.0016971929128731
Alagoas,Ambos,85-89,0.0028792181452212,1.8773373222039675,0.0024326590689992
Alagoas,Ambos,90+,0.0360429985985854,16.72567244644714,0.0357043694799553
Alagoas,Mulheres,0,0.0049475896613942,48.319053909309886,0.0049095022767395
Alagoas,Mulheres,1-4,0.0004358365861045,127.93311673425896,0.0004340556598482
Alagoas,Mulheres,5-9,3.22434253444686e-05,10.616722234506229,2.6876365869609435e-05
Alagoas,Mulheres,10-14,3.302659914942796e-05,9.13385133734708,2.595701779305896e-05
Alagoas,Mulheres,15-19,4.313832561773168e-05,6.032046331859699,3.477863062805555e-05
Alagoas,Mulheres,20-24,0.0004970992649196,118.9553946643058,0.000494331324894
Alagoas,Mulheres,25-29,0.0005495585900145,118.16576117158198,0.0005481387242882
Alagoas,Mulheres,30-34,0.0001889334881049,13.972577890231037,0.0001405380137514
Alagoas,Mulheres,35-39,0.0010167083044087,103.10850457241396,0.00101386867327
Alagoas,Mulheres,40-44,0.0013948422740696,94.6339777854752,0.0013943497204216
Alagoas,Mulheres,45-49,0.001999434592031,85.38706216723229,0.0019933516593824
Alagoas,Mulheres,50-54,0.0027121296803109,74.08698559682472,0.0027082110093344
Alagoas,Mulheres,55-59,0.0036193460698687,62.115463170490926,0.0035962449590159
Alagoas,Mulheres,60-64,0.0048866765323733,52.11888061415279,0.0048836414643274
Alagoas,Mulheres,65-69,0.0061906420344055,40.81489256737251,0.0061538742216124
Alagoas,Mulheres,70-74,0.0075977548142414,37.24968313338195,0.0075632916334005
Alagoas,Mulheres,75-79,0.0107684902403337,29.743180295534145,0.0107381231461408
Alagoas,Mulheres,80-84,0.002010404336405,2.688790429506503,0.0019353227302266
Alagoas,Mulheres,85-89,0.0042378389693368,3.2535028499466154,0.0039954379936069
Alagoas,Mulheres,90+,0.012435094311159,5.329143544316583,0.0119225609950184
Alagoas,Homens,0,0.0018873444345621,10.304135959241982,0.0015270501829745
Alagoas,Homens,1-4,0.0005055623344641,122.90759979531931,0.0005050921081206
Alagoas,Homens,5-9,0.0002475793746761,130.4989684559277,0.0002462607925713
Alagoas,Homens,10-14,0.0001203408786683,20.46326936819338,0.0001113888196386
Alagoas,Homens,15-19,0.0019945500615952,87.29801805029359,0.0019127795885342
Alagoas,Homens,20-24,0.002612875641928,91.6317881917536,0.0025797881746738
Alagoas,Homens,25-29,0.0021374587320899,79.9419852670477,0.0020907720105348
Alagoas,Homens,30-34,0.0007665513569013,17.940110384705193,0.0006773962797871
Alagoas,Homens,35-39,0.0010678466371149,23.42187049259257,0.0009930991345691
Alagoas,Homens,40-44,0.0008499657013716,14.141774058270569,0.0007217008691849
Alagoas,Homens,45-49,0.0030851156861669,60.906058184285584,0.0030501072802571
Alagoas,Homens,50-54,0.0037468335827976,52.68743094498694,0.0037271884735447
Alagoas,Homens,55-59,0.0045835272342541,44.42147720956252,0.0045520881957805
Alagoas,Homens,60-64,0.0063349896195352,42.09449738161973,0.0062868546015452
Alagoas,Homens,65-69,0.0084997520882293,37.81111800905933,0.0084519689728601
Alagoas,Homens,70-74,0.0018152480244535,3.8406356280115386,0.0013966514188932
Alagoas,Homens,75-79,0.0022752486958703,3.059459008716244,0.0017323872513503
Alagoas,Homens,80-84,0.0016111887041902,1.4684250826041274,0.0013031829148716
Alagoas,Homens,85-89,0.0024105272846896,1.511056852458701,0.0020890462312222
Alagoas,Homens,90+,0.0299625218424899,12.81478905272779,0.0283964489932105
Amapá,Ambos,0,0.0053131621090899,30.61982383596382,0.0050438118697754
Amapá,Ambos,1-4,7.190702366700842e-05,6.624247570253683,6.113604732882176e-05
Amapá,Ambos,5-9,3.924997192730249e-05,9.464663955651597,3.514405357415756e-05
Amapá,Ambos,10-14,5.898307069272227e-05,12.11363132897766,5.2915276414508745e-05
Amapá,Ambos,15-19,0.0013410136889338,111.22413589457872,0.0013355175365371
Amapá,Ambos,20-24,0.0016661118440698,113.5329789113521,0.0016410077123981
Amapá,Ambos,25-29,0.0014326840666582,109.30577143087564,0.0014249474645937
Amapá,Ambos,30-34,0.0006027212688728,23.354525597360308,0.0005485388085684
Amapá,Ambos,35-39,0.0012648180576211,79.65612347369249,0.0012501900824779
Amapá,Ambos,40-44,0.0016131040020159,81.42284019635916,0.0016109601133757
Amapá,Ambos,45-49,0.002089637715899,70.0488572602514,0.0020787929572261
Amapá,Ambos,50-54,0.0028178154693651,61.184467534963005,0.0028047914463764
Amapá,Ambos,55-59,0.000627382679655,6.200340598669231,0.0005886610990716
Amapá,Ambos,60-64,0.0045835624588795,42.62341539010947,0.004543942127299
Amapá,Ambos,65-69,0.0069841519723098,41.72888476514007,0.006958668774308
Amapá,Ambos,70-74,0.0014823133332386,4.827844014963531,0.0013319438197878
Amapá,Ambos,75-79,0.0016687587230311,3.11476790090939,0.0013782599951666
Amapá,Ambos,80-84,0.0020237313229999,2.3564538762489824,0.0016962807831274
Amapá,Ambos,85-89,0.0033792181233335,2.153194045403913,0.0026335042480977
Amapá,Ambos,90+,0.0320214959181146,12.945969080168393,0.0274043713035832
Amapá,Mulheres,0,0.0037063768806169,16.83551014959968,0.0029968281989983
Amapá,Mulheres,1-4,0.0001048895203852,10.013759437613098,8.999881032192864e-05
Amapá,Mulheres,5-9,7.429882529598654e-05,20.40033805591995,6.054475336755422e-05
Amapá,Mulheres,10-14,5.330305297759345e-05,12.396363111335726,4.4047615751334016e-05
Amapá,Mulheres,15-19,0.0001210945922884,16.751049110301786,0.0001081769356401
Amapá,Mulheres,20-24,0.0005208244605371,132.99432040371985,0.0005102700314295
Amapá,Mulheres,25-29,0.0006531858189689,131.0601667802842,0.000648967852968
Amapá,Mulheres,30-34,0.0006371812242928,96.60398995968455,0.0006338053537156
Amapá,Mulheres,35-39,0.000903057654126,103.77232068297027,0.0009004226601932
Amapá,Mulheres,40-44,0.0013257171836924,99.31716852311622,0.0013169795159766
Amapá,Mulheres,45-49,0.0017586981549343,82.92554761757947,0.0017494577704575
Amapá,Mulheres,50-54,0.0001919221329157,4.066383892740051,0.0001765868308189
Amapá,Mulheres,55-59,0.0030634258437741,59.56842728350439,0.0030560995109723
Amapá,Mulheres,60-64,0.0032277795376696,41.14162568456295,0.003178646796035
Amapá,Mulheres,65-69,0.0054306436133145,39.97746214753032,0.0053564739885258
Amapá,Mulheres,70-74,0.0009271069963674,3.319114178133576,0.000693098272035
Amapá,Mulheres,75-79,0.0015908221060857,3.7265185029289287,0.0013680329662742
Amapá,Mulheres,80-84,0.0029057605540152,3.452451385852743,0.0021775530208012
Amapá,Mulheres,85-89,0.004079538544563,2.8472629322477463,0.0031664087194291
Amapá,Mulheres,90+,0.038058123122209,15.863242846496778,0.0315053363933444
Amapá,Homens,0,0.0056571553429263,30.76263755194567,0.0054680189026034
Amapá,Homens,1-4,0.0001133956809482,9.886903537592444,9.608080684844673e-05
Amapá,Homens,5-9,0.0003728532251685,150.93917499250784,0.0003720310803681
Amapá,Homens,10-14,0.0003589259643764,120.86047297485334,0.0003586647788363
Amapá,Homens,15-19,0.0021098276950864,101.55488225201306,0.0020895681202561
Amapá,Homens,20-24,0.0027082872996219,103.853309155317,0.002665136304793
Amapá,Homens,25-29,0.002103763112462,95.5983317514449,0.0020918983425796
Amapá,Homens,30-34,0.0008509165246058,20.218576135590336,0.0007271948467544
Amapá,Homens,35-39,0.0016089620885825,66.81666607973413,0.0015638259215892
Amapá,Homens,40-44,0.0020090528662937,76.2327058360438,0.0019950410151249
Amapá,Homens,45-49,0.0024106114882189,62.46414004735672,0.0023939978028988
Amapá,Homens,50-54,0.0017202313450133,18.02426063072309,0.0014919299975022
Amapá,Homens,55-59,0.0052667391539776,58.49854828307943,0.0052629702634685
Amapá,Homens,60-64,0.0059846345346679,43.91959541296869,0.0059449806690353
Amapá,Homens,65-69,0.0081317273035834,40.11138361503378,0.0081107752861403
Amapá,Homens,70-74,0.007393087916389,24.7468073860869,0.0073567152663481
Amapá,Homens,75-79,0.0026104742282796,4.303120585658789,0.0022965826269072
Amapá,Homens,80-84,0.0044972175013294,4.831070942338872,0.0040537460554961
Amapá,Homens,85-89,0.0024355433178305,1.6165377906068228,0.0022456319958154
Amapá,Homens,90+,0.0139196517912717,5.051917187338288,0.0122214003038943
Amazonas,Ambos,0,0.0058419501271663,42.79701901080439,0.0057754865820299
Amazonas,Ambos,1-4,0.0005864478581291,109.10103344921708,0.0005856754930032
Amazonas,Ambos,5-9,0.0002583888374986,137.3537382655188,0.0002577815075453
Amazonas,Ambos,10-14,0.0003116087046057,142.05014551687017,0.0003109695664817
Amazonas,Ambos,15-19,8.977702651048054e-05,6.548182547436598,8.41471041353244e-05
Amazonas,Ambos,20-24,9.335292481594526e-05,3.7876571603313143,7.764157446006362e-05
Amazonas,Ambos,25-29,8.33555798443529e-05,3.4489764838990347,6.954151905369253e-05
Amazonas,Ambos,30-34,0.0001694896387089,7.35891404113693,0.0001550061767385
Amazonas,Ambos,35-39,0.0014472500283209,93.44041751188384,0.001443897786128
Amazonas,Ambos,40-44,0.001515559601347,78.25713625073921,0.0015116502803659
Amazonas,Ambos,45-49,0.001988763230045,74.23083975264227,0.0019868634335884
Amazonas,Ambos,50-54,0.002674326703539,65.70689230353908,0.0026691248896562
Amazonas,Ambos,55-59,0.0001640926862482,1.809411291862352,0.0001456714433955
Amazonas,Ambos,60-64,0.0047524460807825,47.82264614429231,0.0047475585934218
Amazonas,Ambos,65-69,0.0005432525417632,2.5634394434231167,0.0004750998850054
Amazonas,Ambos,70-74,0.0079777398818117,35.90007009317014,0.0079740601467052
Amazonas,Ambos,75-79,0.0100745195743137,26.1084055431155,0.0100667474816169
Amazonas,Ambos,80-84,0.0119785597154796,18.1449823266933,0.0119690177859218
Amazonas,Ambos,85-89,0.0054941759508612,3.971460842587297,0.00487856645813
Amazonas,Ambos,90+,0.0047927831006876,2.331609943689956,0.0045219449383173
Amazonas,Mulheres,0,0.0040235028829025,31.543963533420428,0.0039828935964086
Amazonas,Mulheres,1-4,0.0005560446165828,111.58474738178644,0.0005553254001955
Amazonas,Mulheres,5-9,0.0002277026685613,144.31537699466966,0.0002271152807738
Amazonas,Mulheres,10-14,0.0002698440311315,155.1226284171092,0.000268880022213
Amazonas,Mulheres,15-19,2.130945604352425e-05,2.2951525308179725,1.3812806246517796e-05
Amazonas,Mulheres,20-24,0.0004761353789831,123.40293557314276,0.0004757167571962
Amazonas,Mulheres,25-29,0.0006031924823785,122.60083363547982,0.0006028447711927
Amazonas,Mulheres,30-34,0.0006847662032814,106.09126210781446,0.0006827423774088
Amazonas,Mulheres,35-39,0.0009263646593086,103.161507624691,0.0009218945131723
Amazonas,Mulheres,40-44,0.0012121766493026,90.52085479208802,0.0012096173590731
Amazonas,Mulheres,45-49,0.001569463300968,82.84902044843328,0.0015688116516549
Amazonas,Mulheres,50-54,0.0020819590704737,70.51184772863374,0.002075876943132
Amazonas,Mulheres,55-59,0.0001670170563651,2.42597956919808,0.0001430900531015
Amazonas,Mulheres,60-64,0.003765042351249,50.43031068296511,0.0037470673564889
Amazonas,Mulheres,65-69,0.0059627690802007,51.77011329076247,0.0059441989298933
Amazonas,Mulheres,70-74,0.00684656797082,39.8224195064563,0.0068460876233673
Amazonas,Mulheres,75-79,0.0003449021757939,0.8600580286422274,0.0003150843539915
Amazonas,Mulheres,80-84,0.0114007889629144,19.64636896668012,0.0113721138443731
Amazonas,Mulheres,85-89,0.0037161485724935,2.8189420394079976,0.0031931552542842
Amazonas,Mulheres,90+,0.0038269665011221,2.025394804104525,0.0036912775740052
Amazonas,Homens,0,0.0060981681895757,39.42480041700792,0.0059694592905802
Amazonas,Homens,1-4,0.0005891357573805,99.84265729088268,0.0005876904167928
Amazonas,Homens,5-9,0.0002916320441576,134.46263859003577,0.0002899141378497
Amazonas,Homens,10-14,0.0003560451159123,134.18018536793787,0.0003522096775689
Amazonas,Homens,15-19,0.0001701840010473,8.389861354049557,0.0001633008874314
Amazonas,Homens,20-24,0.0022065016778268,94.73999901044216,0.0022039406538708
Amazonas,Homens,25-29,0.0001636269433752,4.270248015923562,0.0001380915662501
Amazonas,Homens,30-34,0.0001136437056717,3.078871542950836,9.623073817661646e-05
Amazonas,Homens,35-39,0.0019182111972695,86.06108931484478,0.0019152686674402
Amazonas,Homens,40-44,0.0017719164268626,69.12521038142978,0.0017655974650247
Amazonas,Homens,45-49,0.0023561494467039,67.53980409898494,0.0023515464950429
Amazonas,Homens,50-54,0.003183453509753,60.92451294512902,0.0031778760765001
Amazonas,Homens,55-59,0.0003532548691203,3.109217562564384,0.0003165068666686
Amazonas,Homens,60-64,0.0055313492259339,43.84476023943791,0.0055214887558271
Amazonas,Homens,65-69,0.000445419793425,1.5822954010885726,0.0003680256652556
Amazonas,Homens,70-74,0.008843561697902,31.815590396756026,0.0088342987289248
Amazonas,Homens,75-79,0.0096270095112688,20.55404647121233,0.0096057321607068
Amazonas,Homens,80-84,0.0123165019464245,16.08834462358518,0.012284139686741
Amazonas,Homens,85-89,0.0082824849796033,5.60447260989276,0.0076274692023076
Amazonas,Homens,90+,0.0075427742680974,2.797727449828665,0.0059870856759887
Bahia,Ambos,0,0.0043356824694642,32.16066737317674,0.0043121043336191
Bahia,Ambos,1-4,0.0004027204164166,117.08120201355922,0.0004025274761959
Bahia,Ambos,5-9,0.0002160038344266,153.1736746972584,0.0002159567768535
Bahia,Ambos,10-14,4.013052239426531e-05,9.28763900912372,3.5211329823450844e-05
Bahia,Ambos,15-19,0.00029595275069,17.76466385875219,0.0002846031215271
Bahia,Ambos,20-24,0.0017825626021846,116.24369536977235,0.0017808979993966
Bahia,Ambos,25-29,4.3677160516704206e-05,1.6525364214188945,3.44413409034728e-05
Bahia,Ambos,30-34,0.0014025193824526,99.3596178251644,0.0014014992999169
Bahia,Ambos,35-39,0.0015169350933339,89.75469848062559,0.0015136359132248
Bahia,Ambos,40-44,0.0018766316808712,83.93327961633499,0.0018746772407348
Bahia,Ambos,45-49,0.0022955501928027,74.03763080578125,0.0022906054955207
Bahia,Ambos,50-54,0.0030225262671565,67.87151953343592,0.0030221347990325
Bahia,Ambos,55-59,0.0037345877293301,56.95645164845266,0.0037282309864399
Bahia,Ambos,60-64,0.0048142059486407,50.05048287610341,0.0048111003897912
Bahia,Ambos,65-69,0.0006033471228703,3.467409165888037,0.0005889524463583
Bahia,Ambos,70-74,0.0075114395732506,36.46783440659114,0.0075078352429613
Bahia,Ambos,75-79,0.0097241002701708,27.395867740678604,0.0097205038491131
Bahia,Ambos,80-84,0.0122630629950476,20.0302541561366,0.0122603181478772
Bahia,Ambos,85-89,0.0031101731068822,2.508037911937715,0.0028311044219094
Bahia,Ambos,90+,0.0166420568840599,8.578948568122543,0.0155648486683001
Bahia,Mulheres,0,0.0045395119169927,38.29875194604232,0.0045235608955578
Bahia,Mulheres,1-4,0.0003871601738333,118.53907403035032,0.0003862655678755
Bahia,Mulheres,5-9,0.0001870439852934,151.86179472839416,0.0001869671059083
Bahia,Mulheres,10-14,0.000221650825721,145.83052792707178,0.0002216387911495
Bahia,Mulheres,15-19,0.0004025881275425,138.740902693568,0.000402544192549
Bahia,Mulheres,20-24,0.0004758836685196,130.97745138076613,0.0004757103688413
Bahia,Mulheres,25-29,0.0005571039482699,125.19576622508706,0.0005569949340983
Bahia,Mulheres,30-34,0.0006929098188262,110.90890991797812,0.0006923519321394
Bahia,Mulheres,35-39,0.0009504260541316,104.37493041453564,0.0009491272875851
Bahia,Mulheres,40-44,0.0013478566596,94.73264472458446,0.0013472447301594
Bahia,Mulheres,45-49,0.0016988758302299,83.5914820729838,0.0016940070671923
Bahia,Mulheres,50-54,0.0022772179198714,75.25280556557126,0.0022770864207558
Bahia,Mulheres,55-59,0.0002220259626892,3.0623082683591973,0.0001831033423024
Bahia,Mulheres,60-64,0.0038268068723717,55.38511743471904,0.0038261972586232
Bahia,Mulheres,65-69,0.0053075852070882,49.56233414090658,0.0053068160159229
Bahia,Mulheres,70-74,0.0063913226878244,41.18594152026108,0.0063889902287337
Bahia,Mulheres,75-79,0.0008581746689959,2.107042237212221,0.0007068797901687
Bahia,Mulheres,80-84,0.0114458167287884,21.545408257625198,0.0114421331569167
Bahia,Mulheres,85-89,0.004059048306449,3.5039242844330394,0.0036222702111599
Bahia,Mulheres,90+,0.009685672859481,5.468840159640786,0.0092483437109137
Bahia,Homens,0,0.0039732750628468,25.81913713050036,0.0038947180270138
Bahia,Homens,1-4,0.0004120668778451,113.21510352957556,0.0004119633329541
Bahia,Homens,5-9,0.0002367770357582,146.68327647272642,0.0002367589864189
Bahia,Homens,10-14,5.688802949181452e-05,10.292195393925322,4.898461776580885e-05
Bahia,Homens,15-19,0.0022556326883262,120.97124557762682,0.0022492296862825
Bahia,Homens,20-24,0.0030070466925011,107.6965464952905,0.0030036293320909
Bahia,Homens,25-29,9.395672847747696e-05,2.568391397241365,9.037564883165334e-05
Bahia,Homens,30-34,0.0001099093108595,2.8725823981497,9.586296003612527e-05
Bahia,Homens,35-39,0.002071214083598,81.63965851368381,0.0020662124024409
Bahia,Homens,40-44,0.0023432734934572,74.262588683643,0.002338037771776
Bahia,Homens,45-49,0.0028276768372098,65.40725509135994,0.0028197462045793
Bahia,Homens,50-54,0.0037405781133068,61.67414033785671,0.003739699090159
Bahia,Homens,55-59,0.0046290819255247,52.95999008669041,0.0046230951455461
Bahia,Homens,60-64,0.0008993263319482,4.718890085034163,0.0007521977121264
Bahia,Homens,65-69,0.0076858058135899,42.60528659558586,0.0076849650429045
Bahia,Homens,70-74,0.0088999514156764,33.505816648338474,0.0088976328462411
Bahia,Homens,75-79,0.0006697914638272,1.1186227771941089,0.0005514921331367
Bahia,Homens,80-84,0.0140157087142838,19.323816551273072,0.0140004991928678
Bahia,Homens,85-89,0.001372333140094,0.8832369092882342,0.0011230221148261
Bahia,Homens,90+,0.0329695748476474,15.291154266357204,0.0308188387024262
Brasil,Ambos,0,0.0008097217082366,5.918389113956215,0.0007653229981307
Brasil,Ambos,1-4,0.000402699506011,127.13017797715776,0.0004026807846486
Brasil,Ambos,5-9,0.0001949617061233,150.49125476615984,0.0001949162788742
Brasil,Ambos,10-14,0.0002560944633596,144.19595017532097,0.0002557650943531
Brasil,Ambos,15-19,9.18546884149452e-05,5.369505907960794,6.42646046717175e-05
Brasil,Ambos,20-24,7.46412817187756e-05,3.5066765329007765,5.771086337108609e-05
Brasil,Ambos,25-29,0.0011127707829921,105.1098458956066,0.0011107488858874
Brasil,Ambos,30-34,0.0011738277538829,101.33608271876176,0.0011726514429564
Brasil,Ambos,35-39,0.0013651340972737,94.8092419791602,0.0013637906540661
Brasil,Ambos,40-44,0.0016881267826954,85.58990073274485,0.0016863251152252
Brasil,Ambos,45-49,0.0022163618251678,77.69471689685162,0.002214291283093
Brasil,Ambos,50-54,0.0029565123146062,69.09316455687267,0.0029550977228387
Brasil,Ambos,55-59,0.0038175572104085,58.721411701022994,0.0038144630822431
Brasil,Ambos,60-64,0.0051045689784115,51.06552849788284,0.0051035558483859
Brasil,Ambos,65-69,0.0067617608109096,44.59277079758903,0.0067614481993392
Brasil,Ambos,70-74,0.0076714790390673,33.659711444445385,0.0076637331317379
Brasil,Ambos,75-79,0.0098846352758215,25.7702820612162,0.0098788994833895
Brasil,Ambos,80-84,0.011984967740014,18.386374020736035,0.0119814441268895
Brasil,Ambos,85-89,0.0038766263675959,2.80599984869174,0.0033740524955864
Brasil,Ambos,90+,0.0055794584110159,2.77085015444712,0.0054177889834289
Brasil,Mulheres,0,0.0041518887247317,43.95379662775444,0.0041394474313943
Brasil,Mulheres,1-4,0.0003744335265963,127.72390206936696,0.0003742635172983
Brasil,Mulheres,5-9,0.0001761142116925,155.60372816054078,0.0001760668197109
Brasil,Mulheres,10-14,0.0002099634305146,152.07806988969008,0.0002099219595872
Brasil,Mulheres,15-19,0.0003728323530453,138.57877671170897,0.0003726457417701
Brasil,Mulheres,20-24,0.0004529079122041,135.2952764848638,0.0004528956735091
Brasil,Mulheres,25-29,0.0005159602430399,127.56096805375216,0.0005157800248035
Brasil,Mulheres,30-34,0.000667049495769,119.77115274240582,0.0006668435547399
Brasil,Mulheres,35-39,0.0008956109589207,108.85691613728478,0.0008949790692521
Brasil,Mulheres,40-44,0.0012262675820661,99.3964635898664,0.0012257806471932
Brasil,Mulheres,45-49,0.0016746267306064,89.00778396948998,0.0016740137355826
Brasil,Mulheres,50-54,0.0022509881674102,77.71852172929424,0.0022497395199561
Brasil,Mulheres,55-59,0.0030038600069767,66.58704886309465,0.0030020953825006
Brasil,Mulheres,60-64,0.0041973380005439,58.93149221785243,0.0041972921553939
Brasil,Mulheres,65-69,0.0056178729562176,49.3788352769727,0.0056175431942724
Brasil,Mulheres,70-74,0.0068428023276008,39.82309340078993,0.0068396698734286
Brasil,Mulheres,75-79,0.0091279726218037,29.046060701540288,0.0091210971345171
Brasil,Mulheres,80-84,0.0114862860532021,20.133710235013275,0.0114814362250244
Brasil,Mulheres,85-89,0.0047177757159664,3.663221558322892,0.0040870322174527
Brasil,Mulheres,90+,0.0037661614834637,1.9796556229981097,0.003715239970692
Brasil,Homens,0,0.0039933023933639,34.30681543785306,0.0039884954510119
Brasil,Homens,1-4,0.0004281180712336,125.85014963952275,0.0004280262330995
Brasil,Homens,5-9,0.0002130105860159,146.16236570324048,0.0002129534625053
Brasil,Homens,10-14,0.0002994103328859,138.08992068335655,0.0002986403314674
Brasil,Homens,15-19,0.0001580180025881,6.167228652582377,0.000118546766849
Brasil,Homens,20-24,0.000170433212188,4.336541152954848,0.0001184007851654
Brasil,Homens,25-29,0.0016217770503806,91.27804627147982,0.0016166692349251
Brasil,Homens,30-34,0.001630400589032,89.91424482032959,0.001627958456634
Brasil,Homens,35-39,0.0018009582903439,85.1155367041104,0.0017989111917676
Brasil,Homens,40-44,0.0021294836460702,76.53610490466416,0.0021263181148267
Brasil,Homens,45-49,0.0027339641667387,69.43856444536527,0.0027299132404602
Brasil,Homens,50-54,0.0036160736017698,61.64319434901744,0.0036140642447595
Brasil,Homens,55-59,0.0046401998932601,52.84776139838557,0.0046360998294926
Brasil,Homens,60-64,0.0060179281106973,45.03989036350792,0.0060149072243411
Brasil,Homens,65-69,0.0079470371669471,40.32556682217464,0.0079463443237152
Brasil,Homens,70-74,0.0086606353027055,29.166445661595965,0.0086521430051154
Brasil,Homens,75-79,0.0011308383708218,1.8236298030847664,0.0009693246236618
Brasil,Homens,80-84,0.0122809630447239,15.820276267129998,0.0122740548625191
Brasil,Homens,85-89,0.0045333480183398,2.9774490204395643,0.0040584234067453
Brasil,Homens,90+,0.008204099188536,3.490528848950789,0.0073881621452982
Ceará,Ambos,0,0.0041758196764535,38.756911441633946,0.0041358037516604
Ceará,Ambos,1-4,0.0003951237462492,126.03558049476428,0.000394636763216
Ceará,Ambos,5-9,0.0002190116202832,145.2764700558953,0.0002184270483609
Ceará,Ambos,10-14,0.0002907924201468,138.73410536091194,0.0002904004345983
Ceará,Ambos,15-19,0.001255579975009,112.8757093267352,0.0012245862736596
Ceará,Ambos,20-24,0.0002404175352282,10.752399710155228,0.0002157288346827
Ceará,Ambos,25-29,0.0002772976186893,11.022377758287568,0.000211346535731
Ceará,Ambos,30-34,0.0002168713001907,8.555669795574056,0.0001786699895096
Ceará,Ambos,35-39,0.0014889530268471,88.53220000855947,0.0014810145961154
Ceará,Ambos,40-44,0.0017897865522535,82.91117365476104,0.0017851617616839
Ceará,Ambos,45-49,0.0021979823667615,75.74046180690547,0.0021964492830746
Ceará,Ambos,50-54,0.0028683144150318,69.81477571770056,0.0028665601313869
Ceará,Ambos,55-59,0.0004291700080601,5.091650267808684,0.0004013721712434
Ceará,Ambos,60-64,0.0048774714940384,54.707514511131485,0.0048768063954948
Ceará,Ambos,65-69,0.0004023766524081,1.8262189090012175,0.0003136636974062
Ceará,Ambos,70-74,0.0075334717870017,36.85157534698432,0.0075284270615317
Ceará,Ambos,75-79,0.0013475760918891,2.723842403550323,0.0011163881624067
Ceará,Ambos,80-84,0.0131464985962381,21.384238720524824,0.0131194475612827
Ceará,Ambos,85-89,0.0041552699990928,3.422071467621248,0.0039801702622275
Ceará,Ambos,90+,0.0181830925647711,10.522796527810865,0.0176438059846021
Ceará,Mulheres,0,0.003682910177742,37.25075282810112,0.0036601436806204
Ceará,Mulheres,1-4,0.0003566447084446,127.32324109863092,0.0003557747617857
Ceará,Mulheres,5-9,0.0001919464998454,154.32647670278322,0.0001912553861758
Ceará,Mulheres,10-14,0.0002349322342573,151.3280985048066,0.0002341483564598
Ceará,Mulheres,15-19,0.0004168395735441,136.5320476442149,0.0004154756446308
Ceará,Mulheres,20-24,0.0004847490055685,139.4870003926817,0.0004843015124644
Ceará,Mulheres,25-29,0.0004978833083432,125.13053093160735,0.0004977339752514
Ceará,Mulheres,30-34,0.0006449130179321,116.33658278479804,0.0006441117009132
Ceará,Mulheres,35-39,0.0008849615107562,114.50948619416354,0.000883206620683
Ceará,Mulheres,40-44,0.0011894231729271,101.38937774953384,0.0011888517497314
Ceará,Mulheres,45-49,0.0014630184872475,83.62131596852616,0.0014604450379979
Ceará,Mulheres,50-54,0.0021101915602297,80.04930791390366,0.0021085348783636
Ceará,Mulheres,55-59,0.0001058476918718,1.7843867991629891,9.879331148875731e-05
Ceará,Mulheres,60-64,0.004018463386481,60.77683720961582,0.0040181348899123
Ceará,Mulheres,65-69,0.0003878306049243,2.008293644129695,0.0002751902401985
Ceará,Mulheres,70-74,0.0064813075887947,41.03980890295505,0.0064798443556887
Ceará,Mulheres,75-79,0.0010777732269606,2.618998680228472,0.0009056411802347
Ceará,Mulheres,80-84,0.0124754405352943,22.99933464419625,0.0124536418221684
Ceará,Mulheres,85-89,0.0043086624446623,3.724234578107344,0.0040592760710874
Ceará,Mulheres,90+,0.0237306455713257,14.985878456629669,0.0235041088979415
Ceará,Homens,0,0.0046231499252935,39.70768873278535,0.0045629457807935
Ceará,Homens,1-4,0.0004343977579098,125.63888139477082,0.0004332785284636
Ceará,Homens,5-9,0.0002429450858709,137.08881528223077,0.0002423739163902
Ceará,Homens,10-14,8.495702441078858e-05,16.940842656702184,7.91789573406212e-05
Ceará,Homens,15-19,0.0019738761891173,99.48419321823552,0.0019040925794632
Ceará,Homens,20-24,0.0004581103226605,11.28625287039104,0.0003844541026298
Ceará,Homens,25-29,0.0004833763271442,9.926807614389835,0.0003065032558082
Ceará,Homens,30-34,0.0003610878126962,8.260717433315532,0.0002722099378814
Ceará,Homens,35-39,0.0019670075655062,71.14142910959657,0.0019447550266371
Ceará,Homens,40-44,0.0005306982675371,10.041175214522656,0.0004618566105502
Ceará,Homens,45-49,0.0029005980145427,68.304458981998,0.0028993033977732
Ceará,Homens,50-54,0.0004164979971477,4.815284289811426,0.0003754077058592
Ceará,Homens,55-59,0.0043292211364727,53.80797447722324,0.0043270924268123
Ceará,Homens,60-64,0.0002902131281403,1.7663785202431608,0.0002593415727951
Ceará,Homens,65-69,0.0004636079101013,1.8250841247700629,0.0003890354318157
Ceará,Homens,70-74,0.0085718427029741,32.60309497259669,0.0085579020935644
Ceará,Homens,75-79,0.0018206036765375,3.0321210167214967,0.0014991145372434
Ceará,Homens,80-84,0.013903202427878,19.32000654948679,0.0138654528318596
Ceará,Homens,85-89,0.0033768007889464,2.5954223248281125,0.0033031239779852
Ceará,Homens,90+,0.0060328525858017,2.7231761144053346,0.0050727339068512
Centro-Oeste,Ambos,0,0.0038811213207317,38.046762547243965,0.003880483692487
Centro-Oeste,Ambos,1-4,0.0004241387266837,122.10782115670018,0.0004232909069192
Centro-Oeste,Ambos,5-9,0.0002015205651435,147.1234738826563,0.0002014212923312
Centro-Oeste,Ambos,10-14,0.0002669896539178,142.75291191555203,0.0002663500836139
Centro-Oeste,Ambos,15-19,0.0001475247861279,9.281867278472802,0.0001125201429861
Centro-Oeste,Ambos,20-24,0.0001768480664565,8.607915370197713,0.0001420528215708
Centro-Oeste,Ambos,25-29,0.0001410133904747,7.500978771852355,0.0001215581002461
Centro-Oeste,Ambos,30-34,0.0011345773519589,96.09980456899066,0.0011296064940271
Centro-Oeste,Ambos,35-39,0.001353920340823,92.69759399547348,0.001350441156128
Centro-Oeste,Ambos,40-44,0.0015897311114799,80.17939227582946,0.001583711026408
Centro-Oeste,Ambos,45-49,0.0021041736092427,74.9960092180035,0.0020988851746698
Centro-Oeste,Ambos,50-54,0.0028044060843577,67.6881688949288,0.0028010377941559
Centro-Oeste,Ambos,55-59,0.0034951517075409,55.251500992752334,0.0034835389242185
Centro-Oeste,Ambos,60-64,0.0049126023045702,50.55311090659016,0.0049096382752974
Centro-Oeste,Ambos,65-69,0.0060430740158341,39.36628561463012,0.006036642203895
Centro-Oeste,Ambos,70-74,0.0070095554942179,31.03905901361103,0.0069842136399414
Centro-Oeste,Ambos,75-79,0.0091159470453736,23.516113680314845,0.009087265616022
Centro-Oeste,Ambos,80-84,0.0127347601747747,19.373242713320177,0.0127328177467374
Centro-Oeste,Ambos,85-89,0.0030574218155707,2.1195711599068408,0.0025739161582006
Centro-Oeste,Ambos,90+,0.0105949201963724,5.2352420782928215,0.0102884972435624
Centro-Oeste,Mulheres,0,0.003412300929496,36.19077488191944,0.0034039946464329
Centro-Oeste,Mulheres,1-4,0.0003972126887285,122.29404087461688,0.0003963855113279
Centro-Oeste,Mulheres,5-9,0.0001899246107113,153.5847694784899,0.0001899076314911
Centro-Oeste,Mulheres,10-14,0.0002229249960202,148.81811542185693,0.0002224543216871
Centro-Oeste,Mulheres,15-19,9.11709550694326e-05,16.443361270006385,8.484523284496711e-05
Centro-Oeste,Mulheres,20-24,0.0004616002870366,132.6475543099272,0.0004610954444302
Centro-Oeste,Mulheres,25-29,0.0005080686684769,126.76324766121492,0.0005077773255483
Centro-Oeste,Mulheres,30-34,0.0006592767085535,117.24496165101132,0.0006585024514367
Centro-Oeste,Mulheres,35-39,0.0008927800742583,111.4721109888646,0.0008915800347753
Centro-Oeste,Mulheres,40-44,0.00109278684885,89.84411470717284,0.001087458455908
Centro-Oeste,Mulheres,45-49,0.0015650299768134,86.51867319980437,0.0015635080083832
Centro-Oeste,Mulheres,50-54,0.0021603665943289,78.46335266062479,0.0021593704254981
Centro-Oeste,Mulheres,55-59,0.0027345916186187,62.520327916721406,0.0027281882494613
Centro-Oeste,Mulheres,60-64,0.0039156046935426,55.62761550321454,0.003912170781978
Centro-Oeste,Mulheres,65-69,0.0049633352070833,43.04300484261987,0.0049591765237697
Centro-Oeste,Mulheres,70-74,0.0063809568189533,36.8338164276013,0.0063711079362775
Centro-Oeste,Mulheres,75-79,0.0084475301006098,26.209173509579976,0.0084262993370936
Centro-Oeste,Mulheres,80-84,0.0115621331027878,19.74068248577338,0.0115524335379938
Centro-Oeste,Mulheres,85-89,0.005355410048425,4.047059940637685,0.0046735116080029
Centro-Oeste,Mulheres,90+,0.0056916662430379,3.0073045868201422,0.0056537347194603
Centro-Oeste,Homens,0,0.0014672882170969,10.31475095763659,0.0014269419838664
Centro-Oeste,Homens,1-4,0.000449246694948,121.89302199009258,0.0004482912102983
Centro-Oeste,Homens,5-9,0.0002131719682738,142.69606648104192,0.0002128793265579
Centro-Oeste,Homens,10-14,0.0003080210956644,137.98601153750892,0.0003071839358502
Centro-Oeste,Homens,15-19,0.0002396785598247,9.245597251722298,0.0001761163968081
Centro-Oeste,Homens,20-24,0.0004124448597442,12.293344513242314,0.0003403819910341
Centro-Oeste,Homens,25-29,0.000379047854073,12.803738957089031,0.0003406361352519
Centro-Oeste,Homens,30-34,0.0015050392400093,79.93385657124624,0.0014907076966281
Centro-Oeste,Homens,35-39,0.0017605219638709,80.47394347875097,0.0017538338098766
Centro-Oeste,Homens,40-44,0.0020403558255207,72.25102516307815,0.0020330694527948
Centro-Oeste,Homens,45-49,0.0025807125629823,66.0029686213163,0.0025682983442455
Centro-Oeste,Homens,50-54,0.0033957190908749,59.766050157714034,0.0033879989619963
Centro-Oeste,Homens,55-59,0.0042223467290521,49.711950965599456,0.0042025956164992
Centro-Oeste,Homens,60-64,0.0059874205661054,47.35744185134935,0.0059855069234048
Centro-Oeste,Homens,65-69,0.0070879010032091,36.09919678632437,0.007077598434049
Centro-Oeste,Homens,70-74,0.0076905158367613,26.98109087587707,0.0076469427865088
Centro-Oeste,Homens,75-79,0.009855956924703,21.283551621613785,0.0098222060196138
Centro-Oeste,Homens,80-84,0.0134015551038646,17.856976140727628,0.0134001838621006
Centro-Oeste,Homens,85-89,0.0035291248812209,2.318740325308775,0.0030509090233467
Centro-Oeste,Homens,90+,0.0196038628336183,9.088858123525362,0.0189233154823899
Distrito Federal,Ambos,0,0.0022322141832687,18.17368630540876,0.0019782541833272
Distrito Federal,Ambos,1-4,0.0003436610231086,141.17062034858506,0.0003432153756883
Distrito Federal,Ambos,5-9,0.0001534047096007,150.63938469495156,0.0001531571745863
Distrito Federal,Ambos,10-14,7.792706115965974e-05,25.119636294941262,6.569528970536298e-05
Distrito Federal,Ambos,15-19,0.0001502633743731,11.838830622655664,0.0001087005596546
Distrito Federal,Ambos,20-24,0.0002304813073566,16.38314501398764,0.0001979250853668
Distrito Federal,Ambos,25-29,0.0007454551916979,107.07273267584694,0.0007431075490786
Distrito Federal,Ambos,30-34,0.0007872364278425,93.20616403733897,0.0007770742588854
Distrito Federal,Ambos,35-39,0.0011315685526452,107.012263838765,0.0011309189819954
Distrito Federal,Ambos,40-44,0.0012834622981875,87.94421004248244,0.0012784761165527
Distrito Federal,Ambos,45-49,0.0017319966177812,77.11631970227974,0.0017227807676624
Distrito Federal,Ambos,50-54,0.0023133887997156,69.83797495478386,0.002307005870681
Distrito Federal,Ambos,55-59,0.0031568465952386,62.53946417046557,0.0031491904049762
Distrito Federal,Ambos,60-64,0.0040948283324261,53.70040999571727,0.0040937958816541
Distrito Federal,Ambos,65-69,0.0056137212794458,46.13590454245406,0.0056095453746466
Distrito Federal,Ambos,70-74,0.0053693765555804,26.90238463428949,0.0052409161069556
Distrito Federal,Ambos,75-79,0.0087953160088403,26.14488754657341,0.0087469138785504
Distrito Federal,Ambos,80-84,0.0112397467687739,19.387610621486875,0.0112192749942106
Distrito Federal,Ambos,85-89,0.0076107273179331,5.832294270375585,0.0064696635844291
Distrito Federal,Ambos,90+,0.0097628130525337,4.960323697059334,0.0090075787833867
Distrito Federal,Mulheres,0,0.0035280410491107,40.48543842978309,0.0032429636067908
Distrito Federal,Mulheres,1-4,0.0003111154365588,147.86187012626507,0.0003108565134129
Distrito Federal,Mulheres,5-9,3.304269305593174e-05,14.201674640848408,2.5785991776818163e-05
Distrito Federal,Mulheres,10-14,3.7410373933648486e-05,14.723409625959173,3.2831363226242565e-05
Distrito Federal,Mulheres,15-19,3.741644467009852e-05,8.592197305117224,3.305325346474331e-05
Distrito Federal,Mulheres,20-24,0.0001031041924995,18.53638141905153,8.017595307769163e-05
Distrito Federal,Mulheres,25-29,5.3582001737658455e-05,9.897109620255817,4.998782176596421e-05
Distrito Federal,Mulheres,30-34,0.000476615295596,120.32406370376856,0.0004729157339646
Distrito Federal,Mulheres,35-39,0.0007039060091454,123.21155978774816,0.000702734958458
Distrito Federal,Mulheres,40-44,0.0008799577486655,98.14726078614116,0.0008738307012282
Distrito Federal,Mulheres,45-49,0.0013121444085179,87.23870842747405,0.0013066746151151
Distrito Federal,Mulheres,50-54,0.001763784929585,75.74299328206324,0.0017554541050856
Distrito Federal,Mulheres,55-59,0.002380373242915,64.90638724877927,0.0023652195218917
Distrito Federal,Mulheres,60-64,0.000335334815467,4.181670375449947,0.0003103416339676
Distrito Federal,Mulheres,65-69,0.0047589315988533,52.0849530492228,0.004749646408293
Distrito Federal,Mulheres,70-74,0.0057826247625,40.32880802110254,0.0057717621840681
Distrito Federal,Mulheres,75-79,0.0081122228550846,29.802897467536404,0.0080922859145241
Distrito Federal,Mulheres,80-84,0.0105539618368454,20.723900531368457,0.0105283261855783
Distrito Federal,Mulheres,85-89,0.009211114361313,8.01545035711981,0.0085479522934794
Distrito Federal,Mulheres,90+,0.0130493659615768,6.38084626410216,0.01098624250959
Distrito Federal,Homens,0,0.0024582266001419,19.610991366443603,0.0023489514331781
Distrito Federal,Homens,1-4,0.0003797360145615,138.57745711892667,0.0003782414834156
Distrito Federal,Homens,5-9,0.0001333758520716,134.37897599661207,0.0001330341834517
Distrito Federal,Homens,10-14,0.0002237650634797,131.97870394249344,0.0002159632357745
Distrito Federal,Homens,15-19,0.0003178220543039,15.452127989385328,0.0002301151108597
Distrito Federal,Homens,20-24,0.0011878531963646,89.29439345956254,0.0011725378615609
Distrito Federal,Homens,25-29,0.0010453402133566,89.10696330230559,0.0010381831396182
Distrito Federal,Homens,30-34,0.00108339865094,78.64530992648675,0.0010630215409017
Distrito Federal,Homens,35-39,0.001536810783484,93.09918810618576,0.0015352133588474
Distrito Federal,Homens,40-44,0.0016805724435565,78.7196318469862,0.0016756659290319
Distrito Federal,Homens,45-49,0.0021220437961444,67.38320360905242,0.0021069561316813
Distrito Federal,Homens,50-54,0.0027034751829116,58.641879945519904,0.0026935832347623
Distrito Federal,Homens,55-59,0.0040274820673439,59.43286471956261,0.0040208734111488
Distrito Federal,Homens,60-64,0.0046627862593824,45.345787973108855,0.0046610731074847
Distrito Federal,Homens,65-69,0.006213212253292,37.69864013358688,0.0061974192465884
Distrito Federal,Homens,70-74,0.0056489802932315,16.796509902565436,0.0051506472042992
Distrito Federal,Homens,75-79,0.0034298222145526,6.179489007539949,0.0029758550410574
Distrito Federal,Homens,80-84,0.0070800147856677,8.632151160282683,0.0067581724914973
Distrito Federal,Homens,85-89,0.006534035202408,4.316388963190308,0.0051702076040706
Distrito Federal,Homens,90+,0.0504578427620874,24.60224893932609,0.0489778914709522
Espírito Santo,Ambos,0,0.0040523703588308,44.85238652416648,0.0040377175210886
Espírito Santo,Ambos,1-4,0.0004175842654978,134.5760419601211,0.0004167596419227
Espírito Santo,Ambos,5-9,0.0001906127992498,144.5289102540935,0.000186836884464
Espírito Santo,Ambos,10-14,3.820679745771716e-05,9.86397269509119,3.646937540982947e-05
Espírito Santo,Ambos,15-19,0.0010195181166859,101.51676828750104,0.0010092461691808
Espírito Santo,Ambos,20-24,5.2707470629976575e-05,1.945523113299996,3.327732116504708e-05
Espírito Santo,Ambos,25-29,0.0010801489089194,101.26687392759048,0.0010768949417543
Espírito Santo,Ambos,30-34,0.0010805230843292,97.14430553718684,0.0010748379339809
Espírito Santo,Ambos,35-39,0.0012468572330558,87.70465127978146,0.0012423760500001
Espírito Santo,Ambos,40-44,0.0016762976810591,88.47079298170112,0.0016749742165366
Espírito Santo,Ambos,45-49,0.0022306066472539,82.68755455686531,0.002229683289968
Espírito Santo,Ambos,50-54,0.0028622129615232,70.79160078715485,0.0028610747818571
Espírito Santo,Ambos,55-59,0.003572359937409,59.62729671609768,0.0035712775976499
Espírito Santo,Ambos,60-64,0.0052457100985486,60.13372565276202,0.0052387407418391
Espírito Santo,Ambos,65-69,0.006619363110386,49.53099415005996,0.0066124811035609
Espírito Santo,Ambos,70-74,0.007982436575271,40.268369719384246,0.0079810075115406
Espírito Santo,Ambos,75-79,0.0100606291581096,29.109411664774704,0.0100602322396167
Espírito Santo,Ambos,80-84,0.0125842813990338,20.78825741484593,0.0125839740595363
Espírito Santo,Ambos,85-89,0.0122636431772589,11.410847579634844,0.012211183737613
Espírito Santo,Ambos,90+,0.0050711958066788,2.735733173484831,0.0049023950520235
Espírito Santo,Mulheres,0,0.0043036225344882,51.989972840261615,0.0042602047715317
Espírito Santo,Mulheres,1-4,0.0003982703268133,140.46902536082945,0.0003976896814667
Espírito Santo,Mulheres,5-9,0.000163023895201,144.850402293071,0.0001607466909183
Espírito Santo,Mulheres,10-14,2.596916877055466e-05,8.933272232128834,2.391824999764951e-05
Espírito Santo,Mulheres,15-19,0.000125999744498,25.275228954479605,0.0001235465009156
Espírito Santo,Mulheres,20-24,9.757553574162668e-05,15.58298847597567,9.436164561504112e-05
Espírito Santo,Mulheres,25-29,0.0001269520103356,16.83139429807989,0.0001153440488707
Espírito Santo,Mulheres,30-34,0.0006311927113179,113.62112976224208,0.0006252510978602
Espírito Santo,Mulheres,35-39,0.0008590439069192,105.39524251277426,0.0008586312177694
Espírito Santo,Mulheres,40-44,0.0012009699458762,100.29918527862452,0.0012006006932164
Espírito Santo,Mulheres,45-49,0.0016240551129807,90.20209140456356,0.0016229837523694
Espírito Santo,Mulheres,50-54,0.0021451848822483,78.47683716961575,0.0021446336425409
Espírito Santo,Mulheres,55-59,0.0027052414957952,67.26185546221535,0.00270458624575
Espírito Santo,Mulheres,60-64,0.0036861190792201,61.33799169963432,0.003684698271915
Espírito Santo,Mulheres,65-69,0.0054161292712227,54.96332808794151,0.0054125345027233
Espírito Santo,Mulheres,70-74,0.0066864581225028,45.20987375993687,0.0066863497009816
Espírito Santo,Mulheres,75-79,0.0094292750720056,33.920586080638486,0.0094290703843161
Espírito Santo,Mulheres,80-84,0.0126836020736381,24.4423312816928,0.0126821108974204
Espírito Santo,Mulheres,85-89,0.0142848018103373,14.873244242683198,0.0142792856946132
Espírito Santo,Mulheres,90+,0.004459663083294,2.5060829156607967,0.0041831952123827
Espírito Santo,Homens,0,0.0041600180718632,42.97540156265837,0.0041391561270721
Espírito Santo,Homens,1-4,6.932226884669915e-05,9.84436893143876,5.570986342868429e-05
Espírito Santo,Homens,5-9,0.0002180747082689,145.72433389880177,0.0002127688607974
Espírito Santo,Homens,10-14,5.542311976045115e-05,10.63048163956222,4.906866714358643e-05
Espírito Santo,Homens,15-19,0.0015435581697608,84.84826438262928,0.0015184334606487
Espírito Santo,Homens,20-24,8.487421625146548e-05,2.566063146691325,7.300160390221223e-05
Espírito Santo,Homens,25-29,0.0015727867942693,87.25334743118479,0.0015668481411989
Espírito Santo,Homens,30-34,0.0014992068993417,88.17364746883898,0.0014938242074648
Espírito Santo,Homens,35-39,0.0015720558024208,74.97338817613952,0.0015598616472761
Espírito Santo,Homens,40-44,0.0021050517416067,79.0610190616842,0.0021023439788794
Espírito Santo,Homens,45-49,0.0027065423737932,72.34118891564097,0.0027044666257772
Espírito Santo,Homens,50-54,0.0035172877483293,63.68351482201236,0.0035132984360758
Espírito Santo,Homens,55-59,0.0043530646845728,52.941827456788616,0.0043505357514786
Espírito Santo,Homens,60-64,0.0064531298395216,53.78616145773032,0.0064361344568615
Espírito Santo,Homens,65-69,0.0075466406727992,42.94019911464317,0.007538529321943
Espírito Santo,Homens,70-74,0.0089175144537221,34.002101373267216,0.0089162644469789
Espírito Santo,Homens,75-79,0.0108184342188833,24.83174486213156,0.0108176910429743
Espírito Santo,Homens,80-84,0.011794021920931,16.02113986938013,0.0117783784668106
Espírito Santo,Homens,85-89,0.0070006311447993,4.811835533082878,0.0063524607264244
Espírito Santo,Homens,90+,0.0051900735230855,2.33709658164444,0.0047708457206456
Goiás,Ambos,0,0.0039161297639567,36.55899818081906,0.0039017375195813
Goiás,Ambos,1-4,0.0003958138113926,128.50858104317305,0.0003954953623618
Goiás,Ambos,5-9,0.0002131894641916,147.0901162568615,0.0002129482274469
Goiás,Ambos,10-14,0.0002632880277864,137.47759636421924,0.0002615051859907
Goiás,Ambos,15-19,0.0010161297946521,109.19524965364388,0.0010023194321947
Goiás,Ambos,20-24,0.0001888858859427,8.057404467584172,0.0001563525566802
Goiás,Ambos,25-29,0.000211037796692,9.600014922174545,0.0001765362020937
Goiás,Ambos,30-34,0.0012355240272191,94.00663480791182,0.0012297526729268
Goiás,Ambos,35-39,0.0013804189630028,87.87097620164515,0.0013764371244694
Goiás,Ambos,40-44,0.0015923339659547,76.73143667925201,0.0015876409324477
Goiás,Ambos,45-49,0.0020600758825055,69.98655663065077,0.0020525086605419
Goiás,Ambos,50-54,0.002765929836872,64.99166869359816,0.0027598503959496
Goiás,Ambos,55-59,0.0034283788851144,52.69526826479488,0.0034167755134386
Goiás,Ambos,60-64,0.0046081560419741,44.58336667936824,0.0045994720442057
Goiás,Ambos,65-69,0.0053244398573299,32.592777091301585,0.0052883032220019
Goiás,Ambos,70-74,0.0069259667100746,29.96896720944463,0.0069116483720864
Goiás,Ambos,75-79,0.0083185081535661,20.91194115747048,0.0082932437484384
Goiás,Ambos,80-84,0.0103832044872098,15.239600122404587,0.0103611911821978
Goiás,Ambos,85-89,0.0031256532500985,2.311342693257472,0.0028720594468235
Goiás,Ambos,90+,0.0079007480699894,3.817329625917619,0.0076396403457153
Goiás,Mulheres,0,0.0035947636821871,37.013992351738274,0.0035817125834384
Goiás,Mulheres,1-4,0.0003698239930248,131.14949712336687,0.0003692709960666
Goiás,Mulheres,5-9,0.0001939870927584,152.3662863374827,0.0001939085380653
Goiás,Mulheres,10-14,0.0002137503772123,144.96728084079646,0.000210852683252
Goiás,Mulheres,15-19,0.00037218985968,127.29253860392598,0.0003701010964402
Goiás,Mulheres,20-24,0.0004689432271398,133.00060318700687,0.0004686545402362
Goiás,Mulheres,25-29,0.0005095849226448,121.31729143923184,0.0005069041242639
Goiás,Mulheres,30-34,0.0007061052587265,116.39578140875952,0.0007053680474172
Goiás,Mulheres,35-39,0.0008780323292424,104.51819817863375,0.0008760021585764
Goiás,Mulheres,40-44,0.0011096670194718,87.51543235731918,0.0011036944339561
Goiás,Mulheres,45-49,0.0016104685108007,85.8373789320078,0.0016095666600154
Goiás,Mulheres,50-54,0.0021732152890425,77.23048154113374,0.002171363381824
Goiás,Mulheres,55-59,0.0027338416207652,58.85473243898339,0.0027244011631576
Goiás,Mulheres,60-64,0.003776507303994,49.54373318096323,0.0037703444635947
Goiás,Mulheres,65-69,0.0043129977772357,34.09252084297076,0.0042814227819738
Goiás,Mulheres,70-74,0.0059083956942942,32.48985672828025,0.005895679560596
Goiás,Mulheres,75-79,0.0076126034487084,22.694034073280356,0.0075903190011304
Goiás,Mulheres,80-84,0.0091248005189992,14.836584128621649,0.0090799638250495
Goiás,Mulheres,85-89,0.0041258749492917,3.265832618755016,0.0038426541250918
Goiás,Mulheres,90+,0.0034700954628455,1.6717126885648768,0.0032615137748508
Goiás,Homens,0,0.0041161143982884,34.90545823763245,0.004084174237905
Goiás,Homens,1-4,0.0004170426389628,124.67004797601248,0.000416534777098
Goiás,Homens,5-9,0.000231840561903,142.61356705989107,0.0002308065834661
Goiás,Homens,10-14,0.0003093374219982,131.88830519820715,0.0003079463797883
Goiás,Homens,15-19,0.0015459001935514,95.61922076115496,0.0015157779231923
Goiás,Homens,20-24,0.0019665310704724,86.9336559485839,0.0019512012397253
Goiás,Homens,25-29,0.0004119741354848,11.228360853712193,0.0003402411072538
Goiás,Homens,30-34,0.0005244812229986,15.40157258987646,0.0004726857278256
Goiás,Homens,35-39,0.0018238366380315,77.07022105808639,0.0018170116140506
Goiás,Homens,40-44,0.0020389761658188,69.12965072944411,0.0020346177133736
Goiás,Homens,45-49,0.0024283737267871,58.63886757590422,0.0024082666176306
Goiás,Homens,50-54,0.003218033022085,54.29856603223477,0.0031999893861608
Goiás,Homens,55-59,0.004016830401125,46.4743878313726,0.003997277313331
Goiás,Homens,60-64,0.0056489547274096,42.68190300338096,0.0056399162368922
Goiás,Homens,65-69,0.0064604039462514,31.723615137477733,0.0064218988120338
Goiás,Homens,70-74,0.0078363913092692,27.301139075759806,0.0078147862918104
Goiás,Homens,75-79,0.009269863034754,19.764843503657268,0.0092405183466778
Goiás,Homens,80-84,0.0125294155426092,16.462659977447622,0.0125171644226834
Goiás,Homens,85-89,0.004347106704654,2.9584182032812896,0.0039755842660376
Goiás,Homens,90+,0.0145383346186704,6.74817466386668,0.0139827220534986
Maranhão,Ambos,0,0.0038228215036878,27.783753986528136,0.0037681258485584
Maranhão,Ambos,1-4,0.0004945142291063,113.63356859041644,0.0004937284049912
Maranhão,Ambos,5-9,0.0002502399936813,146.31998244903656,0.0002495759922185
Maranhão,Ambos,10-14,0.0003009892503105,138.03577881703734,0.0003008857710204
Maranhão,Ambos,15-19,0.0001941933065685,12.185828476645904,0.0001470319646924
Maranhão,Ambos,20-24,0.0001988515100607,8.42742197810493,0.0001462652257084
Maranhão,Ambos,25-29,0.000435252774273,17.671885172270958,0.0003729356621303
Maranhão,Ambos,30-34,0.0002607688501918,9.565000240401698,0.0002106387859928
Maranhão,Ambos,35-39,0.0014838618986257,79.27568741277778,0.001471532304877
Maranhão,Ambos,40-44,0.0018103359029664,80.78680706382208,0.0018055773616116
Maranhão,Ambos,45-49,0.0022129003248224,73.41175858048825,0.0022083673638432
Maranhão,Ambos,50-54,0.0004645776003751,6.772768400861387,0.0003780530330406
Maranhão,Ambos,55-59,0.0004022671936497,4.051007913490368,0.0003193387565918
Maranhão,Ambos,60-64,0.0045948593479221,49.0322996583911,0.0045859706553738
Maranhão,Ambos,65-69,0.0066759586786195,46.00982378570232,0.0066692436035477
Maranhão,Ambos,70-74,0.0016723265096626,5.404310974745632,0.0013691084193759
Maranhão,Ambos,75-79,0.0016117842743963,3.3037200996052523,0.0013918788676065
Maranhão,Ambos,80-84,0.0010951530517792,1.2621541796304616,0.0008876735448088
Maranhão,Ambos,85-89,0.0055631825052742,4.052359332273,0.0047733572242884
Maranhão,Ambos,90+,0.0407839360955014,16.455472420257728,0.0331840803319569
Maranhão,Mulheres,0,0.0043708534142169,37.043629043199,0.0043474232933498
Maranhão,Mulheres,1-4,7.567228467640832e-05,10.22717332495542,6.428401559146074e-05
Maranhão,Mulheres,5-9,0.0002162998815619,143.32822302172318,0.0002139820229771
Maranhão,Mulheres,10-14,0.0002425466179863,145.89841797066808,0.0002424581909174
Maranhão,Mulheres,15-19,0.000396842772913,123.63190398646134,0.0003942077571115
Maranhão,Mulheres,20-24,0.0004878086415375,127.37857117384648,0.0004877222339762
Maranhão,Mulheres,25-29,0.0005742823777229,122.73186398124,0.0005737989127583
Maranhão,Mulheres,30-34,0.0007753302238642,114.64322474794945,0.0007748538184306
Maranhão,Mulheres,35-39,0.0008880462734443,90.91095149600366,0.0008847636566854
Maranhão,Mulheres,40-44,0.0012124902753081,91.76514721003898,0.0012117783505709
Maranhão,Mulheres,45-49,0.0003474533899463,9.26722372921334,0.0002737879191665
Maranhão,Mulheres,50-54,0.0022010183730941,72.84884882431791,0.0021921976765167
Maranhão,Mulheres,55-59,0.0005589395217683,6.995949631806502,0.0004370363557957
Maranhão,Mulheres,60-64,0.0008616919592489,7.998052944170335,0.0007601799845461
Maranhão,Mulheres,65-69,0.0005901488179246,3.5284674817200044,0.0005091900228972
Maranhão,Mulheres,70-74,0.0012519925521017,5.05243496417793,0.0010127368617799
Maranhão,Mulheres,75-79,0.00137042437708,3.213005147380972,0.0011460010702245
Maranhão,Mulheres,80-84,0.0008563286581938,1.0014977641480725,0.0006216894189631
Maranhão,Mulheres,85-89,0.0062773913299761,5.12118117794385,0.005498108911305
Maranhão,Mulheres,90+,0.0379149348262996,16.75946292604503,0.0316165850491252
Maranhão,Homens,0,0.0027141455244316,13.462953062940905,0.0024164469705879
Maranhão,Homens,1-4,0.0005600330362096,116.9475160987186,0.0005585279596436
Maranhão,Homens,5-9,0.0002872789618143,151.7420749773335,0.0002868587753362
Maranhão,Homens,10-14,6.848256347475249e-05,12.899833322228432,6.119695689053873e-05
Maranhão,Homens,15-19,0.0013040364780316,99.04570448015988,0.0012723201648132
Maranhão,Homens,20-24,0.000357055921286,8.925391468075459,0.0002503123630045
Maranhão,Homens,25-29,0.0019118658322339,77.48935933489469,0.0018562388587275
Maranhão,Homens,30-34,0.0005554093420079,14.230974322522188,0.0004927424318387
Maranhão,Homens,35-39,0.0006723904629795,14.788671755650636,0.000595011641597
Maranhão,Homens,40-44,0.000547264237062,9.862994185696383,0.0004495619118481
Maranhão,Homens,45-49,0.0027148521341344,66.41378703121703,0.0027097456268516
Maranhão,Homens,50-54,0.0006002137751674,6.786011319557224,0.000487131939404
Maranhão,Homens,55-59,0.0005964219087383,5.066631862191695,0.0005027889514094
Maranhão,Homens,60-64,0.0007235628380845,3.606693670993523,0.0005145686452209
Maranhão,Homens,65-69,0.0006499218063191,2.665820998476472,0.0005747303923503
Maranhão,Homens,70-74,0.0020952925507573,5.340903376276786,0.0016564423680353
Maranhão,Homens,75-79,0.0018353016143527,3.2759098242678717,0.0016168955935502
Maranhão,Homens,80-84,0.0009626843083875,1.0531077158183813,0.0008399711584423
Maranhão,Homens,85-89,0.0076592082703,5.201565699097449,0.0067167920208251
Maranhão,Homens,90+,0.0416512110321153,14.17198508118423,0.0318699010102369
Mato Grosso,Ambos,0,0.0031465490190769,26.62815792982,0.0031029284611051
Mato Grosso,Ambos,1-4,0.0005403654055098,112.48436397571643,0.0005333914784091
Mato Grosso,Ambos,5-9,0.0002040408114355,143.25906908182634,0.0002035791282031
Mato Grosso,Ambos,10-14,0.0003092138080915,144.738824345272,0.0003090483904878
Mato Grosso,Ambos,15-19,0.0002201596034469,14.72159786479516,0.0001925242159811
Mato Grosso,Ambos,20-24,0.000273817331733,12.979919629867586,0.0002251058070513
Mato Grosso,Ambos,25-29,0.0011285122561506,99.31253498784493,0.0011256503798331
Mato Grosso,Ambos,30-34,0.0011746305701737,88.23902351248346,0.0011669858007741
Mato Grosso,Ambos,35-39,0.0014024714653725,86.53685181073533,0.0013908582165424
Mato Grosso,Ambos,40-44,0.0017162861227591,78.4293571908822,0.0017083661336276
Mato Grosso,Ambos,45-49,0.0021043592477249,69.68190255031043,0.0020969317728541
Mato Grosso,Ambos,50-54,0.0029309902622767,67.90886527526044,0.0029298354666435
Mato Grosso,Ambos,55-59,0.0034525765389365,51.56937875687936,0.003437146224324
Mato Grosso,Ambos,60-64,0.005036481015767,50.02592273327904,0.0050337935031023
Mato Grosso,Ambos,65-69,0.0066406144915914,42.078644903568375,0.0066404612934857
Mato Grosso,Ambos,70-74,0.0073352278330169,31.18157582071693,0.0073163147970001
Mato Grosso,Ambos,75-79,0.0090364421413152,22.349167740994773,0.0089998630956507
Mato Grosso,Ambos,80-84,0.0122731307221028,17.931963738804665,0.0122492986346311
Mato Grosso,Ambos,85-89,0.0075197306162225,5.576677084790756,0.0070029406077645
Mato Grosso,Ambos,90+,0.0287633069603287,14.8981252325199,0.0286046266530435
Mato Grosso do Sul,Ambos,0,0.0036994410397078,36.87722273167572,0.0036772982821863
Mato Grosso do Sul,Ambos,1-4,0.0004346149146589,114.90451528023937,0.0004310436253843
Mato Grosso do Sul,Ambos,5-9,2.77268310526995e-05,9.7537058629433,2.635259679550627e-05
Mato Grosso do Sul,Ambos,10-14,4.041314943423992e-05,10.744879334335735,3.749058850718626e-05
Mato Grosso do Sul,Ambos,15-19,0.0002192619265302,18.1790082946932,0.0002036541767078
Mato Grosso do Sul,Ambos,20-24,0.0001736519692644,9.347287794662384,0.0001315362345915
Mato Grosso do Sul,Ambos,25-29,0.0010101891172201,107.63801400648408,0.0010080645769252
Mato Grosso do Sul,Ambos,30-34,0.000224168592247,11.645405063327257,0.0001995924390886
Mato Grosso do Sul,Ambos,35-39,0.0014009805021173,93.15171882687773,0.0013990508091149
Mato Grosso do Sul,Ambos,40-44,0.0003604243644982,9.946808877120482,0.0003014691436213
Mato Grosso do Sul,Ambos,45-49,0.0023300264297136,78.24060176534122,0.0023233031313731
Mato Grosso do Sul,Ambos,50-54,0.0031723571540825,69.57970675393763,0.0031699791287076
Mato Grosso do Sul,Ambos,55-59,0.0039532271348307,58.94458839950716,0.0039408555394503
Mato Grosso do Sul,Ambos,60-64,0.0054116122083037,52.68739314918995,0.0053917034875205
Mato Grosso do Sul,Ambos,65-69,0.0066926659724914,41.54430014687984,0.0066880548361544
Mato Grosso do Sul,Ambos,70-74,0.0085671596103875,37.573901304631065,0.0085507794824726
Mato Grosso do Sul,Ambos,75-79,0.0108200229523506,27.377513907523397,0.0107740590149184
Mato Grosso do Sul,Ambos,80-84,0.001070354739825,1.2896024092385197,0.0009640113878683
Mato Grosso do Sul,Ambos,85-89,0.0020617804192422,1.4780712305741035,0.0018481448053649
Mato Grosso do Sul,Ambos,90+,0.032774791701719,17.142452868708467,0.0325918833879406
Mato Grosso do Sul,Mulheres,0,0.0037277859238234,40.45042491200202,0.0036636753380203
Mato Grosso do Sul,Mulheres,1-4,0.0004182763069945,117.91256161593007,0.0004131544589654
Mato Grosso do Sul,Mulheres,5-9,3.08850223643332e-05,11.40136699887478,2.7880102726864288e-05
Mato Grosso do Sul,Mulheres,10-14,3.661945466826994e-05,11.754319231860858,3.429205968366435e-05
Mato Grosso do Sul,Mulheres,15-19,9.263012643369308e-05,14.31704729147531,7.625456154961851e-05
Mato Grosso do Sul,Mulheres,20-24,5.704574086174283e-05,6.144032694318172,3.835794451027318e-05
Mato Grosso do Sul,Mulheres,25-29,8.913705426383114e-05,10.072768550834802,7.625671808356616e-05
Mato Grosso do Sul,Mulheres,30-34,0.0001137213900212,9.794157331209034,9.682557941431576e-05
Mato Grosso do Sul,Mulheres,35-39,0.001014974342852,109.45619910755336,0.0010123114804891
Mato Grosso do Sul,Mulheres,40-44,0.0012386324925746,94.8734571145077,0.001235106046149
Mato Grosso do Sul,Mulheres,45-49,0.0016493448421547,83.20607854760856,0.001644587867044
Mato Grosso do Sul,Mulheres,50-54,0.0024395926422113,80.70499919424697,0.0024390961650823
Mato Grosso do Sul,Mulheres,55-59,0.003081859266369,67.84326920575062,0.0030798355234269
Mato Grosso do Sul,Mulheres,60-64,0.0042639051894189,59.05800215806841,0.0042475930122935
Mato Grosso do Sul,Mulheres,65-69,0.0057772582421982,48.74525149083384,0.0057747486678093
Mato Grosso do Sul,Mulheres,70-74,0.0006590223135084,2.502128124557945,0.0005359156882879
Mato Grosso do Sul,Mulheres,75-79,0.0107899795840887,33.00406375062217,0.0107651513486911
Mato Grosso do Sul,Mulheres,80-84,0.0151780732309421,25.455993656756625,0.0151631518087331
Mato Grosso do Sul,Mulheres,85-89,0.0038946286235341,2.919699894374627,0.0034170864298184
Mato Grosso do Sul,Mulheres,90+,0.0343814895644851,18.81694764741169,0.0341620477937632
Mato Grosso do Sul,Homens,0,0.0037412793815491,33.05960725054695,0.003632559033362
Mato Grosso do Sul,Homens,1-4,0.0004516889667821,112.24582128194214,0.0004485491238887
Mato Grosso do Sul,Homens,5-9,0.0002343381522447,143.67379925193504,0.0002341439366417
Mato Grosso do Sul,Homens,10-14,4.51557334969823e-05,9.415633688232724,3.754319666157184e-05
Mato Grosso do Sul,Homens,15-19,0.0003343931099065,18.323033476975883,0.0003052818684471
Mato Grosso do Sul,Homens,20-24,0.0002509918955713,8.565438980929153,0.0001836193534486
Mato Grosso do Sul,Homens,25-29,0.0013670572214888,93.70507500894506,0.0013656925940943
Mato Grosso do Sul,Homens,30-34,0.0013971804651595,85.34443136653647,0.0013904227184074
Mato Grosso do Sul,Homens,35-39,0.0017521078663361,82.50405162353088,0.0017504110976176
Mato Grosso do Sul,Homens,40-44,0.0006647501404622,13.560937677110491,0.0005706921727286
Mato Grosso do Sul,Homens,45-49,0.0007360324272359,10.35674088244312,0.0005968757005241
Mato Grosso do Sul,Homens,50-54,0.0004793972129216,4.541763342526909,0.0003745662311355
Mato Grosso do Sul,Homens,55-59,0.0047279361185492,51.36887963116983,0.0046870213404711
Mato Grosso do Sul,Homens,60-64,0.0066972719857151,49.43846220094736,0.0066802163271393
Mato Grosso do Sul,Homens,65-69,0.0075782192024255,36.44485345256258,0.0075689986655772
Mato Grosso do Sul,Homens,70-74,0.0094044526825768,32.91810242606973,0.0093796657025277
Mato Grosso do Sul,Homens,75-79,0.0109442911444935,23.2000174700028,0.0108776972516488
Mato Grosso do Sul,Homens,80-84,0.0014449458968266,1.3603308173402584,0.0011404549586852
Mato Grosso do Sul,Homens,85-89,0.0038876856467054,2.445667652751633,0.0032977211220463
Mato Grosso do Sul,Homens,90+,0.0151985074833324,6.949103257925595,0.0146503603600679
Mato Grosso,Mulheres,0,0.0031972144888969,30.15998079957412,0.0031570190025092
Mato Grosso,Mulheres,1-4,0.0005158014567284,108.13137413887532,0.0005069577123624
Mato Grosso,Mulheres,5-9,0.000183006731941,144.55315545071034,0.0001829329287734
Mato Grosso,Mulheres,10-14,0.0002628702662361,150.97542416090764,0.0002614866274634
Mato Grosso,Mulheres,15-19,9.330959027580986e-05,15.328790701150613,9.092741009158242e-05
Mato Grosso,Mulheres,20-24,5.999518605116269e-05,6.965113412682982,4.60026739497566e-05
Mato Grosso,Mulheres,25-29,0.0005382093037844,121.35189016455492,0.0005367681413176
Mato Grosso,Mulheres,30-34,0.0006734177983743,111.67467289463436,0.0006731254718355
Mato Grosso,Mulheres,35-39,0.0001109782943311,6.893881428145463,9.476412255199538e-05
Mato Grosso,Mulheres,40-44,0.0011841905817926,88.9873873786322,0.0011788329981442
Mato Grosso,Mulheres,45-49,0.0014148866779643,73.02847798084528,0.0014114194142556
Mato Grosso,Mulheres,50-54,0.0021591571862075,75.7251131619592,0.0021589553908855
Mato Grosso,Mulheres,55-59,0.0024366059785707,54.336323072539216,0.0024160501930753
Mato Grosso,Mulheres,60-64,0.0042353683170265,61.05496167581905,0.0042329798190289
Mato Grosso,Mulheres,65-69,0.0046573189123716,39.32988245931672,0.004649845859105
Mato Grosso,Mulheres,70-74,0.0062901074726605,34.65941332021327,0.0062677004979924
Mato Grosso,Mulheres,75-79,0.0084478455928083,25.23197435146859,0.0084099754680303
Mato Grosso,Mulheres,80-84,0.0112602471339465,18.46825407503183,0.0112026978807937
Mato Grosso,Mulheres,85-89,0.0078966335787629,6.19314760696311,0.0072531576047318
Mato Grosso,Mulheres,90+,0.0110792026298562,5.47922831748103,0.0103921405291785
Mato Grosso,Homens,0,0.0031885514103974,24.06707827644045,0.0030850976701747
Mato Grosso,Homens,1-4,0.0005590143140796,114.67244387904316,0.000552757768112
Mato Grosso,Homens,5-9,0.0002260626141907,143.6876604560912,0.0002246625160507
Mato Grosso,Homens,10-14,0.0003526433927924,138.49689223579983,0.0003522688477706
Mato Grosso,Homens,15-19,0.00026441273319,11.618632744711766,0.0002251387158468
Mato Grosso,Homens,20-24,0.0006278425191581,18.933628953563897,0.0005436731370235
Mato Grosso,Homens,25-29,0.0004092771665819,13.148968836445013,0.0003699972687708
Mato Grosso,Homens,30-34,0.0015742166788777,74.25033843662186,0.0015499163264228
Mato Grosso,Homens,35-39,0.0017710425118735,73.92611789572567,0.0017477766539671
Mato Grosso,Homens,40-44,0.0002920037826728,6.559632407598123,0.0002751516172526
Mato Grosso,Homens,45-49,0.0026957102433248,65.61647713731975,0.0026864506462632
Mato Grosso,Homens,50-54,0.0035503448790931,61.138001824871935,0.0035463843457683
Mato Grosso,Homens,55-59,0.0043115503499546,48.47675043009362,0.0042987321761317
Mato Grosso,Homens,60-64,0.0058388549963617,44.66913626487766,0.0058345554782216
Mato Grosso,Homens,65-69,0.0078104991650666,39.03875893740524,0.0078092340028741
Mato Grosso,Homens,70-74,0.0083100859806107,28.867316012012346,0.0082947239741619
Mato Grosso,Homens,75-79,0.0099213296197517,20.983513166146764,0.009892614355038
Mato Grosso,Homens,80-84,0.0136160488681938,17.821623307897266,0.0136076479093533
Mato Grosso,Homens,85-89,0.0067728972932058,4.767175085533096,0.0064230037603799
Mato Grosso,Homens,90+,0.0294067920671023,14.123998687758846,0.0291601649344619
Minas Gerais,Ambos,0,0.0045546971678863,49.1149143330847,0.0045236633971834
Minas Gerais,Ambos,1-4,0.0003765941672752,127.55078352304272,0.0003764855585605
Minas Gerais,Ambos,5-9,0.0001846525083799,151.46053268757734,0.0001846177397868
Minas Gerais,Ambos,10-14,0.0002450160606251,144.54146580491175,0.0002439093616923
Minas Gerais,Ambos,15-19,0.0001633571704159,13.00282331656498,0.000129281384215
Minas Gerais,Ambos,20-24,0.0002264955944217,13.910909292352006,0.0001941971959594
Minas Gerais,Ambos,25-29,0.0009129278447152,102.79643379845884,0.0009066368721593
Minas Gerais,Ambos,30-34,0.0010519336185156,98.24507036431284,0.001050159390781
Minas Gerais,Ambos,35-39,0.0013313125287551,92.68045148076524,0.00133008575059
Minas Gerais,Ambos,40-44,0.001688165901839,85.26269870929364,0.0016867050099281
Minas Gerais,Ambos,45-49,0.0022969743079332,78.16787387637709,0.0022954275183821
Minas Gerais,Ambos,50-54,0.0029848403786919,70.23961167055371,0.0029844702260427
Minas Gerais,Ambos,55-59,0.0036575735116708,57.85671120382014,0.0036536912516331
Minas Gerais,Ambos,60-64,0.0049778223140624,53.40581334743666,0.004976658207857
Minas Gerais,Ambos,65-69,0.0060654095572045,43.3577074768405,0.0060644086287535
Minas Gerais,Ambos,70-74,0.0075344992775375,37.12661020779351,0.0075341368759323
Minas Gerais,Ambos,75-79,0.0097693377800085,27.741759528260403,0.0097676474603428
Minas Gerais,Ambos,80-84,0.0121351835808772,19.75503299113683,0.0121288219967433
Minas Gerais,Ambos,85-89,0.0095947655978075,8.618236093995684,0.0094616195107596
Minas Gerais,Ambos,90+,0.0020273300964612,1.0200150204674214,0.0018491161017207
Minas Gerais,Mulheres,0,0.0045413017769745,54.36488146988741,0.0045180531084026
Minas Gerais,Mulheres,1-4,0.0003629546891038,131.67654876610737,0.0003628519995973
Minas Gerais,Mulheres,5-9,0.0001533792349961,150.91356315316517,0.0001531401427944
Minas Gerais,Mulheres,10-14,0.0001954542774282,153.90919509907786,0.0001953609927594
Minas Gerais,Mulheres,15-19,6.994650554879335e-05,16.03066905249058,6.732039682177898e-05
Minas Gerais,Mulheres,20-24,0.0004129371204521,135.36802306376487,0.000412861936011
Minas Gerais,Mulheres,25-29,0.0004584350437851,124.62983861603108,0.0004575078319567
Minas Gerais,Mulheres,30-34,0.0006225935860498,113.43884252241328,0.0006218030842017
Minas Gerais,Mulheres,35-39,0.0009009966125981,104.62301375334486,0.0008996909700839
Minas Gerais,Mulheres,40-44,0.001165720576885,93.6437373832662,0.0011643020697172
Minas Gerais,Mulheres,45-49,0.0017534971083665,89.47594096087596,0.0017527598865104
Minas Gerais,Mulheres,50-54,0.0022655746820919,79.57658083230092,0.0022649476915986
Minas Gerais,Mulheres,55-59,0.0029018986545857,67.10367881753037,0.0029012310565471
Minas Gerais,Mulheres,60-64,0.0039595727255668,58.974378446832574,0.0039593149090343
Minas Gerais,Mulheres,65-69,0.0049211785817235,46.87020385611179,0.004918837436644
Minas Gerais,Mulheres,70-74,0.0064211070754691,41.472276601681926,0.0064199723797284
Minas Gerais,Mulheres,75-79,0.0089208203191392,30.802836977614906,0.0089176814810453
Minas Gerais,Mulheres,80-84,0.0115132662647125,21.43329065897074,0.0115027307029476
Minas Gerais,Mulheres,85-89,0.0088893289778704,8.638655232109492,0.008738870976998
Minas Gerais,Mulheres,90+,0.0032535720467359,1.7232183193012802,0.0029616596290486
Minas Gerais,Homens,0,0.0045603055116737,44.85405212345931,0.0045197904852448
Minas Gerais,Homens,1-4,0.0003890550578134,123.80892165527904,0.000388824626871
Minas Gerais,Homens,5-9,0.0002148166609815,152.11007078741255,0.000214789441615
Minas Gerais,Homens,10-14,6.917933761072578e-05,15.023090811322056,5.475991428623776e-05
Minas Gerais,Homens,15-19,0.0011186777996786,105.71588939933665,0.0010955052209537
Minas Gerais,Homens,20-24,0.0003643668408326,13.50016148598368,0.0002978863700121
Minas Gerais,Homens,25-29,0.0013366977879476,93.82791206215038,0.0013249318259521
Minas Gerais,Homens,30-34,0.0014151632778273,86.37638980840346,0.0014116100064824
Minas Gerais,Homens,35-39,0.0017243792080124,84.19617772165552,0.0017228031988952
Minas Gerais,Homens,40-44,0.0021740463429587,78.45195553783158,0.0021725210628956
Minas Gerais,Homens,45-49,0.0028212468921276,70.50716911222746,0.0028189674288114
Minas Gerais,Homens,50-54,0.0037031310459537,63.94909479298592,0.0037028030564339
Minas Gerais,Homens,55-59,0.004415215997242,51.74449013929693,0.0044089313289376
Minas Gerais,Homens,60-64,0.0059223048323801,48.08026195257741,0.0059156829486748
Minas Gerais,Homens,65-69,0.0072456150915967,40.218693480862655,0.0072431066780361
Minas Gerais,Homens,70-74,0.008548250170475,32.643224342158895,0.0085481490996314
Minas Gerais,Homens,75-79,0.0103776685833752,23.783687141672672,0.0103770846849971
Minas Gerais,Homens,80-84,0.0128554454347418,17.698228727347313,0.0128503157623958
Minas Gerais,Homens,85-89,0.0058717238537706,4.149976813777552,0.00545360000302
Minas Gerais,Homens,90+,0.0011400033429114,0.4766867180238134,0.0009575267857249
Nordeste,Ambos,0,0.0021024931942702,12.981049388099692,0.0019731956732118
Nordeste,Ambos,1-4,0.0004096911768218,116.12247134472888,0.0004096028192044
Nordeste,Ambos,5-9,0.0002164245876626,146.36732106408152,0.0002163581666016
Nordeste,Ambos,10-14,0.0002901573901308,140.68309874830203,0.0002899281137039
Nordeste,Ambos,15-19,0.0011687593860966,116.61335965486572,0.0011576512065594
Nordeste,Ambos,20-24,0.0001442500374475,6.174682493327212,0.0001293042275035
Nordeste,Ambos,25-29,0.0001872207974618,6.31065388635034,0.0001261241155259
Nordeste,Ambos,30-34,0.0013604602415287,95.20557937936218,0.0013564274766275
Nordeste,Ambos,35-39,0.001524985648819,89.18120864013844,0.0015205439254701
Nordeste,Ambos,40-44,0.0018783563561148,83.93972353768447,0.0018758124597002
Nordeste,Ambos,45-49,0.0023030783965168,74.05905978290897,0.0022981263477168
Nordeste,Ambos,50-54,0.0030043453217302,67.52984542337904,0.0030028636618501
Nordeste,Ambos,55-59,0.0004224293978913,4.061375017749054,0.0003429541609869
Nordeste,Ambos,60-64,0.0003986092799871,2.474137247458392,0.0003037154620033
Nordeste,Ambos,65-69,0.0003117927117371,1.464708746851907,0.0002656526432122
Nordeste,Ambos,70-74,0.007671425807598,35.64654248848931,0.0076628834212697
Nordeste,Ambos,75-79,0.0012647959517166,2.2787505057660704,0.0009613083045335
Nordeste,Ambos,80-84,0.0138626687116479,21.98080712706104,0.0138546680193639
Nordeste,Ambos,85-89,0.003180280228515,2.377220006131542,0.0027970929760845
Nordeste,Ambos,90+,0.0147981333811328,7.959368415467025,0.0145947950353464
Nordeste,Mulheres,0,0.0009772373059808,6.595681244575586,0.0008778992126889
Nordeste,Mulheres,1-4,2.538497369243408e-05,3.176633777505141,1.606365402314616e-05
Nordeste,Mulheres,5-9,0.00019364304311,150.12684485386552,0.0001934845874662
Nordeste,Mulheres,10-14,0.0002293237979262,148.76457544341594,0.0002293092459042
Nordeste,Mulheres,15-19,0.0003969529994312,133.6665233936515,0.0003962918683534
Nordeste,Mulheres,20-24,0.0004818083903583,133.3533245588721,0.0004817930745626
Nordeste,Mulheres,25-29,0.0005367031142234,125.0862993144286,0.0005365301955059
Nordeste,Mulheres,30-34,0.0006933921591478,116.05141923488908,0.0006928955802447
Nordeste,Mulheres,35-39,0.000931485140625,106.24622927171843,0.0009303556692104
Nordeste,Mulheres,40-44,0.0012903192702896,98.62346931113842,0.0012902262904356
Nordeste,Mulheres,45-49,0.0001546944401388,4.161052944833664,0.0001167005252148
Nordeste,Mulheres,50-54,0.0022809346494199,75.94163167506855,0.002280410105252
Nordeste,Mulheres,55-59,0.0029476500517596,63.605087808839,0.0029437480430756
Nordeste,Mulheres,60-64,0.0040477968748646,56.06405804477331,0.0040470535029084
Nordeste,Mulheres,65-69,0.0002206599412273,1.0883583011764346,0.0001572407871827
Nordeste,Mulheres,70-74,0.0065438850931024,39.32449256062448,0.0065379524601861
Nordeste,Mulheres,75-79,0.0011722281285877,2.567427916082592,0.0009142951711162
Nordeste,Mulheres,80-84,0.0128121809631982,22.976966586020257,0.0128099299759595
Nordeste,Mulheres,85-89,0.0036866880305925,2.917607850859804,0.0031917914738227
Nordeste,Mulheres,90+,0.009308969520365,5.249644486194921,0.0091982439794646
Nordeste,Homens,0,0.0026088840450813,14.713407038656229,0.0024527327440789
Nordeste,Homens,1-4,0.0004449473105975,118.8166342075928,0.0004448643153478
Nordeste,Homens,5-9,0.0002387610534597,144.3573182081808,0.000238746302649
Nordeste,Homens,10-14,0.0003458474336926,134.24366122305153,0.0003452357872346
Nordeste,Homens,15-19,0.0018067542471871,102.233790591527,0.0017785908504643
Nordeste,Homens,20-24,0.0024281038945166,96.05373346512256,0.0024090606690107
Nordeste,Homens,25-29,0.0003407076707071,6.521192719715999,0.0002173563346676
Nordeste,Homens,30-34,0.0002832952335922,6.397854290288518,0.0002141621195073
Nordeste,Homens,35-39,0.0020582302914607,77.56950122800274,0.0020488465681871
Nordeste,Homens,40-44,0.0023978155015684,72.36138922238177,0.002388937618706
Nordeste,Homens,45-49,0.0028796044139812,64.96142070136413,0.0028695232296426
Nordeste,Homens,50-54,0.0036984054088392,60.19534693640406,0.0036950304250137
Nordeste,Homens,55-59,0.000371901454753,2.8717204572767487,0.0003153914160037
Nordeste,Homens,60-64,0.0007680287271017,3.779854904061443,0.0006025513073898
Nordeste,Homens,65-69,0.0006341489672199,2.7635919480159497,0.0006195412400945
Nordeste,Homens,70-74,0.0008981655772042,2.158130287716281,0.0006906706270439
Nordeste,Homens,75-79,0.00151527406353,2.252695079474877,0.0011466134425499
Nordeste,Homens,80-84,0.001558398382462,1.8252111173395549,0.0014676461474715
Nordeste,Homens,85-89,0.0018917235519862,1.2540043697588503,0.001632255610696
Nordeste,Homens,90+,0.0213191344713651,10.388055354824262,0.0206600873104612
Norte,Ambos,0,0.00547494178795,41.81878555851779,0.0054155629016232
Norte,Ambos,1-4,0.0005692185429389,119.40703218671314,0.0005690145558144
Norte,Ambos,5-9,0.0002628214994758,139.82514914326117,0.0002626923067839
Norte,Ambos,10-14,0.0003110268653867,137.54624444707736,0.0003108618816132
Norte,Ambos,15-19,6.727948072907069e-05,4.470967340821266,6.327565055721665e-05
Norte,Ambos,20-24,0.00010379400085,4.78456362439033,9.712868752454704e-05
Norte,Ambos,25-29,6.582248296884979e-05,2.798408281194121,5.7026866081990365e-05
Norte,Ambos,30-34,0.0013924254652231,97.27412138250058,0.0013902554142261
Norte,Ambos,35-39,0.0001759938008985,5.755836230222598,0.0001392376506687
Norte,Ambos,40-44,0.0017115421844838,85.20321159489399,0.0017103459096905
Norte,Ambos,45-49,0.0021043022825215,75.43501553975615,0.0020989888334775
Norte,Ambos,50-54,0.0027782541594293,68.48162293970186,0.0027772052136239
Norte,Ambos,55-59,0.0036909567320959,60.03374506279402,0.0036900212700944
Norte,Ambos,60-64,0.0048312473171606,50.160094033326885,0.0048307608130526
Norte,Ambos,65-69,0.0065370956693704,43.64096247975143,0.0065340343325024
Norte,Ambos,70-74,0.0005201394899438,2.0286657186261188,0.0005151285171861
Norte,Ambos,75-79,0.0004696139313987,0.9536449589947872,0.0004056855857426
Norte,Ambos,80-84,0.0132532736382303,20.736640518945183,0.0132418768939283
Norte,Ambos,85-89,0.0054340768640619,4.159137401204164,0.0049617695797481
Norte,Ambos,90+,0.0104881647549354,5.2142429552114855,0.0100619327065855
Norte,Mulheres,0,0.000584899971636,3.833479731509703,0.0005472792456534
Norte,Mulheres,1-4,0.000528207047873,122.81020114448089,0.0005279324285585
Norte,Mulheres,5-9,0.0002279570087165,142.80548393988283,0.0002276754256029
Norte,Mulheres,10-14,0.0002581807738017,143.25620504683187,0.0002580987672557
Norte,Mulheres,15-19,0.0004485240292079,130.98979736294712,0.000448475519209
Norte,Mulheres,20-24,0.0004922333431952,123.04809334793468,0.0004921412160176
Norte,Mulheres,25-29,0.0006057694869409,123.1296122905789,0.0006056095991859
Norte,Mulheres,30-34,0.000719579491969,111.90073600519352,0.0007191034128694
Norte,Mulheres,35-39,0.0009351158960685,104.78081631442488,0.0009350804245213
Norte,Mulheres,40-44,0.0012404704986561,97.85954437261938,0.001240451913792
Norte,Mulheres,45-49,0.0015706943813019,83.2586324386552,0.0015683838862561
Norte,Mulheres,50-54,0.0021665727117891,77.31796459653172,0.0021655250367152
Norte,Mulheres,55-59,0.002912752549179,65.71791871265475,0.0029121636821929
Norte,Mulheres,60-64,0.0040742394808434,56.99083706949334,0.0040719377267599
Norte,Mulheres,65-69,0.0055049273298026,48.2748766819775,0.0055011051953317
Norte,Mulheres,70-74,0.0065887258975486,38.91499562801461,0.0065879831761409
Norte,Mulheres,75-79,0.0091965443644366,29.377144278269512,0.0091960776248291
Norte,Mulheres,80-84,0.0117923417625532,20.801312762916854,0.0117903324383312
Norte,Mulheres,85-89,0.0058715626946184,4.58724901155446,0.0051002913023986
Norte,Mulheres,90+,0.0014059421385529,0.6640055603345166,0.0012365040260821
Norte,Homens,0,0.0006726783266847,2.8749611178699768,0.000499205234904
Norte,Homens,1-4,0.000604059248357,115.33021827948188,0.0006038676131476
Norte,Homens,5-9,0.0002959129397619,137.63314197357948,0.0002957934840642
Norte,Homens,10-14,0.0003606100307199,133.20401684203597,0.0003602045723962
Norte,Homens,15-19,0.0016082461113128,109.0689223543474,0.0016045178146315
Norte,Homens,20-24,0.0002294966225183,6.259542729663205,0.000213194421403
Norte,Homens,25-29,0.0001380886064014,3.732057284650582,0.0001224827794454
Norte,Homens,30-34,0.0001778382556487,3.8775813397213104,0.0001257417994854
Norte,Homens,35-39,0.001991199585339,82.87211673979743,0.0019860521195748
Norte,Homens,40-44,0.0021218628407183,76.20531573469017,0.0021177315405648
Norte,Homens,45-49,0.0025258273166024,67.43290140827696,0.0025148101422497
Norte,Homens,50-54,0.0034486672691982,65.51209778647318,0.0034481558004808
Norte,Homens,55-59,0.0043791387938882,55.51501769099215,0.004377168111654
Norte,Homens,60-64,0.0053768933897247,44.04542545524185,0.0053737411146155
Norte,Homens,65-69,0.0003942233106189,1.6139710717974265,0.0003570035691911
Norte,Homens,70-74,0.0091871212207186,34.40271648236265,0.0091820570836193
Norte,Homens,75-79,0.0004308505178145,0.746820851534243,0.0003715148070003
Norte,Homens,80-84,0.0143774606243632,19.767397418715355,0.0143368863221362
Norte,Homens,85-89,0.0071824026267394,5.211972299326995,0.0068160716715821
Norte,Homens,90+,0.0115242527463935,5.167923870049322,0.0107908201758132
Paraná,Ambos,0,0.0037914278355054,43.58241667282684,0.0037800349779713
Paraná,Ambos,1-4,0.000352587575703,136.19728161044836,0.0003522060573942
Paraná,Ambos,5-9,8.09437761000481e-06,3.844015783190211,7.704623512397193e-06
Paraná,Ambos,10-14,0.0002239586024864,147.4238611534742,0.0002231596715118
Paraná,Ambos,15-19,4.353351587679088e-05,4.053920856033487,4.199335792955498e-05
Paraná,Ambos,20-24,5.608621825182296e-05,3.456671714141214,5.1893664005249343e-05
Paraná,Ambos,25-29,6.43441191831278e-05,3.89251968493866,5.7892133335501895e-05
Paraná,Ambos,30-34,0.0001282664161771,6.049670750036765,9.931598165234464e-05
Paraná,Ambos,35-39,0.0013690015776822,104.06462227098405,0.0013685297322052
Paraná,Ambos,40-44,0.001691420903723,91.80748271720412,0.0016870139521841
Paraná,Ambos,45-49,0.002080521480627,77.26251298021523,0.0020770231981609
Paraná,Ambos,50-54,0.0027932621157749,69.48097989987578,0.00278697253762
Paraná,Ambos,55-59,0.0036511005211776,58.82590692597846,0.0036446529286833
Paraná,Ambos,60-64,0.0050431624939665,51.95725834789591,0.0050425683265817
Paraná,Ambos,65-69,0.00605548526215,39.60365858506318,0.0060446462628399
Paraná,Ambos,70-74,0.0068730376224761,28.92327144098,0.0068427305796521
Paraná,Ambos,75-79,0.0087274847394762,21.279232394469236,0.0086928455718929
Paraná,Ambos,80-84,0.0091927760823711,12.602470418493064,0.0090206331265559
Paraná,Ambos,85-89,0.0106870440337034,7.432234902140662,0.0098226616037091
Paraná,Ambos,90+,0.0196425758959567,9.42387542305963,0.0195624816535299
Paraná,Mulheres,0,0.0035181144996835,44.23557051966398,0.0034929672763055
Paraná,Mulheres,1-4,0.0003259494861505,140.31407921274464,0.0003253742863321
Paraná,Mulheres,5-9,0.0001681966403456,159.87833967362212,0.0001681108022228
Paraná,Mulheres,10-14,2.1858021085418947e-05,8.323632885145708,1.964076067055161e-05
Paraná,Mulheres,15-19,7.571119340666005e-05,14.773210674267997,7.020433526029726e-05
Paraná,Mulheres,20-24,7.148257646072371e-05,11.41561283619568,6.242908073696762e-05
Paraná,Mulheres,25-29,0.0004724529488627,127.8472383390388,0.0004713275043486
Paraná,Mulheres,30-34,0.0006376027557204,120.51025461716132,0.0006372025343266
Paraná,Mulheres,35-39,0.0008520762015491,112.02245349922453,0.0008515964246708
Paraná,Mulheres,40-44,0.001185060865166,102.31808687090206,0.001181754893197
Paraná,Mulheres,45-49,0.001585561962693,89.97697433588664,0.0015844640235823
Paraná,Mulheres,50-54,0.0020397541616356,76.28381347940812,0.0020334255065894
Paraná,Mulheres,55-59,0.0028843211237543,67.2431889375207,0.0028767013507922
Paraná,Mulheres,60-64,0.0039963469706818,57.99301705826117,0.0039936698927674
Paraná,Mulheres,65-69,0.0048986204572159,41.916111848063736,0.0048758495241539
Paraná,Mulheres,70-74,0.0065411519185045,36.676687972223874,0.0065224386115047
Paraná,Mulheres,75-79,0.0087279765088031,26.19182894978041,0.0086944135558464
Paraná,Mulheres,80-84,0.0103279697739148,16.498109568415423,0.0102126070656842
Paraná,Mulheres,85-89,0.007843897505726,5.571877292631354,0.0067368389970141
Paraná,Mulheres,90+,0.0198814101344545,10.13560017163105,0.0197971380841086
Paraná,Homens,0,0.0041804914180283,44.47380675578447,0.0041661668989569
Paraná,Homens,1-4,0.0003766677510779,132.01429739060129,0.0003763614857648
Paraná,Homens,5-9,0.0001722474540411,143.93959566259446,0.0001720958323947
Paraná,Homens,10-14,0.0002464467175165,138.36897642417827,0.0002441075854025
Paraná,Homens,15-19,9.192179464118688e-05,5.221870678613334,8.501577871653323e-05
Paraná,Homens,20-24,0.000116350146106,4.13629142937234,0.000102008956454
Paraná,Homens,25-29,0.0001523324992198,6.502782214047557,0.0001490262918316
Paraná,Homens,30-34,0.000121851027583,3.622726424380281,8.542159588774195e-05
Paraná,Homens,35-39,0.0018406394325023,95.60019953072964,0.0018402490269327
Paraná,Homens,40-44,0.0021475211992449,82.46976919528637,0.0021414041169915
Paraná,Homens,45-49,0.0025573247436932,68.72039085554597,0.0025494067805711
Paraná,Homens,50-54,0.0034297346383254,61.124676396573584,0.003418560946845
Paraná,Homens,55-59,0.0043188438965679,51.08520973648913,0.0043111977368621
Paraná,Homens,60-64,0.0059106669428865,45.21179817810223,0.0059092910062583
Paraná,Homens,65-69,0.0071951307305996,36.76906544304141,0.0071883022509447
Paraná,Homens,70-74,0.0069952384171567,22.535758943630796,0.0069419744946461
Paraná,Homens,75-79,0.007770859072844,14.996618628794556,0.0076654738146873
Paraná,Homens,80-84,0.0074026171518197,8.314705509780088,0.0070917233231555
Paraná,Homens,85-89,0.0128586484606415,8.230189344484954,0.0122185625980061
Paraná,Homens,90+,0.0228104296600991,9.848818077239851,0.0225803597896812
Paraíba,Ambos,0,0.0035416612098704,30.410847478862816,0.0033849976115903
Paraíba,Ambos,1-4,0.0003760878737259,107.5987350713821,0.0003756725567389
Paraíba,Ambos,5-9,0.0002240564710468,155.6247797888334,0.0002238981609397
Paraíba,Ambos,10-14,0.0002741022377163,143.167160629793,0.0002732108822125
Paraíba,Ambos,15-19,0.0003275235914969,20.65457964082594,0.0002761218879629
Paraíba,Ambos,20-24,0.001200573338091,103.52376242665528,0.0011881877944863
Paraíba,Ambos,25-29,0.0011582676882139,98.28990210940653,0.0011469548989453
Paraíba,Ambos,30-34,0.000277920424694,12.021810686835863,0.0002435624392329
Paraíba,Ambos,35-39,0.0003490134988239,12.389037073281823,0.00030974869609
Paraíba,Ambos,40-44,0.0002103978984437,5.349827208057902,0.0001725725402587
Paraíba,Ambos,45-49,0.0024744400395601,77.21208446351818,0.0024709867556788
Paraíba,Ambos,50-54,0.0004288817629327,6.408332854155059,0.0003912493166854
Paraíba,Ambos,55-59,0.003662072478621,56.36960363273089,0.0036519299125884
Paraíba,Ambos,60-64,0.0002458606008458,1.7955935096856324,0.0002247343478427
Paraíba,Ambos,65-69,0.0073124629499678,49.59264485695488,0.0073106021351114
Paraíba,Ambos,70-74,0.0079516215544933,37.41299781703463,0.0079439000524576
Paraíba,Ambos,75-79,0.0014561069417347,2.893044284073924,0.0012171626177969
Paraíba,Ambos,80-84,0.0129070642929752,20.33151446693558,0.0128993314123098
Paraíba,Ambos,85-89,0.0033748145146626,2.605417770480665,0.0030432426763724
Paraíba,Ambos,90+,0.0092114383013487,4.858344942098539,0.00880373300933
Paraíba,Mulheres,0,0.0040336220260247,37.970692204585504,0.0038334169396088
Paraíba,Mulheres,1-4,0.0003785339003802,119.21352940583296,0.0003783022002055
Paraíba,Mulheres,5-9,0.0002053809953106,155.648869739433,0.0002050424380049
Paraíba,Mulheres,10-14,1.3024515042442752e-05,3.5734507037640677,9.99777089843052e-06
Paraíba,Mulheres,15-19,0.0001014174418136,14.96600401067328,6.741213959493748e-05
Paraíba,Mulheres,20-24,3.499264747530565e-05,4.673673703920576,2.9223189459564212e-05
Paraíba,Mulheres,25-29,0.000135239825864,18.042675577628035,0.0001223533124358
Paraíba,Mulheres,30-34,0.0006351616097543,111.07677033878385,0.0006343863256727
Paraíba,Mulheres,35-39,5.663633808627913e-05,4.046959139555482,5.592491673108982e-05
Paraíba,Mulheres,40-44,0.0012952243607994,102.0656195140918,0.0012948654379609
Paraíba,Mulheres,45-49,0.0017306515184364,85.59961837215869,0.0017267613970501
Paraíba,Mulheres,50-54,0.002292011303757,78.44156285845628,0.0022900221625752
Paraíba,Mulheres,55-59,0.0028146510463317,60.83674491491464,0.0028047987833022
Paraíba,Mulheres,60-64,0.0044828648032715,62.30251519545682,0.0044824026675313
Paraíba,Mulheres,65-69,0.0063619310748697,55.70953096282185,0.0063566815270945
Paraíba,Mulheres,70-74,0.0068452930659469,41.5244265268442,0.0068419651130466
Paraíba,Mulheres,75-79,0.0013298599952854,3.0381873524324066,0.0010808676467167
Paraíba,Mulheres,80-84,0.0121204416673012,21.53890719620284,0.0121132960605335
Paraíba,Mulheres,85-89,0.0033432527316485,2.851866849836941,0.0030787181160875
Paraíba,Mulheres,90+,0.0205218170203456,12.190978039129291,0.0199556041358815
Paraíba,Homens,0,0.0017630592652992,12.856182609570205,0.0016615735678174
Paraíba,Homens,1-4,0.0003780608027068,99.6932210049845,0.0003768296753256
Paraíba,Homens,5-9,0.0002443359010941,158.6079817878906,0.0002441511082548
Paraíba,Homens,10-14,7.702687121509351e-05,16.744189307466517,6.610159506760398e-05
Paraíba,Homens,15-19,0.0005819778719436,23.04383967172547,0.0005091622788327
Paraíba,Homens,20-24,0.0017986533652239,89.09414818250646,0.001770955490896
Paraíba,Homens,25-29,0.0017543535665123,85.11991870363188,0.0017317161071548
Paraíba,Homens,30-34,0.0004758067802331,13.108110188816465,0.0004179022539545
Paraíba,Homens,35-39,0.0006746470697462,16.578805367372535,0.0006136564777903
Paraíba,Homens,40-44,0.0004555742880221,7.598842665675296,0.0003556737297425
Paraíba,Homens,45-49,0.0003789966040156,5.010532939912911,0.0003123894476212
Paraíba,Homens,50-54,0.0008017406278756,9.031069276849442,0.0007597787455302
Paraíba,Homens,55-59,0.0008821021638209,7.0688499731618375,0.0007973202515044
Paraíba,Homens,60-64,0.0006191933058869,3.083479342885456,0.0005047245403653
Paraíba,Homens,65-69,0.008224834275381,43.10717952894933,0.0082170050093457
Paraíba,Homens,70-74,0.0009960870103857,2.691170468371355,0.0008692779127009
Paraíba,Homens,75-79,0.0018485857684253,3.083263948899333,0.0015798773865926
Paraíba,Homens,80-84,0.001600921392159,1.7232958150878337,0.0014155150325363
Paraíba,Homens,85-89,0.0017112294543256,1.0968159673755589,0.0014356405612494
Paraíba,Homens,90+,0.0100629155057496,4.963154469486611,0.0099651875064515
Pará,Ambos,0,0.0050295862863787,38.22711325979593,0.0050090329882882
Pará,Ambos,1-4,0.0005588577479121,122.39737598090429,0.0005586773135347
Pará,Ambos,5-9,5.018249277215779e-05,13.066890631136602,4.393060541204743e-05
Pará,Ambos,10-14,0.0003095891151466,139.3552290053056,0.0003086739702001
Pará,Ambos,15-19,0.001124431237451,120.05001633308324,0.0011208605394763
Pará,Ambos,20-24,0.0016070777648491,112.112180418796,0.0016022307214286
Pará,Ambos,25-29,0.0001102326392205,4.872407408494222,0.0001058295940707
Pará,Ambos,30-34,0.0001553726111781,5.237063775622439,0.0001165249882716
Pará,Ambos,35-39,0.0016160562337242,96.6068484308031,0.0016149232154996
Pará,Ambos,40-44,0.0017615717188846,86.04062775506058,0.0017595152766859
Pará,Ambos,45-49,0.0021435310233471,77.39632090363521,0.0021342508300737
Pará,Ambos,50-54,0.0029211466907916,74.1646622368193,0.0029201539585463
Pará,Ambos,55-59,0.0036778269991816,60.703623522720505,0.0036768263940792
Pará,Ambos,60-64,0.0046449200503404,48.21383557733673,0.004641556955366
Pará,Ambos,65-69,0.0064308399938255,43.5192603650674,0.0064276306318127
Pará,Ambos,70-74,0.008087531104862,37.73287620158278,0.0080855910694874
Pará,Ambos,75-79,0.0097568271906906,26.132732470283557,0.0097559171675646
Pará,Ambos,80-84,0.012561708558021,19.78691811330308,0.0125560654233077
Pará,Ambos,85-89,0.0053626046059171,4.245865252132493,0.0049495061346309
Pará,Ambos,90+,0.0161042127425094,8.19255605981738,0.0155627204642657
Pará,Mulheres,0,0.005533771487973,48.44696264920341,0.0054740303653548
Pará,Mulheres,1-4,0.0005055476919204,121.72480761365628,0.0005048950767288
Pará,Mulheres,5-9,0.0002209113401509,142.05888756857206,0.0002205237163937
Pará,Mulheres,10-14,0.000246344810183,142.83169026973798,0.0002461718276941
Pará,Mulheres,15-19,0.0004233809959219,130.62760036730182,0.0004231275714386
Pará,Mulheres,20-24,0.0005235200718048,123.2069916225226,0.0005233597459772
Pará,Mulheres,25-29,0.0006236915816165,123.71087054343596,0.0006235635225042
Pará,Mulheres,30-34,0.0007347417167911,113.85383156206206,0.0007326956575578
Pará,Mulheres,35-39,0.0009964719396794,109.8517986164644,0.0009958756571339
Pará,Mulheres,40-44,0.0012571758748358,101.46577542046754,0.001256838811596
Pará,Mulheres,45-49,0.0001098480126718,3.20522437102304,8.329719193897857e-05
Pará,Mulheres,50-54,0.0022764772639953,81.91271556509629,0.0022747253038508
Pará,Mulheres,55-59,0.0028775237402777,64.52689867949239,0.0028756514577859
Pará,Mulheres,60-64,0.004230066327454,59.81898583385746,0.0042282115034903
Pará,Mulheres,65-69,0.0053990664241003,48.74319901170299,0.005395603586553
Pará,Mulheres,70-74,0.0066969898575423,40.658531960096575,0.0066967399973378
Pará,Mulheres,75-79,0.0088987353701561,28.84416086216134,0.0088977158015266
Pará,Mulheres,80-84,0.010570101686965,18.823279364975264,0.0105606979573328
Pará,Mulheres,85-89,0.0064055065833291,5.322432623508966,0.0057846540691777
Pará,Mulheres,90+,0.0105722728108773,5.661150996937413,0.0102690495316689
Pará,Homens,0,0.0054809981034526,37.74963143416321,0.0054258396113752
Pará,Homens,1-4,0.0006052165805672,121.25546031800742,0.0006050505254692
Pará,Homens,5-9,0.0002968704445558,135.30185669401143,0.0002961782996596
Pará,Homens,10-14,8.070386229202888e-05,14.565195842303687,6.915196644552115e-05
Pará,Homens,15-19,0.0001741497304626,6.847160928400367,0.0001632875431691
Pará,Homens,20-24,0.0025656457521023,102.1458007060515,0.0025536415627864
Pará,Homens,25-29,0.0023888264536049,98.77607640865342,0.0023799189861316
Pará,Homens,30-34,0.0001919919217991,3.8026629504676697,0.0001292730811213
Pará,Homens,35-39,0.0021607441375707,87.08229494140663,0.0021561730040693
Pará,Homens,40-44,0.0022278625430087,77.60762939689336,0.0022216141925762
Pará,Homens,45-49,0.0025603168477616,68.06048682474265,0.0025404339627011
Pará,Homens,50-54,0.0033863894067768,65.19516582817076,0.0033848118707181
Pará,Homens,55-59,0.0044411686918991,57.92813977621385,0.0044408770866635
Pará,Homens,60-64,0.0051145524863969,42.02205028204375,0.005104368438995
Pará,Homens,65-69,0.0074222288900864,39.99979519984495,0.0074165768393965
Pará,Homens,70-74,0.0093006595038737,34.77542645154102,0.0092962576892194
Pará,Homens,75-79,0.0105816894194659,23.70246055717625,0.0105802465393841
Pará,Homens,80-84,0.0137259967955325,18.74322311143284,0.0137109581642114
Pará,Homens,85-89,0.0068511653860636,5.006996641320861,0.0064587953635912
Pará,Homens,90+,0.016714017192346,7.5537196100513375,0.015784703242456
Pernambuco,Ambos,0,0.0010411822785844,6.425412649088,0.0008407802808066
Pernambuco,Ambos,1-4,0.0003878079215425,120.02368517467016,0.0003871155313245
Pernambuco,Ambos,5-9,0.0001864127290524,146.08895681101504,0.0001861105625166
Pernambuco,Ambos,10-14,0.0002767370113818,151.26169461215437,0.0002765947680598
Pernambuco,Ambos,15-19,0.0001640448847202,9.071344944680735,0.0001368584568652
Pernambuco,Ambos,20-24,0.0015218342653018,105.9645968649808,0.0015138232604177
Pernambuco,Ambos,25-29,0.0014161641394446,102.7956153983546,0.001411009255042
Pernambuco,Ambos,30-34,0.0013989362870395,94.4168042213872,0.0013963892349631
Pernambuco,Ambos,35-39,0.001522076249788,87.78763219274633,0.0015186696530398
Pernambuco,Ambos,40-44,0.0019936205674701,86.33475409739975,0.0019927756684704
Pernambuco,Ambos,45-49,0.0024116285435137,72.37205992262513,0.0024030062113297
Pernambuco,Ambos,50-54,0.0032057338825168,64.08596360347964,0.0032017352972904
Pernambuco,Ambos,55-59,0.0042194546083392,59.2675694915661,0.0042174222812177
Pernambuco,Ambos,60-64,0.0052458764845882,47.65151064438676,0.0052317384033401
Pernambuco,Ambos,65-69,0.0068624336448292,40.36115183164915,0.006851558608996
Pernambuco,Ambos,70-74,0.0083515239247164,35.033608846321926,0.0083215933406617
Pernambuco,Ambos,75-79,0.001302587160118,2.547938067650023,0.0011563099527394
Pernambuco,Ambos,80-84,0.0129124871101561,18.58991037535557,0.012839570045136
Pernambuco,Ambos,85-89,0.0060577630402393,3.807324690524604,0.004749301482191
Pernambuco,Ambos,90+,0.0163440676262184,8.191147497892695,0.0160740815579183
Pernambuco,Mulheres,0,0.0014389634313926,10.27602690458924,0.0012669759551176
Pernambuco,Mulheres,1-4,0.0003620992515177,114.54268122408054,0.0003612175633198
Pernambuco,Mulheres,5-9,0.0001726101971935,153.29542345347502,0.0001725339738561
Pernambuco,Mulheres,10-14,0.0001994190570329,148.30031833494584,0.0001991435495293
Pernambuco,Mulheres,15-19,0.0003731998401585,134.50773722713149,0.0003729037893152
Pernambuco,Mulheres,20-24,0.0004678115486505,135.18036583785482,0.0004677020564186
Pernambuco,Mulheres,25-29,0.0005510194717505,131.53368139206455,0.0005506598619676
Pernambuco,Mulheres,30-34,0.0006921306057697,112.87233039197469,0.0006906651801942
Pernambuco,Mulheres,35-39,0.0009274535971926,106.00384867058231,0.0009257671874412
Pernambuco,Mulheres,40-44,0.0013409808404031,99.91768955762772,0.0013406116173892
Pernambuco,Mulheres,45-49,0.001714593021725,81.71523412352387,0.0017111843559659
Pernambuco,Mulheres,50-54,0.0025443054168212,77.67739913366164,0.0025440086917634
Pernambuco,Mulheres,55-59,0.0033281224037224,66.521226460364,0.0033267071840833
Pernambuco,Mulheres,60-64,0.0041210649630706,50.97454978090147,0.0041134643659633
Pernambuco,Mulheres,65-69,0.0060208048490101,45.46701202435656,0.0060121405096393
Pernambuco,Mulheres,70-74,0.0072557871461338,39.17679226739429,0.0072344336315349
Pernambuco,Mulheres,75-79,0.0094413338292738,27.650898718561457,0.009392472340011
Pernambuco,Mulheres,80-84,0.0125571677801462,20.219365024467734,0.0124732024400952
Pernambuco,Mulheres,85-89,0.006923046254196,4.607999877572978,0.0054577895701942
Pernambuco,Mulheres,90+,0.0300479231184092,16.287405383330245,0.029881305060473
Pernambuco,Homens,0,0.0006956202835287,3.633988095308534,0.0005012147768898
Pernambuco,Homens,1-4,0.0004061294719364,122.0311208430736,0.0004053288153564
Pernambuco,Homens,5-9,0.0001992558464835,138.64662237193687,0.0001978482847678
Pernambuco,Homens,10-14,0.0003449784825368,148.29934489543552,0.0003448349564552
Pernambuco,Homens,15-19,0.0003124034038699,10.641392303521206,0.0002682316923772
Pernambuco,Homens,20-24,0.0004316597262332,10.945873969137777,0.0004062282672934
Pernambuco,Homens,25-29,0.0021991954549371,89.23881288648666,0.0021864207194046
Pernambuco,Homens,30-34,0.0020825819536493,84.79397627685985,0.0020778381426824
Pernambuco,Homens,35-39,0.002020643738097,73.42809196791637,0.002013131905736
Pernambuco,Homens,40-44,0.0026220640044666,76.07822026980794,0.0026181584429431
Pernambuco,Homens,45-49,0.0030028832669542,61.56910885224035,0.0029828859940237
Pernambuco,Homens,50-54,0.0039093474280265,55.15534940483804,0.0038985656414556
Pernambuco,Homens,55-59,0.0051161080411658,52.364461946797135,0.0051114324765616
Pernambuco,Homens,60-64,0.0063372078919666,42.566285718149786,0.0063051405897428
Pernambuco,Homens,65-69,0.0007222411935962,2.3124272549545437,0.0005929545927502
Pernambuco,Homens,70-74,0.0095146593066415,30.593423624130278,0.0094697322311561
Pernambuco,Homens,75-79,0.0023010897108014,3.458573980636722,0.0019255978719471
Pernambuco,Homens,80-84,0.0128663573509604,15.728972387974403,0.0127811977031161
Pernambuco,Homens,85-89,0.0056801428982865,3.3928502326521963,0.0046268660135439
Pernambuco,Homens,90+,0.0165284450648241,7.9105079211378815,0.0163250648048979
Piauí,Ambos,0,0.0041850100317148,30.15442227474772,0.004110793035246
Piauí,Ambos,1-4,0.0004458116987768,118.88943993031134,0.0004456205227737
Piauí,Ambos,5-9,0.0002302464554064,139.208910773336,0.0002276631910225
Piauí,Ambos,10-14,0.0002820557591913,134.89770197070618,0.0002814425347285
Piauí,Ambos,15-19,0.000104406452145,8.0613510440132,8.75183254180846e-05
Piauí,Ambos,20-24,6.428009790384409e-05,3.615511417911517,5.718068521899308e-05
Piauí,Ambos,25-29,0.0001701207492685,7.20653431964627,0.0001303889233086
Piauí,Ambos,30-34,5.5700640188447256e-05,2.4601783122773857,4.960843695227977e-05
Piauí,Ambos,35-39,0.0002930083486231,10.140900680734552,0.0002545040387669
Piauí,Ambos,40-44,0.0017653856084578,81.53343726002483,0.0017647311928466
Piauí,Ambos,45-49,0.0022114176503496,78.34732929898777,0.0022101869526526
Piauí,Ambos,50-54,0.0029591450553226,76.40265604057177,0.0029569625870515
Piauí,Ambos,55-59,0.0034592096410231,59.912793841370046,0.0034542607599543
Piauí,Ambos,60-64,0.0006645267473835,4.369439468305293,0.0004783205796215
Piauí,Ambos,65-69,0.0060383788897187,45.37887948483822,0.0060246250112025
Piauí,Ambos,70-74,0.0070075089040995,35.18826334802395,0.0070071709190157
Piauí,Ambos,75-79,0.0019743149668178,4.41378291535663,0.0018075817027405
Piauí,Ambos,80-84,0.0146525281141358,24.115563755791417,0.014518512975759
Piauí,Ambos,85-89,0.0070066592157306,5.775327962444479,0.0066269612230073
Piauí,Ambos,90+,0.0206042382207567,12.501271640105076,0.0205811980202065
Piauí,Mulheres,0,0.0037359602420415,30.316725344039835,0.0036952236794667
Piauí,Mulheres,1-4,0.0004433557231559,116.65350168882428,0.0004400315110066
Piauí,Mulheres,5-9,6.157254783718245e-05,19.588683026758613,4.975972785209387e-05
Piauí,Mulheres,10-14,5.2761830304268325e-05,14.877670461579823,4.643377792698263e-05
Piauí,Mulheres,15-19,0.0003870698965365,129.8967599490394,0.0003857643731872
Piauí,Mulheres,20-24,0.0004867165770968,132.8878072537795,0.0004865651111986
Piauí,Mulheres,25-29,0.0005545504263867,119.87990633276718,0.0005541547406538
Piauí,Mulheres,30-34,4.563171657236329e-05,3.9392490112662006,3.575709896704992e-05
Piauí,Mulheres,35-39,0.000964500790672,113.68779261061788,0.0009642436550791
Piauí,Mulheres,40-44,0.0011393930597258,91.7425997942888,0.0011389000097286
Piauí,Mulheres,45-49,0.001552339791454,86.45436623900018,0.0015510775811186
Piauí,Mulheres,50-54,0.0021502649937583,81.10124538492131,0.002148100474507
Piauí,Mulheres,55-59,0.0027249795919008,63.737400278724365,0.0027166584618958
Piauí,Mulheres,60-64,0.0036869475772547,58.068782816835686,0.0036867077163899
Piauí,Mulheres,65-69,0.005289304614918,50.75680622160299,0.0052637124120676
Piauí,Mulheres,70-74,0.0058262570047715,37.394419488194586,0.005823724043744
Piauí,Mulheres,75-79,0.003077591754562,8.183424512067413,0.0029067431280137
Piauí,Mulheres,80-84,0.0136730522670534,25.400445827202944,0.0135360043143855
Piauí,Mulheres,85-89,0.0075498654732463,6.7221620959591375,0.0070836349038395
Piauí,Mulheres,90+,0.0054080765463209,2.9291341261724457,0.0047446761900756
Piauí,Homens,0,0.005305310368867,35.59636442357002,0.0052089961819926
Piauí,Homens,1-4,0.0004616392644283,123.97523455370766,0.0004595112934052
Piauí,Homens,5-9,0.0002438914742742,136.03460706530464,0.0002428238922903
Piauí,Homens,10-14,0.0003077119954597,127.12144443141932,0.0003071567771856
Piauí,Homens,15-19,0.0011879683717473,107.00036348548106,0.0011700833955853
Piauí,Homens,20-24,0.0017178488325962,99.9515762138293,0.0017116479695678
Piauí,Homens,25-29,0.0002599086657132,6.8204161571904205,0.0001952223326675
Piauí,Homens,30-34,0.0001013750209702,2.4796574922481573,7.919128001805682e-05
Piauí,Homens,35-39,0.0006135696246638,14.92159048712623,0.0005646297974699
Piauí,Homens,40-44,0.0003440359407539,7.333151159629798,0.0003294430732918
Piauí,Homens,45-49,0.0004274003820349,5.042560190638288,0.0002740457843486
Piauí,Homens,50-54,0.003629478732856,67.82882591102266,0.003627795300219
Piauí,Homens,55-59,0.0005273769069549,4.944266743193325,0.0004841516213563
Piauí,Homens,60-64,0.0011865999607978,6.163410502368516,0.0008694787414533
Piauí,Homens,65-69,0.0067299250090043,40.21035251616496,0.0067236021104712
Piauí,Homens,70-74,0.008306710050076,33.28806285717456,0.0083035745609997
Piauí,Homens,75-79,0.0007890700238295,1.1117060233702034,0.0005240873012497
Piauí,Homens,80-84,0.0150569943298462,21.44378842383114,0.0149515667352678
Piauí,Homens,85-89,0.0036631638241022,2.748456623366853,0.0034806665040869
Piauí,Homens,90+,0.0281084787864246,15.093366596872889,0.0277040262779289
Rio de Janeiro,Ambos,0,0.0048882026143273,46.7075712331261,0.0048852579126657
Rio de Janeiro,Ambos,1-4,0.0004173411593001,137.1273932256067,0.0004173248616913
Rio de Janeiro,Ambos,5-9,1.937968892326931e-05,7.9386400722206,1.7532370658689113e-05
Rio de Janeiro,Ambos,10-14,0.0002613690934434,145.80975017521607,0.000260724904652
Rio de Janeiro,Ambos,15-19,6.029372465363383e-05,3.3468659126016225,5.462297083024402e-05
Rio de Janeiro,Ambos,20-24,0.0001473714713624,6.8481357426751295,0.0001374831585323
Rio de Janeiro,Ambos,25-29,0.0013440672083188,110.41261514671106,0.0013427800450599
Rio de Janeiro,Ambos,30-34,0.0012979886253771,104.56696837031907,0.0012975263479568
Rio de Janeiro,Ambos,35-39,0.0014111773191571,92.45466561518424,0.0014111424810646
Rio de Janeiro,Ambos,40-44,0.0017256177522984,83.18620362065708,0.0017251668186129
Rio de Janeiro,Ambos,45-49,0.0024727727626185,80.45595119393451,0.0024725034333612
Rio de Janeiro,Ambos,50-54,0.003217550231043,65.27884279863676,0.0032159134097574
Rio de Janeiro,Ambos,55-59,0.0043382829019635,56.80742829326299,0.0043359426600979
Rio de Janeiro,Ambos,60-64,0.0058184694100336,48.94230399884669,0.0058180295849768
Rio de Janeiro,Ambos,65-69,0.0073991277888465,41.56479765853181,0.0073985342594129
Rio de Janeiro,Ambos,70-74,0.0086856199580348,34.29847992356107,0.0086826075097926
Rio de Janeiro,Ambos,75-79,0.0111144270925104,26.845791466741336,0.0111129327396211
Rio de Janeiro,Ambos,80-84,0.013443599680503,19.372142590124867,0.0134289084954727
Rio de Janeiro,Ambos,85-89,0.0015412860704597,1.058738598685088,0.0013367241254287
Rio de Janeiro,Ambos,90+,0.0036905646136077,1.811610526203049,0.0036158252051186
Rio de Janeiro,Mulheres,0,0.0050182186358697,53.64593541630487,0.0050121528080817
Rio de Janeiro,Mulheres,1-4,0.0003969375728715,137.01970271945433,0.0003963121801835
Rio de Janeiro,Mulheres,5-9,1.435454464924194e-05,6.9146287471126495,1.3072138808151872e-05
Rio de Janeiro,Mulheres,10-14,2.1155426084479345e-05,7.841051576508196,1.8727414604016377e-05
Rio de Janeiro,Mulheres,15-19,1.135940613087648e-05,2.0564097897182063,1.0107065383538458e-05
Rio de Janeiro,Mulheres,20-24,0.0005195281048621,137.61869660871727,0.0005194785436402
Rio de Janeiro,Mulheres,25-29,0.000619890144172,128.06122500142496,0.000619765527653
Rio de Janeiro,Mulheres,30-34,0.0007979866216265,119.7070821965126,0.0007978551450652
Rio de Janeiro,Mulheres,35-39,0.0010273418472896,105.24107995752334,0.0010272113629568
Rio de Janeiro,Mulheres,40-44,0.0013853437579242,94.61573019818368,0.0013841576069615
Rio de Janeiro,Mulheres,45-49,0.002112044749867,95.52454255825396,0.0021110892844959
Rio de Janeiro,Mulheres,50-54,0.0026462096451673,73.2277323530426,0.0026433709219952
Rio de Janeiro,Mulheres,55-59,0.0035594665187898,64.53023608121221,0.0035588580144135
Rio de Janeiro,Mulheres,60-64,0.0049394207817087,57.10796318230405,0.0049391681442913
Rio de Janeiro,Mulheres,65-69,0.0064108412062234,48.11618556020453,0.0064105734193833
Rio de Janeiro,Mulheres,70-74,0.0076188251537449,41.329122733157554,0.007617750839827
Rio de Janeiro,Mulheres,75-79,0.0106674516512797,31.97038695315402,0.0106648505801226
Rio de Janeiro,Mulheres,80-84,0.0125125583016089,20.30879038584837,0.0125063238840661
Rio de Janeiro,Mulheres,85-89,0.0031639848265606,2.291569964606848,0.0027440782420863
Rio de Janeiro,Mulheres,90+,0.0018344850709196,0.9066689108898536,0.0017542111079708
Rio de Janeiro,Homens,0,0.0047808306310104,41.46131673015911,0.0047765756617796
Rio de Janeiro,Homens,1-4,0.0004284529640282,132.48453650583068,0.0004281878295804
Rio de Janeiro,Homens,5-9,0.0002077412696776,156.56384537916082,0.0002077138824181
Rio de Janeiro,Homens,10-14,0.0003157832768244,137.77242678795835,0.0003141722572961
Rio de Janeiro,Homens,15-19,0.0001301679560053,4.313562418049002,0.0001189658386989
Rio de Janeiro,Homens,20-24,0.0002527695094344,6.758348305494454,0.0002321963898639
Rio de Janeiro,Homens,25-29,0.0020093118394183,98.96563894514507,0.0020053430398014
Rio de Janeiro,Homens,30-34,0.0017876604792924,95.35831935935764,0.0017861228855987
Rio de Janeiro,Homens,35-39,0.001800204930081,84.18068777494135,0.0018000224888942
Rio de Janeiro,Homens,40-44,0.0020743070431306,74.91497096609919,0.0020741921935662
Rio de Janeiro,Homens,45-49,0.0027775836149363,67.61063806980762,0.0027770831010497
Rio de Janeiro,Homens,50-54,0.0037760605353041,58.1250181294163,0.0037750380888991
Rio de Janeiro,Homens,55-59,0.0051701372857627,50.57422856199152,0.0051640765552582
Rio de Janeiro,Homens,60-64,0.0066237006013701,41.24015311564189,0.0066211281751805
Rio de Janeiro,Homens,65-69,0.0084616383792539,35.71703865073511,0.0084594716475264
Rio de Janeiro,Homens,70-74,0.0093504282639941,26.45495583194082,0.0093402985025195
Rio de Janeiro,Homens,75-79,0.0108295947460986,19.804716101703495,0.0108124174832481
Rio de Janeiro,Homens,80-84,0.0124783756021602,14.526549854820288,0.0123449856184374
Rio de Janeiro,Homens,85-89,0.0035187588547162,2.266859736783381,0.0032079294177567
Rio de Janeiro,Homens,90+,0.0181633637872165,8.59031014870977,0.0179721770204817
Rio Grande do Norte,Ambos,0,0.0035544397985396,32.104592006526666,0.0035048027073797
Rio Grande do Norte,Ambos,1-4,0.0003946099196318,126.9155288889035,0.000393129213256
Rio Grande do Norte,Ambos,5-9,0.0002002064799196,142.58458836710622,0.0001995793713428
Rio Grande do Norte,Ambos,10-14,0.0002575322975359,134.6943124469299,0.000255904431631
Rio Grande do Norte,Ambos,15-19,0.0014484808260028,125.10881234319706,0.0014349794621238
Rio Grande do Norte,Ambos,20-24,0.0017253767061003,112.39213180436684,0.0017087468019548
Rio Grande do Norte,Ambos,25-29,0.0001526827812573,6.778113091645246,0.0001382590686527
Rio Grande do Norte,Ambos,30-34,0.0001329480656327,5.018028731116764,9.961717255438608e-05
Rio Grande do Norte,Ambos,35-39,0.001506686937705,95.44421750857676,0.0015028941920114
Rio Grande do Norte,Ambos,40-44,0.0018200839688795,86.43190444566467,0.0018156165122416
Rio Grande do Norte,Ambos,45-49,0.0021630663933579,73.76702355477465,0.0021587832662304
Rio Grande do Norte,Ambos,50-54,0.0029717845564663,70.50876136427078,0.0029716767976379
Rio Grande do Norte,Ambos,55-59,0.0006199439142113,6.91737946336078,0.0005623149424414
Rio Grande do Norte,Ambos,60-64,0.004703455546593,51.74942981324491,0.0047030316966964
Rio Grande do Norte,Ambos,65-69,0.0068083129720602,48.45075977414602,0.0068047194480211
Rio Grande do Norte,Ambos,70-74,0.0078977399181414,38.46080356471524,0.0078972661292108
Rio Grande do Norte,Ambos,75-79,0.0005886030508358,1.196458868790374,0.0004872157366694
Rio Grande do Norte,Ambos,80-84,0.0143485297526573,23.51495801665944,0.01428978916453
Rio Grande do Norte,Ambos,85-89,0.0022660550126539,1.6942087906625818,0.0019612406258787
Rio Grande do Norte,Ambos,90+,0.0243109228411891,14.748497783898603,0.0242594509102506
Rio Grande do Norte,Mulheres,0,0.0030938808396712,27.728735493035597,0.0029562975770339
Rio Grande do Norte,Mulheres,1-4,0.0003710130773102,132.37994567311114,0.000365124803166
Rio Grande do Norte,Mulheres,5-9,2.888111344983668e-05,10.701145500958228,2.6998806231514728e-05
Rio Grande do Norte,Mulheres,10-14,3.9021816929910686e-05,12.96637737280816,3.609675058816469e-05
Rio Grande do Norte,Mulheres,15-19,4.616251795804805e-05,7.722982210311638,3.582324007695861e-05
Rio Grande do Norte,Mulheres,20-24,0.0004890565919095,137.86125470363922,0.0004886175817541
Rio Grande do Norte,Mulheres,25-29,0.0005329525690168,130.75734361846477,0.0005316639511703
Rio Grande do Norte,Mulheres,30-34,0.0006005628410178,119.55789513274968,0.0005968623390898
Rio Grande do Norte,Mulheres,35-39,0.000812819710898,100.73363830889411,0.0008078570950567
Rio Grande do Norte,Mulheres,40-44,0.0011924402501877,102.84902918544364,0.0011875872717083
Rio Grande do Norte,Mulheres,45-49,0.001535657435702,85.63494229525705,0.001533728238437
Rio Grande do Norte,Mulheres,50-54,0.0022215076526793,80.11694616299675,0.0022208202492453
Rio Grande do Norte,Mulheres,55-59,0.0025556047142612,59.8260484792136,0.0025513244716449
Rio Grande do Norte,Mulheres,60-64,0.0039587561345027,60.28549358388746,0.0039575765455731
Rio Grande do Norte,Mulheres,65-69,0.005594474514779,50.19431022237153,0.0055875835473976
Rio Grande do Norte,Mulheres,70-74,0.0064899305274153,40.988714292365415,0.0064881526685437
Rio Grande do Norte,Mulheres,75-79,0.0081885954670554,27.38196461930619,0.0081790298290437
Rio Grande do Norte,Mulheres,80-84,0.0129073349997658,24.05448707721111,0.0128632713921584
Rio Grande do Norte,Mulheres,85-89,0.0033755014536946,2.6472807343127616,0.0028519899978842
Rio Grande do Norte,Mulheres,90+,0.0217034046077291,13.821646777548068,0.0215967782848107
Rio Grande do Norte,Homens,0,0.0036903069251641,32.08894756373763,0.0036573084545565
Rio Grande do Norte,Homens,1-4,0.0004196932906361,122.12534488842412,0.000419192561261
Rio Grande do Norte,Homens,5-9,0.0001885828519433,135.05459210792534,0.0001872217308212
Rio Grande do Norte,Homens,10-14,0.0002912246892174,126.64343947887922,0.0002875349138538
Rio Grande do Norte,Homens,15-19,0.0022875777882585,107.95429496392812,0.0022553833195904
Rio Grande do Norte,Homens,20-24,0.0028624978807896,102.79048942232944,0.0028209541836163
Rio Grande do Norte,Homens,25-29,0.0002979456476109,7.93217934805386,0.0002723641708156
Rio Grande do Norte,Homens,30-34,0.0002410936306583,5.0478495156407766,0.0001557271828373
Rio Grande do Norte,Homens,35-39,0.0021618865935139,89.06028426659071,0.0021540966742864
Rio Grande do Norte,Homens,40-44,0.0024041615900681,75.85895965762488,0.0023977648343019
Rio Grande do Norte,Homens,45-49,0.0007261483427363,11.495410997104008,0.0006768730653572
Rio Grande do Norte,Homens,50-54,0.0038028375268959,64.97692153212242,0.0038012595774915
Rio Grande do Norte,Homens,55-59,0.0045188185458134,54.50140843802072,0.0045119528838326
Rio Grande do Norte,Homens,60-64,0.0006580538047159,4.141832328355021,0.0006287870117216
Rio Grande do Norte,Homens,65-69,0.0080523299308882,45.10204954340617,0.0080273451696212
Rio Grande do Norte,Homens,70-74,0.009625843846429,36.2972778510105,0.0096226929337491
Rio Grande do Norte,Homens,75-79,0.0007229923067692,1.3470861614273206,0.0006648862875489
Rio Grande do Norte,Homens,80-84,0.0152517737698817,21.06706592186694,0.0152183397910414
Rio Grande do Norte,Homens,85-89,0.0024594345626983,1.8047509871117968,0.0023426090859494
Rio Grande do Norte,Homens,90+,0.0279586621465686,15.553666506745294,0.02784860763554
Rio Grande do Sul,Ambos,0,0.0040931535497873,50.49237584333955,0.0040888944915863
Rio Grande do Sul,Ambos,1-4,0.0003286580392618,134.6837280719105,0.0003277795211127
Rio Grande do Sul,Ambos,5-9,0.0001702381605256,155.12647192728568,0.0001700519251043
Rio Grande do Sul,Ambos,10-14,0.0002325350352645,150.58127002105684,0.0002323169054745
Rio Grande do Sul,Ambos,15-19,0.0008249357213593,129.08911414585577,0.0008201768664189
Rio Grande do Sul,Ambos,20-24,0.0001024888039806,5.456598067704628,7.564501465742966e-05
Rio Grande do Sul,Ambos,25-29,0.0001044692651886,4.929493250021902,7.010418894057031e-05
Rio Grande do Sul,Ambos,30-34,0.0001298966158819,6.011179098312304,9.82107356954414e-05
Rio Grande do Sul,Ambos,35-39,0.0013796437078585,102.7131273084343,0.0013774475233784
Rio Grande do Sul,Ambos,40-44,0.0017370185768751,90.28941824804336,0.0017317878863933
Rio Grande do Sul,Ambos,45-49,0.0022387112868613,82.56202444106478,0.0022366907357784
Rio Grande do Sul,Ambos,50-54,0.0028549467632428,68.05440137246399,0.0028509628373089
Rio Grande do Sul,Ambos,55-59,0.0038095030227115,58.58613611460728,0.0038064700348948
Rio Grande do Sul,Ambos,60-64,0.0053439678683743,53.50051925051249,0.0053424478548294
Rio Grande do Sul,Ambos,65-69,0.0067328687814106,43.28914191381911,0.0067315213324641
Rio Grande do Sul,Ambos,70-74,0.0084505932557548,35.23930136583704,0.0084488076587279
Rio Grande do Sul,Ambos,75-79,0.0101482251709022,24.935763997290007,0.0101444470705106
Rio Grande do Sul,Ambos,80-84,0.0124032925114464,18.15236277124311,0.0123950340765331
Rio Grande do Sul,Ambos,85-89,0.0061359134619532,3.954698590911231,0.0051125568122779
Rio Grande do Sul,Ambos,90+,0.009250628615839,4.332758340532876,0.0085799447786317
Rio Grande do Sul,Mulheres,0,0.0036908661173382,50.04822717418115,0.0036787658093994
Rio Grande do Sul,Mulheres,1-4,0.0003021492879881,136.00711055840392,0.0002999578310768
Rio Grande do Sul,Mulheres,5-9,0.0001450990950203,160.3185136113861,0.0001450436219306
Rio Grande do Sul,Mulheres,10-14,1.9327397262814638e-05,7.200450430391016,1.6702078212099337e-05
Rio Grande do Sul,Mulheres,15-19,3.0126753983201736e-05,6.545329202799641,2.70326823049253e-05
Rio Grande do Sul,Mulheres,20-24,4.159290614862429e-05,7.236015018297855,3.770470944274573e-05
Rio Grande do Sul,Mulheres,25-29,5.501027861801431e-05,6.317320933972562,4.246214725641632e-05
Rio Grande do Sul,Mulheres,30-34,7.757585218939097e-05,7.828766448182911,7.11098920152997e-05
Rio Grande do Sul,Mulheres,35-39,4.228746428940407e-05,3.0710890473970696,4.040405482407649e-05
Rio Grande do Sul,Mulheres,40-44,7.467998722992416e-05,3.1252401145403472,6.139086188276543e-05
Rio Grande do Sul,Mulheres,45-49,0.0017761110911817,94.91163710840216,0.0017759067504348
Rio Grande do Sul,Mulheres,50-54,0.0022652494545864,79.22397580115313,0.002264111147783
Rio Grande do Sul,Mulheres,55-59,0.003095481713585,70.61816920990974,0.0030943163840878
Rio Grande do Sul,Mulheres,60-64,0.004245166722937,60.66568205660723,0.0042442824162662
Rio Grande do Sul,Mulheres,65-69,0.0057801365938587,52.45535452510447,0.0057747258509661
Rio Grande do Sul,Mulheres,70-74,0.0071380253775725,41.54670281912971,0.0071376409071908
Rio Grande do Sul,Mulheres,75-79,0.0094391368205022,29.279851431093405,0.0094359978300076
Rio Grande do Sul,Mulheres,80-84,0.0119447074683885,19.81708148004196,0.0119418989182875
Rio Grande do Sul,Mulheres,85-89,0.0063450231813147,4.753066880276041,0.0057146035765699
Rio Grande do Sul,Mulheres,90+,0.0084783885487355,4.209979661433745,0.0080225405409902
Rio Grande do Sul,Homens,0,0.0045775824644196,52.14135879526808,0.0045731951072767
Rio Grande do Sul,Homens,1-4,0.0003547966598006,133.80598645793702,0.0003545343178844
Rio Grande do Sul,Homens,5-9,0.0001935760106469,150.0487455542451,0.0001928742122593
Rio Grande do Sul,Homens,10-14,0.0002632369259754,144.72323683822626,0.0002626053497699
Rio Grande do Sul,Homens,15-19,0.0012367209184971,115.98420712972984,0.0012248634220764
Rio Grande do Sul,Homens,20-24,0.0001936490854885,6.916105440257211,0.0001566491334623
Rio Grande do Sul,Homens,25-29,0.0001657930032132,4.81684289398491,0.0001051074624252
Rio Grande do Sul,Homens,30-34,0.0015235508566085,93.5088170339284,0.0015167177357235
Rio Grande do Sul,Homens,35-39,0.0017387660766636,90.6843093141046,0.0017326834436161
Rio Grande do Sul,Homens,40-44,0.0021408458219016,82.06015020813365,0.002129621652204
Rio Grande do Sul,Homens,45-49,0.0027647938893223,76.82085643988079,0.0027605007273157
Rio Grande do Sul,Homens,50-54,0.0033671249325166,58.732455691573705,0.0033578948995776
Rio Grande do Sul,Homens,55-59,0.0044726902328876,50.138058669606,0.0044664155113178
Rio Grande do Sul,Homens,60-64,0.0063733891144292,47.26932909145869,0.0063702450834541
Rio Grande do Sul,Homens,65-69,0.00776886054666,37.08400320696638,0.0077682487372943
Rio Grande do Sul,Homens,70-74,0.0092393082861776,27.883214767732667,0.0092291342533353
Rio Grande do Sul,Homens,75-79,0.0110048033814723,20.754220386291397,0.010995909601087
Rio Grande do Sul,Homens,80-84,0.0112103034160857,13.399728967923933,0.0111322503019038
Rio Grande do Sul,Homens,85-89,0.0058650843992282,2.9349775349830374,0.0043274800630229
Rio Grande do Sul,Homens,90+,0.0030456300579127,1.1942109188937358,0.0026775347774308
Rondônia,Ambos,0,0.0030689443398149,25.134638093282007,0.0029863001186848
Rondônia,Ambos,1-4,0.0003800254404643,121.0275684083673,0.0003792987589286
Rondônia,Ambos,5-9,0.0002077671047571,128.63447887122507,0.000206410563389
Rondônia,Ambos,10-14,0.0002723396452447,128.0855225353544,0.0002688166248129
Rondônia,Ambos,15-19,0.0008435785123857,116.56118321423364,0.0008343844976635
Rondônia,Ambos,20-24,0.001017012824566,97.62735306007283,0.0010116132070964
Rondônia,Ambos,25-29,0.0009854318300553,90.03342791815982,0.0009773544989277
Rondônia,Ambos,30-34,0.0012301481677115,95.27319872368464,0.0012247382576402
Rondônia,Ambos,35-39,0.0013414383404896,86.97433745642789,0.0013363372734127
Rondônia,Ambos,40-44,0.0016932837104201,84.46065845815583,0.0016914665463434
Rondônia,Ambos,45-49,0.0019881634906515,70.50734240278258,0.0019770077572199
Rondônia,Ambos,50-54,0.0024841547308519,59.120229544798086,0.0024784326543911
Rondônia,Ambos,55-59,0.0037269565227088,62.854205631460914,0.0037253740178934
Rondônia,Ambos,60-64,0.0050673390801347,53.079317295981845,0.0050651723557769
Rondônia,Ambos,65-69,0.0062135980571505,39.32006334018576,0.0061999386405382
Rondônia,Ambos,70-74,0.0076612471648883,33.85897623655485,0.0076526298010933
Rondônia,Ambos,75-79,0.0094347464761863,24.08985649169436,0.009401508113523
Rondônia,Ambos,80-84,0.0118477746301312,17.73989505939923,0.0118300588458572
Rondônia,Ambos,85-89,0.007979584552368,5.624507780373197,0.0070166543530343
Rondônia,Ambos,90+,0.0099607552974681,4.964184797116465,0.0098563997270952
Rondônia,Mulheres,0,0.0024260504613153,21.446978783020807,0.0023838502919758
Rondônia,Mulheres,1-4,0.0003682431335611,135.17809789233303,0.0003617000861163
Rondônia,Mulheres,5-9,0.0001386230016854,50.28585940110912,0.00012788601448
Rondônia,Mulheres,10-14,0.0002250983565771,137.41471419876504,0.0002243402708199
Rondônia,Mulheres,15-19,0.0003902984363377,127.24368751540764,0.0003860343234352
Rondônia,Mulheres,20-24,0.0004139616742325,114.97694172640608,0.0004101429149058
Rondônia,Mulheres,25-29,0.0004097643051679,104.63066978825172,0.0004093933454655
Rondônia,Mulheres,30-34,0.0006580272500723,102.97125466663164,0.0006562638670237
Rondônia,Mulheres,35-39,0.0008893392117555,100.2658651268072,0.0008859553201137
Rondônia,Mulheres,40-44,0.0011182821094263,91.90141331374588,0.0011120924424339
Rondônia,Mulheres,45-49,0.0013522747114928,72.76294425728287,0.0013352008918245
Rondônia,Mulheres,50-54,0.0019504387195143,72.6518645800268,0.0019481411050119
Rondônia,Mulheres,55-59,0.0025042249444872,60.33630456892656,0.0024972243429945
Rondônia,Mulheres,60-64,0.0046775942731477,68.79834978023135,0.0046625469513359
Rondônia,Mulheres,65-69,0.0054052390174536,45.92911774598849,0.0054031413287685
Rondônia,Mulheres,70-74,0.0065747881523317,36.69286672128139,0.0065587655433994
Rondônia,Mulheres,75-79,0.0089625252088182,27.032661874792748,0.0089221632972061
Rondônia,Mulheres,80-84,0.0119291521493736,19.958454695874465,0.0118578346635236
Rondônia,Mulheres,85-89,0.0143288588151471,12.550843279489516,0.0137397822807472
Rondônia,Mulheres,90+,0.0101474668118397,4.815527216491563,0.0093870646080607
Rondônia,Homens,0,0.0033485354123574,24.25900120163244,0.0031360613833188
Rondônia,Homens,1-4,0.0003892441459312,107.13999655528804,0.0003886251166629
Rondônia,Homens,5-9,0.000260247078949,136.20616684034815,0.0002584423070488
Rondônia,Homens,10-14,0.0003304863235693,129.89056971356027,0.0003231075457366
Rondônia,Homens,15-19,0.0002228571922871,11.126827808829084,0.0001933904514759
Rondônia,Homens,20-24,0.0015111897783152,84.99949480403049,0.0015027135399223
Rondônia,Homens,25-29,0.001420589065355,75.59928025037476,0.0013990189786258
Rondônia,Homens,30-34,0.0017275028946456,86.6162013612659,0.0017145189275803
Rondônia,Homens,35-39,0.0017333402844635,76.16036141349575,0.0017119739669059
Rondônia,Homens,40-44,0.0021598277918464,75.01646211135616,0.0021583053480557
Rondônia,Homens,45-49,0.002551041992241,66.84430194066617,0.0025440606288726
Rondônia,Homens,50-54,0.0030285948614731,53.679776946882974,0.0030207286902966
Rondônia,Homens,55-59,0.0043767917918211,55.38078181466901,0.0043738663392937
Rondônia,Homens,60-64,0.0051906309610712,41.58296530162617,0.0051529564085294
Rondônia,Homens,65-69,0.0073323526106414,37.565567389973225,0.0072981093372726
Rondônia,Homens,70-74,0.0083502333579561,30.566246178810253,0.0083399671030602
Rondônia,Homens,75-79,0.009923314433023,22.102725822310447,0.0099011793634311
Rondônia,Homens,80-84,0.0110665829751598,14.76386564413968,0.0110079126114212
Rondônia,Homens,85-89,0.0106285954462532,7.687058862054391,0.0102906597912776
Rondônia,Homens,90+,0.012012121603963,5.736399354105696,0.0116021657965369
Roraima,Ambos,0,0.0022405294407158,7.358169468124812,0.0014467608932816
Roraima,Ambos,1-4,0.0001908760498774,12.10558244802206,0.0001319167977319
Roraima,Ambos,5-9,0.0003836504241367,147.36476159045912,0.0003732229830524
Roraima,Ambos,10-14,0.0004236721775094,144.9369501230487,0.0004197869716285
Roraima,Ambos,15-19,0.001098307592973,115.31996518002644,0.0010846486845187
Roraima,Ambos,20-24,0.001444674789234,110.5517643515616,0.0014314759989567
Roraima,Ambos,25-29,0.0012560641888317,91.61517445607043,0.0012474091880015
Roraima,Ambos,30-34,0.0012910490660384,86.50781581011466,0.0012773561439607
Roraima,Ambos,35-39,0.0013973166942172,83.42618775112265,0.0013923732730611
Roraima,Ambos,40-44,0.002018830635546,96.86397266926366,0.0019883927928082
Roraima,Ambos,45-49,0.0019015057107616,65.63444786705739,0.0018973588269042
Roraima,Ambos,50-54,0.0006244038185229,10.612268930126298,0.0005871690554325
Roraima,Ambos,55-59,0.0041924181957437,61.845087347173575,0.0041859364884248
Roraima,Ambos,60-64,0.0056696202988583,54.70503832111506,0.0056307895789585
Roraima,Ambos,65-69,0.0064318703728301,39.39442041109682,0.0064230274224319
Roraima,Ambos,70-74,0.0009496268803667,3.343797441955823,0.0009045631701799
Roraima,Ambos,75-79,0.0008866279233516,1.4622031899316486,0.0006441795212485
Roraima,Ambos,80-84,0.015352743445378,23.115145613884707,0.0151048878468317
Roraima,Ambos,85-89,0.0030682269344224,2.0296556000716426,0.0024795904323278
Roraima,Ambos,90+,0.0298494005495743,13.556850222757438,0.0273592473151459
Roraima,Mulheres,0,0.0034379072652856,15.809449947568528,0.0028098988271486
Roraima,Mulheres,1-4,9.21379376758453e-05,8.552273452895559,7.343849985449518e-05
Roraima,Mulheres,5-9,0.0001541996696255,23.388703060687217,9.697555143637548e-05
Roraima,Mulheres,10-14,0.0004148058731021,132.66944199858858,0.0004033459257898
Roraima,Mulheres,15-19,0.0002893666041923,27.47114267286125,0.0002307755837743
Roraima,Mulheres,20-24,0.0007058065928051,130.03964393749868,0.0006890984079273
Roraima,Mulheres,25-29,0.0001048251943812,9.887006679508762,9.083910148169793e-05
Roraima,Mulheres,30-34,0.0006775703915537,103.36967684647244,0.000663273026579
Roraima,Mulheres,35-39,0.00080169346801,89.45177985081155,0.0007564841531064
Roraima,Mulheres,40-44,0.0015331196825204,114.72721099319249,0.0014786995925745
Roraima,Mulheres,45-49,0.0014551760645247,76.80717727048194,0.0014516505648285
Roraima,Mulheres,50-54,0.0020758787228765,74.02176019809158,0.0020332947552286
Roraima,Mulheres,55-59,0.0040221108837089,81.4214965668824,0.0040053386399159
Roraima,Mulheres,60-64,0.0034628436942539,42.29448816516896,0.003260445448075
Roraima,Mulheres,65-69,0.0041789028717127,31.85754426519444,0.0041615040496767
Roraima,Mulheres,70-74,0.0008174268064553,3.410052005530307,0.0007458114595743
Roraima,Mulheres,75-79,0.0107255900512561,33.015111698814195,0.0106666463001773
Roraima,Mulheres,80-84,0.0132750820018926,22.582783350342776,0.0131910650401335
Roraima,Mulheres,85-89,0.0026620661578332,1.888776707124349,0.0021450997809452
Roraima,Mulheres,90+,0.0201697078125682,9.308979343552757,0.0185229417274931
Roraima,Homens,0,0.0021845189576111,10.468992784014732,0.0021004644373904
Roraima,Homens,1-4,0.0010320719513226,132.89281377817778,0.0010032486193763
Roraima,Homens,5-9,0.0004144077360309,144.64739616061752,0.0004120499357844
Roraima,Homens,10-14,0.0004222798799256,145.929393533075,0.0004186896235633
Roraima,Homens,15-19,0.0013957064948571,101.0960958538457,0.0013764292552671
Roraima,Homens,20-24,0.0004381444966375,12.558759615841778,0.0003890157157693
Roraima,Homens,25-29,0.0016786059742319,75.82568976103923,0.0016648885133271
Roraima,Homens,30-34,0.0018379372605263,76.97772961798029,0.0018182144727055
Roraima,Homens,35-39,0.0020404218591381,80.50966358822207,0.0020375144746687
Roraima,Homens,40-44,0.0023366859631103,79.45541900528251,0.0023230735316432
Roraima,Homens,45-49,0.0024552764198351,64.56250846723623,0.0024499492192024
Roraima,Homens,50-54,0.0037606673633895,65.03346954041197,0.003722535169593
Roraima,Homens,55-59,0.0038952767576899,44.09001229635525,0.0038773986828006
Roraima,Homens,60-64,0.0078850572115102,60.21203761947458,0.0078155065355195
Roraima,Homens,65-69,0.0006868964468001,2.478546302566876,0.0005784406230471
Roraima,Homens,70-74,0.0110820005426733,40.303763532930326,0.0108842762281905
Roraima,Homens,75-79,0.0020132985106284,3.676863705920812,0.0018789703045789
Roraima,Homens,80-84,0.0046706712227744,5.109195972366541,0.0040961226830935
Roraima,Homens,85-89,0.0063176597616585,4.598945261364993,0.0060294855464971
Roraima,Homens,90+,0.0307591390143293,12.310317161543338,0.0265006997332449
Santa Catarina,Ambos,0,0.0038464894377161,48.64168429660164,0.0038020380691027
Santa Catarina,Ambos,1-4,0.0002942042784052,134.07880214423585,0.0002928034425748
Santa Catarina,Ambos,5-9,5.92333684809855e-05,27.4644804751561,5.636122189203461e-05
Santa Catarina,Ambos,10-14,0.0002203373190177,152.56751727174668,0.0002200480006401
Santa Catarina,Ambos,15-19,6.28280499622287e-05,5.687818169101186,4.7090216384862913e-05
Santa Catarina,Ambos,20-24,5.230106780486708e-05,4.041062369992657,4.475524778688434e-05
Santa Catarina,Ambos,25-29,0.0002063179924049,14.828311799363044,0.0001718973599165
Santa Catarina,Ambos,30-34,0.0008836987305048,110.65253930826064,0.0008823554680482
Santa Catarina,Ambos,35-39,0.001058904426413,102.34703292646697,0.001055650190322
Santa Catarina,Ambos,40-44,0.0015333320917975,104.25035497803243,0.0015331764783934
Santa Catarina,Ambos,45-49,0.0019192268332785,79.66400844331133,0.0019133512381123
Santa Catarina,Ambos,50-54,0.0026730962005305,71.49334419068532,0.0026716551543624
Santa Catarina,Ambos,55-59,0.0035599539497403,62.67805555162265,0.0035570329727424
Santa Catarina,Ambos,60-64,0.0046155170072186,51.42186660785024,0.0046132320411419
Santa Catarina,Ambos,65-69,0.0064849710385693,47.49633303685286,0.0064744745816548
Santa Catarina,Ambos,70-74,0.0069292897273081,31.852768019548428,0.0069209761817079
Santa Catarina,Ambos,75-79,0.009096520488674,24.081728214204183,0.0090897026793308
Santa Catarina,Ambos,80-84,0.010075403928873,15.044700496481363,0.0100260933170339
Santa Catarina,Ambos,85-89,0.0091486995502597,7.414311552704786,0.0088355688790848
Santa Catarina,Ambos,90+,0.0034999468320257,1.3548775912592204,0.0026751678484166
Santa Catarina,Mulheres,0,0.0036191752534989,50.014365900801,0.0035647211600587
Santa Catarina,Mulheres,1-4,0.0002448086613943,125.7218708913562,0.0002400746375432
Santa Catarina,Mulheres,5-9,3.859572788796761e-05,20.125192003423216,3.708587639786256e-05
Santa Catarina,Mulheres,10-14,2.4935583811460517e-05,10.765730559685132,2.225321415373115e-05
Santa Catarina,Mulheres,15-19,1.3772623697057062e-05,2.628428042178142,1.0688083188403613e-05
Santa Catarina,Mulheres,20-24,2.119174340596733e-05,3.798193044776536,1.6871003551410334e-05
Santa Catarina,Mulheres,25-29,5.075825298763111e-05,7.793739788662819,4.2865755577695534e-05
Santa Catarina,Mulheres,30-34,0.0001393592542857,16.434096108715885,0.0001284125524876
Santa Catarina,Mulheres,35-39,0.0007850348881741,117.83666332190622,0.0007842648607194
Santa Catarina,Mulheres,40-44,0.0010743611872851,104.59161479183216,0.0010721760761794
Santa Catarina,Mulheres,45-49,0.001439960437538,88.68421592496034,0.0014379075260193
Santa Catarina,Mulheres,50-54,0.0021383734906006,83.8432289904838,0.0021379218822235
Santa Catarina,Mulheres,55-59,0.0027093383397497,69.7320665563682,0.0027075055295794
Santa Catarina,Mulheres,60-64,0.0037602603735,61.4367194660208,0.0037597478822569
Santa Catarina,Mulheres,65-69,0.0052282562855439,54.19203770662334,0.0052155692813356
Santa Catarina,Mulheres,70-74,0.0067971219067671,43.02666972738417,0.0067959739728424
Santa Catarina,Mulheres,75-79,0.0090259063788117,29.9457510987649,0.0090199795287869
Santa Catarina,Mulheres,80-84,0.0118941130755401,20.999490782844155,0.0118843532555203
Santa Catarina,Mulheres,85-89,0.0118811396124234,10.976327732117634,0.0117830928806249
Santa Catarina,Mulheres,90+,0.0032486920761157,1.5647044906262693,0.0028383066951673
Santa Catarina,Homens,0,0.0043984313295264,52.31720421756096,0.0043497080428967
Santa Catarina,Homens,1-4,0.0003426870331461,139.08386603304024,0.0003422843576031
Santa Catarina,Homens,5-9,7.941434724322917e-05,33.955746288237414,7.193637875310569e-05
Santa Catarina,Homens,10-14,0.0002427242438728,138.90680600135795,0.0002407735477469
Santa Catarina,Homens,15-19,0.0009248245940937,118.03682931966016,0.0009209079574609
Santa Catarina,Homens,20-24,7.78943518607742e-05,4.112860164149603,7.23913152686989e-05
Santa Catarina,Homens,25-29,0.0001913097214315,9.12942979258378,0.0001502669710142
Santa Catarina,Homens,30-34,0.001178576028557,102.6070788227021,0.0011775569511175
Santa Catarina,Homens,35-39,0.0012933618582326,90.5840517509894,0.0012862916116635
Santa Catarina,Homens,40-44,0.0018663641912351,93.519307812972,0.0018659896483387
Santa Catarina,Homens,45-49,0.0023509196607403,72.07850398741175,0.0023394677564971
Santa Catarina,Homens,50-54,0.0031923765714015,63.5765095981094,0.0031891673011017
Santa Catarina,Homens,55-59,0.0041958297453324,54.077607090277866,0.0041877907714583
Santa Catarina,Homens,60-64,0.0054117873141914,44.35684860963182,0.0054059744078259
Santa Catarina,Homens,65-69,0.007434507235531,40.25339128067933,0.0074286420713321
Santa Catarina,Homens,70-74,0.0072233018138594,25.05906021205388,0.0072098151997497
Santa Catarina,Homens,75-79,0.0086519011945142,17.869239032674102,0.0086313381114309
Santa Catarina,Homens,80-84,0.0083536013185041,10.040216322245646,0.0082108941617336
Santa Catarina,Homens,85-89,0.0134563759518588,8.666955005287013,0.0127631386799621
Santa Catarina,Homens,90+,0.0164559273163662,7.081751636650599,0.0162160549788088
Sergipe,Ambos,0,0.0021150644039467,11.41474814878484,0.001947004363791
Sergipe,Ambos,1-4,0.000355280828977,97.14998904792633,0.0003506681290337
Sergipe,Ambos,5-9,0.0002074384840975,143.37167782373882,0.0002071568454689
Sergipe,Ambos,10-14,0.0002941660889158,145.5618999724188,0.0002932209135625
Sergipe,Ambos,15-19,0.0011717184236314,107.64722063353088,0.0011508669515176
Sergipe,Ambos,20-24,0.000159862976506,6.362909632183336,0.000145570459307
Sergipe,Ambos,25-29,0.0003761927272038,12.897026315243062,0.0002910722790601
Sergipe,Ambos,30-34,0.0003343940467567,11.654359642202651,0.0002567757946552
Sergipe,Ambos,35-39,0.0003514415605775,11.450321781953608,0.0003104868416172
Sergipe,Ambos,40-44,0.0017365347166997,73.34570034414858,0.0017244798600364
Sergipe,Ambos,45-49,0.002214654593948,68.19029180439111,0.0021884462755716
Sergipe,Ambos,50-54,0.0027868258469187,59.47557253356349,0.0027692940318186
Sergipe,Ambos,55-59,0.0036324865745629,53.093059063498,0.0035972993058907
Sergipe,Ambos,60-64,0.004975567604537,49.630147097188505,0.0049723016463137
Sergipe,Ambos,65-69,0.0056741342584229,36.35016767250161,0.0056661006623293
Sergipe,Ambos,70-74,0.0066903033469464,29.14916266589592,0.0066412131194967
Sergipe,Ambos,75-79,0.0027043237424441,5.194672933673043,0.0022946326218166
Sergipe,Ambos,80-84,0.0024229301767906,3.088823883674834,0.0022515578952138
Sergipe,Ambos,85-89,0.0059382115193109,4.137601956395868,0.0051127786685478
Sergipe,Ambos,90+,0.0053504639303762,2.620390613156638,0.0049459500960041
Sergipe,Mulheres,0,0.00495547014881,38.796741810147935,0.004819162421062
Sergipe,Mulheres,1-4,0.0002748767425255,81.69923522524704,0.0002646932858668
Sergipe,Mulheres,5-9,0.0001666467047526,152.03572434254275,0.0001661320012507
Sergipe,Mulheres,10-14,0.0002427700459364,149.1743649377741,0.0002419725232751
Sergipe,Mulheres,15-19,0.0003803463112922,132.36502015352596,0.0003788942897937
Sergipe,Mulheres,20-24,0.0004230651564913,128.08031678856446,0.0004224115278283
Sergipe,Mulheres,25-29,0.0004400678815567,109.426032061943,0.0004339418544313
Sergipe,Mulheres,30-34,0.0006250528580311,103.1319455139333,0.0006210507155832
Sergipe,Mulheres,35-39,0.0008315952583613,93.824689966034,0.0008279651001898
Sergipe,Mulheres,40-44,0.0011001829169659,85.43826612532077,0.00109393299311
Sergipe,Mulheres,45-49,0.0015697998613938,79.64239141821474,0.0015649743432231
Sergipe,Mulheres,50-54,0.002262803109258,73.74628885370154,0.0022614419636761
Sergipe,Mulheres,55-59,0.0030764186838077,65.23848546816676,0.0030499912482725
Sergipe,Mulheres,60-64,0.0001181270100976,1.178948467732623,0.0001115654829212
Sergipe,Mulheres,65-69,0.0049401339554764,42.76812000364632,0.0049231302390264
Sergipe,Mulheres,70-74,0.0011435872518303,4.434435862251116,0.0009128933683251
Sergipe,Mulheres,75-79,0.001784746125742,3.957447743233264,0.0014535980514443
Sergipe,Mulheres,80-84,0.0104019236412215,17.736857183027904,0.0103586325793554
Sergipe,Mulheres,85-89,0.0060143170810713,4.16343167940042,0.004769720570377
Sergipe,Mulheres,90+,0.0072122347775562,3.579748921565717,0.0063908778273661
Sergipe,Homens,0,0.0046543012664082,27.358958533125584,0.0043090501557497
Sergipe,Homens,1-4,0.0004411996315258,110.7636690050986,0.0004385295851842
Sergipe,Homens,5-9,0.0002498233166134,140.94809716412507,0.0002494383220234
Sergipe,Homens,10-14,0.0003433039528827,142.59295385172393,0.0003418176925501
Sergipe,Homens,15-19,0.0018886766730371,98.41356073987996,0.0018472478298735
Sergipe,Homens,20-24,0.002767302502553,99.10807669375852,0.0027524377507052
Sergipe,Homens,25-29,0.0022465069588116,76.95783084418993,0.0021953162270837
Sergipe,Homens,30-34,0.0005665797471793,11.86063091604625,0.0004236714893925
Sergipe,Homens,35-39,0.0021760602301816,73.46191467438558,0.002163799458791
Sergipe,Homens,40-44,0.0006575955156535,11.88744377952518,0.0005895026163085
Sergipe,Homens,45-49,0.0029977060879248,64.42210418900005,0.0029511611662388
Sergipe,Homens,50-54,0.0033671938099091,50.68264344611186,0.0033040924984085
Sergipe,Homens,55-59,0.0043507096192825,47.19708495230975,0.0043119507111926
Sergipe,Homens,60-64,0.0056808106142231,42.67824036482056,0.0056592900446662
Sergipe,Homens,65-69,0.0066890580351858,32.58555173975415,0.0066660373550517
Sergipe,Homens,70-74,0.0026849161539188,6.944851560440148,0.0023842963875293
Sergipe,Homens,75-79,0.0031581759643482,5.271426493115219,0.0028459641922831
Sergipe,Homens,80-84,0.0019693529107974,2.239333241621276,0.0019201731909595
Sergipe,Homens,85-89,0.0023157015491218,1.4560990652699368,0.0019909359987163
Sergipe,Homens,90+,0.0041910556876002,1.7299281063596228,0.0035835956354062
Sudeste,Ambos,0,0.0044013489301814,47.413256555930175,0.004397132229362
Sudeste,Ambos,1-4,0.0003661486493637,136.41006116406288,0.0003660723707971
Sudeste,Ambos,5-9,0.0001652816344719,155.690927068339,0.0001652606012445
Sudeste,Ambos,10-14,0.0002196357860616,145.3322819893311,0.0002191119094284
Sudeste,Ambos,15-19,0.0007392575717385,112.10810260055702,0.0007358661168447
Sudeste,Ambos,20-24,0.0009500816912632,107.88662413130284,0.0009499145801374
Sudeste,Ambos,25-29,0.0009134826997169,104.65544696257038,0.0009130242926399
Sudeste,Ambos,30-34,0.00101576418013,101.96411146487075,0.0010155456275486
Sudeste,Ambos,35-39,0.0012369140009355,94.4456151227748,0.0012364467419861
Sudeste,Ambos,40-44,0.0015949876848249,85.29227602463081,0.0015939537635739
Sudeste,Ambos,45-49,0.0022198483280427,78.80985967664594,0.0022190854251347
Sudeste,Ambos,50-54,0.0029598467270058,67.59286948836677,0.0029577669306072
Sudeste,Ambos,55-59,0.0038913328035831,57.87635187685246,0.0038883669207311
Sudeste,Ambos,60-64,0.0053351484170421,51.92625667000647,0.0053348307828385
Sudeste,Ambos,65-69,0.0069273763340877,44.857095080893394,0.0069268383886232
Sudeste,Ambos,70-74,0.0079377635345198,33.992513260266435,0.0079339583343804
Sudeste,Ambos,75-79,0.0104156365848524,27.12619863999669,0.0104150079191817
Sudeste,Ambos,80-84,0.011949611773444,18.458151907632505,0.0119455318514073
Sudeste,Ambos,85-89,0.0023610604002873,1.6392359137950736,0.0019388018783832
Sudeste,Ambos,90+,0.0010704220644241,0.4813912258195575,0.0009680326395661
Sudeste,Mulheres,0,0.0043892014208532,52.29951942317577,0.0043762514402848
Sudeste,Mulheres,1-4,0.0003474159690379,138.11440539561116,0.0003473558435301
Sudeste,Mulheres,5-9,0.0001470050734802,159.25062722480652,0.0001469846509249
Sudeste,Mulheres,10-14,0.0001803907053715,154.03201701167652,0.0001803076589697
Sudeste,Mulheres,15-19,0.0003322218091355,139.60446444422357,0.0003320324720632
Sudeste,Mulheres,20-24,0.0004325065806565,137.30176710736433,0.0004323389713193
Sudeste,Mulheres,25-29,0.0004899874018336,128.04139470207042,0.0004898155097487
Sudeste,Mulheres,30-34,0.0006393144697965,119.96000170572314,0.0006391883120047
Sudeste,Mulheres,35-39,0.0008648403420916,107.60311696266484,0.0008641218069243
Sudeste,Mulheres,40-44,0.0012070249333265,99.58256227403814,0.0012064731537532
Sudeste,Mulheres,45-49,0.00173514593114,92.39225020185997,0.0017350625351835
Sudeste,Mulheres,50-54,0.0022885030057278,77.80306310588868,0.0022866379709916
Sudeste,Mulheres,55-59,0.003069545642135,66.71915133047874,0.0030683721968213
Sudeste,Mulheres,60-64,0.0042777907783019,58.90113376557202,0.0042776895954729
Sudeste,Mulheres,65-69,0.0056291559351286,48.94029654840254,0.0056286467136755
Sudeste,Mulheres,70-74,0.006769739710247,38.23896530924205,0.0067622791435288
Sudeste,Mulheres,75-79,0.0096178130977915,30.819890593265317,0.0096162884465658
Sudeste,Mulheres,80-84,0.0115401345539737,20.53226517285091,0.011537217125345
Sudeste,Mulheres,85-89,0.0023783145187075,1.7903495237206617,0.0019432421266758
Sudeste,Mulheres,90+,0.001679125325827,0.7373384232938257,0.001436355298442
Sudeste,Homens,0,0.0044653354390664,44.10658328901797,0.0044623003406776
Sudeste,Homens,1-4,0.0003838682136097,134.47427434302958,0.0003834853669266
Sudeste,Homens,5-9,0.0001822855024104,152.83365518603898,0.0001822465685649
Sudeste,Homens,10-14,0.0002540760455332,137.27510029627737,0.0002528198828765
Sudeste,Homens,15-19,0.0010767270685285,97.51039569673468,0.0010683875549168
Sudeste,Homens,20-24,0.00138162183815,92.95328603608132,0.0013809302919262
Sudeste,Homens,25-29,0.0012882984507429,92.37094581297065,0.001287566917789
Sudeste,Homens,30-34,0.0013641578244374,91.33854246048216,0.001363892812259
Sudeste,Homens,35-39,0.001625202264225,88.14588749266593,0.0016251244709231
Sudeste,Homens,40-44,0.0019499363593344,74.866573737175,0.0019482792278971
Sudeste,Homens,45-49,0.0026413550992865,67.71600072776572,0.0026386372730699
Sudeste,Homens,50-54,0.0036362021520056,60.36425051971105,0.0036342127999423
Sudeste,Homens,55-59,0.0047112135906315,51.08938411984237,0.0047058473154369
Sudeste,Homens,60-64,0.0063087939990731,45.22749153971707,0.0063071294280238
Sudeste,Homens,65-69,0.0081819297219493,40.12513093279865,0.0081803339833331
Sudeste,Homens,70-74,0.00888942890401,28.76797040350725,0.0088854267583125
Sudeste,Homens,75-79,0.0112260505609093,23.06144885206033,0.0112254582631734
Sudeste,Homens,80-84,0.0121414746762363,15.443322871771391,0.0121317048943631
Sudeste,Homens,85-89,0.0021365265759037,1.318394082261133,0.0017972201335208
Sudeste,Homens,90+,0.0187558754482516,9.07070295306254,0.0186938460476388
Sul,Ambos,0,0.0039291137001291,47.5540514590797,0.0039186572035729
Sul,Ambos,1-4,0.0003309659542143,136.47895041540647,0.0003307901165804
Sul,Ambos,5-9,0.0001659216682527,152.26791238157773,0.0001658229699105
Sul,Ambos,10-14,0.0002259472063027,149.20435098284315,0.0002255059248249
Sul,Ambos,15-19,5.902001515979015e-05,5.3673532721053165,5.207867852589447e-05
Sul,Ambos,20-24,6.844216890055156e-05,4.125271414407507,5.587813339644962e-05
Sul,Ambos,25-29,0.0001210574009265,6.648635374692138,9.199541192342552e-05
Sul,Ambos,30-34,0.0010685520929418,107.713839801084,0.0010665161787645
Sul,Ambos,35-39,0.0013167294246633,106.05881881607158,0.0013156785533208
Sul,Ambos,40-44,0.0016909309478577,95.77673345765652,0.0016886579935052
Sul,Ambos,45-49,0.0021170924441219,80.8070780538285,0.0021146313404047
Sul,Ambos,50-54,0.0028187095997196,70.39922763487405,0.0028153366313132
Sul,Ambos,55-59,0.0036848718513288,59.34057164669285,0.0036805508835534
Sul,Ambos,60-64,0.0050791899290335,52.620616133826445,0.0050791313049994
Sul,Ambos,65-69,0.0065403970201058,43.69413888610661,0.0065394310183454
Sul,Ambos,70-74,0.0076336794638972,32.67758019810663,0.0076271405949398
Sul,Ambos,75-79,0.009577210986865,23.90233651094613,0.0095706628396769
Sul,Ambos,80-84,0.0109969471022832,15.905333651626172,0.0109669794211241
Sul,Ambos,85-89,0.0068160670644699,4.658225084620563,0.0060031755770593
Sul,Ambos,90+,0.0067226351191195,3.113123415486747,0.0063280514053209
Sul,Mulheres,0,0.0038339333638618,51.84341923394555,0.0038227732198066
Sul,Mulheres,1-4,0.0002973409740899,137.12903393350712,0.0002967034283566
Sul,Mulheres,5-9,0.0001562230949659,158.3476305169613,0.0001560971855363
Sul,Mulheres,10-14,0.0001965785869067,156.5985820627024,0.0001965636787276
Sul,Mulheres,15-19,3.550381859899366e-05,7.774104055718904,3.3901525286129385e-05
Sul,Mulheres,20-24,2.0260686912777743e-05,2.986135710163628,1.4825554966253207e-05
Sul,Mulheres,25-29,5.224006265140253e-05,7.087718091707289,4.3857721758972674e-05
Sul,Mulheres,30-34,0.000624061555807,120.6522411939262,0.0006233158025549
Sul,Mulheres,35-39,0.0008813748253434,115.95225128425616,0.0008809126001497
Sul,Mulheres,40-44,0.0012154452279224,103.89676550351216,0.0012136055771144
Sul,Mulheres,45-49,0.001627428956589,92.20811101549064,0.0016271028997738
Sul,Mulheres,50-54,0.0021849492487491,81.04267897754198,0.0021833654042997
Sul,Mulheres,55-59,0.0030037700281622,71.64770541112495,0.0030020454482635
Sul,Mulheres,60-64,0.0040963163103617,60.81509196098509,0.0040962717731624
Sul,Mulheres,65-69,0.0055768409786005,51.63860696547605,0.0055744885232782
Sul,Mulheres,70-74,0.0067851028163502,39.56851125762933,0.006780722526157
Sul,Mulheres,75-79,0.0091312326401773,28.40901985944934,0.0091225719685922
Sul,Mulheres,80-84,0.0113579772308997,18.875980808846585,0.0113363363510012
Sul,Mulheres,85-89,0.0057929547338854,4.270602566536709,0.0050764629264541
Sul,Mulheres,90+,0.0062223498726866,3.1021585801420724,0.0059657197350082
Sul,Homens,0,0.0042614832205052,47.49812517461049,0.0042489174904937
Sul,Homens,1-4,0.0003595351654238,133.84070728278783,0.0003595089693296
Sul,Homens,5-9,0.0001742179320385,145.79591512756863,0.0001740622513068
Sul,Homens,10-14,0.0002500879547002,139.5153658466912,0.0002485718773135
Sul,Homens,15-19,0.0001065881891139,6.355060566665109,9.573662938919748e-05
Sul,Homens,20-24,0.000112848751648,4.366464292667061,9.630860400779436e-05
Sul,Homens,25-29,0.0001702304964916,5.864122266974444,0.0001250529977853
Sul,Homens,30-34,0.0014528003752588,96.62424329240402,0.0014488741938094
Sul,Homens,35-39,0.0016999311296615,96.01630967012107,0.0016977925915576
Sul,Homens,40-44,0.0021061331868072,86.64285277194928,0.0021023089757946
Sul,Homens,45-49,0.0025751197333024,72.22796928785706,0.0025685567365566
Sul,Homens,50-54,0.0034333668160503,62.840329779981886,0.0034279727233631
Sul,Homens,55-59,0.0043612351264452,51.46762683891255,0.0043545229408791
Sul,Homens,60-64,0.0060395934052006,46.42747145622951,0.0060394649424143
Sul,Homens,65-69,0.0074933557294427,37.6677240878516,0.00749273658583
Sul,Homens,70-74,0.008230931940458,26.347364815060704,0.0082187811454757
Sul,Homens,75-79,0.0021672780670735,3.699636948138523,0.002096211137578
Sul,Homens,80-84,0.0099824389173995,11.928749969705624,0.0099137814084471
Sul,Homens,85-89,0.0100617976868759,6.094218698040057,0.0090210544371679
Sul,Homens,90+,0.0063120327375374,2.438434961783677,0.0055951355210452
São Paulo,Ambos,0,0.0042614010150443,48.10385613298798,0.0042584069369937
São Paulo,Ambos,1-4,0.00033678742708,139.2946749804833,0.0003365431103862
São Paulo,Ambos,5-9,0.0001448604182202,153.7258906176118,0.0001448036289415
São Paulo,Ambos,10-14,0.0001836612684971,143.3365348999079,0.0001832738801112
São Paulo,Ambos,15-19,0.0005324489167632,106.15245025939532,0.0005286433828311
São Paulo,Ambos,20-24,0.0007384325731176,107.20408910698792,0.0007381230782976
São Paulo,Ambos,25-29,0.0007469008610592,102.88840393223708,0.0007464202726894
São Paulo,Ambos,30-34,0.0008839178500778,101.3451065501254,0.0008836920274239
São Paulo,Ambos,35-39,0.0011259452943109,96.36487533268657,0.0011253412471466
São Paulo,Ambos,40-44,0.0014882372255375,85.11919791295301,0.0014866865307954
São Paulo,Ambos,45-49,0.0020657559824411,76.83332302578663,0.002063668177019
São Paulo,Ambos,50-54,0.0029158557593168,69.1353092802041,0.0029132009387537
São Paulo,Ambos,55-59,0.0038270444759328,57.8557773842867,0.0038233468772497
São Paulo,Ambos,60-64,0.0051865218046021,50.60157317847707,0.0051850128815819
São Paulo,Ambos,65-69,0.0068887554740669,44.59046325602591,0.006888444548958
São Paulo,Ambos,70-74,0.0074299524841326,30.23731685038599,0.0074012306062083
São Paulo,Ambos,75-79,0.0097648064762139,24.734979782860822,0.0097483412949134
São Paulo,Ambos,80-84,0.010826911972258,16.648475431475358,0.0108084647910294
São Paulo,Ambos,85-89,0.0024706886638261,1.805869972650032,0.0021109646104668
São Paulo,Ambos,90+,0.0024494048120523,0.9887785672379248,0.0021180587930912
São Paulo,Mulheres,0,0.0040019449468635,49.14750485130763,0.0039851750778
São Paulo,Mulheres,1-4,0.0003163430552506,140.42515261412169,0.0003162935608088
São Paulo,Mulheres,5-9,0.0001333471433836,156.1253248221124,0.0001332839297892
São Paulo,Mulheres,10-14,0.0001616070623553,152.20232675418558,0.0001614749943576
São Paulo,Mulheres,15-19,0.0003083774574658,140.0313148918458,0.0003082362752317
São Paulo,Mulheres,20-24,0.0004062095319444,138.7220735804611,0.0004055989875338
São Paulo,Mulheres,25-29,0.0004558502922626,129.91211657278058,0.0004557163084598
São Paulo,Mulheres,30-34,0.0005906772477613,123.9940995087114,0.000590486411976
São Paulo,Mulheres,35-39,0.0007940998525537,111.457125981885,0.0007929399893005
São Paulo,Mulheres,40-44,0.0011485453937741,103.66877311495328,0.0011481085324381
São Paulo,Mulheres,45-49,0.0015700441912915,90.66411817572984,0.0015694996934865
São Paulo,Mulheres,50-54,0.0021840137683924,80.157708388106,0.0021818167688825
São Paulo,Mulheres,55-59,0.0029624699682831,67.28048542047121,0.0029602606735022
São Paulo,Mulheres,60-64,0.0041593338829614,59.06868419682642,0.0041586117187805
São Paulo,Mulheres,65-69,0.0057036945136238,50.62992964023753,0.0057035933296503
São Paulo,Mulheres,70-74,0.0013395372048233,5.401694840971705,0.0012081715219917
São Paulo,Mulheres,75-79,0.0092442283029482,29.045066407588983,0.0092240455178506
São Paulo,Mulheres,80-84,0.0109532080178598,19.796758930187444,0.0109480779755067
São Paulo,Mulheres,85-89,0.0023309216653333,1.8387672097577523,0.0019343184760079
São Paulo,Mulheres,90+,0.0016544257281705,0.693869209382143,0.0014483849865827
São Paulo,Homens,0,0.0042841396437793,44.13047765767703,0.0042794200202436
São Paulo,Homens,1-4,0.0003559117058681,137.9098111409035,0.0003551264180573
São Paulo,Homens,5-9,0.0001552145542258,149.982689031495,0.0001551329509157
São Paulo,Homens,10-14,0.0002038078923732,135.6073925708914,0.0002030263969485
São Paulo,Homens,15-19,0.000705978256039,87.54192703814124,0.0006948802658673
São Paulo,Homens,20-24,0.0010183475613658,92.33407896670477,0.0010180436931939
São Paulo,Homens,25-29,0.0009955754547473,88.62260447703336,0.0009946186788295
São Paulo,Homens,30-34,0.001166141495404,90.5006268180294,0.0011657648015041
São Paulo,Homens,35-39,0.0014614669544459,88.06335227738847,0.0014613180761515
São Paulo,Homens,40-44,0.0018231955582031,74.5234631321264,0.0018208609023075
São Paulo,Homens,45-49,0.0025119621040116,66.2990032535957,0.0025069017362726
São Paulo,Homens,50-54,0.0035641713542966,59.42763910237894,0.0035590826382665
São Paulo,Homens,55-59,0.0046853681018956,50.62772849183871,0.004679427563529
São Paulo,Homens,60-64,0.0063975553160429,45.53919530006768,0.0063966076203495
São Paulo,Homens,65-69,0.0081621520114753,39.47841484071285,0.0081611953809498
São Paulo,Homens,70-74,0.0084183724986212,26.12854778206456,0.0083936149969184
São Paulo,Homens,75-79,0.0108139481379765,21.63001222941175,0.0108093602236573
São Paulo,Homens,80-84,0.0091647775439382,11.130789166306734,0.0090290596607648
São Paulo,Homens,85-89,0.0023668311296999,1.4795994573725135,0.0020543974458546
São Paulo,Homens,90+,0.0167299028604689,7.730961211608575,0.0166953090343847
Tocantins,Ambos,0,0.0046119330071776,44.4578362756569,0.0045074210452605
Tocantins,Ambos,1-4,0.0004503169950611,102.99062105921884,0.0004487871402355
Tocantins,Ambos,5-9,0.0002389357157558,139.87831441147728,0.0002377721861838
Tocantins,Ambos,10-14,0.0003239102161776,131.01287104386964,0.0003211421054262
Tocantins,Ambos,15-19,8.353289292772177e-05,5.376394608611788,7.338259108627741e-05
Tocantins,Ambos,20-24,0.0001764014743118,8.658890280012224,0.0001517174203287
Tocantins,Ambos,25-29,8.95763732221754e-05,4.069613677213058,7.827748043532637e-05
Tocantins,Ambos,30-34,0.0001049891171672,3.9054453523710855,8.570851992311494e-05
Tocantins,Ambos,35-39,0.0004481741078956,15.36022195542892,0.0003912371377253
Tocantins,Ambos,40-44,0.0002986805128474,8.079088499696848,0.0002449792853127
Tocantins,Ambos,45-49,0.0022033410039661,75.56024793263703,0.0021965607271286
Tocantins,Ambos,50-54,0.0027880027704179,70.7419485164596,0.0027856654726104
Tocantins,Ambos,55-59,0.0036010587449916,61.75349478469749,0.0035921787034668
Tocantins,Ambos,60-64,0.0048847143363895,55.50571269301712,0.0048621017690229
Tocantins,Ambos,65-69,0.0053293506746361,38.13093623985458,0.0053230244177826
Tocantins,Ambos,70-74,0.0074566490360872,37.06101302513843,0.0074552929352424
Tocantins,Ambos,75-79,0.0095345118793629,27.14616712484347,0.0095320263820031
Tocantins,Ambos,80-84,0.0129736816449994,21.348201658446424,0.0129661283140166
Tocantins,Ambos,85-89,0.00850592187806,7.387653168000827,0.008153905649645
Tocantins,Ambos,90+,0.0035332971676466,1.848313493291392,0.0034194756755366
Tocantins,Mulheres,0,0.0051051553595875,53.03001210409336,0.0049626652788391
Tocantins,Mulheres,1-4,0.0004301653795414,119.192619866906,0.0004242766900045
Tocantins,Mulheres,5-9,0.000211689244054,135.24349013691457,0.0002100273602117
Tocantins,Mulheres,10-14,4.499551219524181e-05,12.391499432531973,3.918835041656259e-05
Tocantins,Mulheres,15-19,0.0003930252702711,120.93988344838012,0.0003878372126934
Tocantins,Mulheres,20-24,0.0003885289493515,106.30602957765862,0.0003737158431574
Tocantins,Mulheres,25-29,6.517890246023463e-05,6.31356600307628,5.453461074389249e-05
Tocantins,Mulheres,30-34,0.0008668788033513,126.308610977032,0.0008641822980188
Tocantins,Mulheres,35-39,0.0008700544462054,92.99471850541036,0.0008536709564692
Tocantins,Mulheres,40-44,0.0012592169490511,96.36024820802967,0.0012555423775926
Tocantins,Mulheres,45-49,0.0014040993608076,69.76624557402434,0.00139327196264
Tocantins,Mulheres,50-54,0.0018950569946742,70.1499306986307,0.0018788588534208
Tocantins,Mulheres,55-59,0.0002199590371578,3.4772610936518773,0.0001960313620917
Tocantins,Mulheres,60-64,0.0037457522778198,52.81271125683891,0.0037375576697598
Tocantins,Mulheres,65-69,0.0046077988797441,40.45177508667586,0.0045929017786467
Tocantins,Mulheres,70-74,0.0060937891685423,36.87731724293887,0.00608193690384
Tocantins,Mulheres,75-79,0.0084762407785903,27.68110477410052,0.0084522531322271
Tocantins,Mulheres,80-84,0.0122229535313135,21.9625191331068,0.0122137172267936
Tocantins,Mulheres,85-89,0.0096026057425023,8.677514800670588,0.009060359155071
Tocantins,Mulheres,90+,0.0035246427613349,1.705856249051588,0.0030551889466517
Tocantins,Homens,0,0.0042426908063794,37.543741193418825,0.0041010618381093
Tocantins,Homens,1-4,0.0004668299860977,90.68422613095638,0.0004666431869849
Tocantins,Homens,5-9,0.000260125112435,138.5642896390408,0.0002589229306921
Tocantins,Homens,10-14,8.370056229740501e-05,14.541799565095651,7.5225263079189e-05
Tocantins,Homens,15-19,0.000276407694944,12.910689104821598,0.0002714973371557
Tocantins,Homens,20-24,0.0003605185053556,11.309830568255084,0.0003371934105092
Tocantins,Homens,25-29,0.0002081403158182,5.744365573218559,0.0001687014502566
Tocantins,Homens,30-34,0.0002386381696062,5.315654166219375,0.0001712058518882
Tocantins,Homens,35-39,0.0005580689504434,13.440886502683512,0.000490740844851
Tocantins,Homens,40-44,0.0004766997464945,10.200588499028122,0.0004215431840374
Tocantins,Homens,45-49,0.0003177434028707,5.037898539532328,0.0002658014857344
Tocantins,Homens,50-54,0.0036761247831142,70.41585883408007,0.003659382367574
Tocantins,Homens,55-59,0.0043410986995635,58.408509816176114,0.0043295765906328
Tocantins,Homens,60-64,0.0055255145201761,51.58089683994006,0.0054829914611847
Tocantins,Homens,65-69,0.006130825684707,37.55806495951386,0.0061257804626727
Tocantins,Homens,70-74,0.0081837927779094,34.442507411701804,0.0081812493117792
Tocantins,Homens,75-79,0.0100326925869267,25.214763290928143,0.0100283712398885
Tocantins,Homens,80-84,0.0127329360906006,19.217409248669732,0.0127206027945491
Tocantins,Homens,85-89,0.0083438374555411,6.558197756939355,0.0081099202620121
Tocantins,Homens,90+,0.0053151856901649,2.5218093419862955,0.0048331795054791
